[
  {
    "title": "Bhaktapur Bartending & Barista",
    "price": null,
    "categoryName": "Bartending school",
    "address": "Suryabinayak chowk, Bhaktapur 44800, Nepal",
    "neighborhood": "Sipadol",
    "street": "Suryabinayak chowk",
    "city": "Bhaktapur",
    "postalCode": "44800",
    "state": null,
    "countryCode": "NP",
    "website": "http://www.bartending.com.np/",
    "phone": "+977 981-8843645",
    "phoneUnformatted": "+9779818843645",
    "claimThisBusiness": false,
    "location": {
      "lat": 27.6653251,
      "lng": 85.4254639
    },
    "totalScore": 4.8,
    "permanentlyClosed": false,
    "temporarilyClosed": false,
    "placeId": "ChIJLX6J-QUb6zkRA5HVrfuo7Ig",
    "categories": [
      "Bartending school",
      "Coffee shop"
    ],
    "fid": "0x39eb1b05f9897e2d:0x88eca8fbadd59103",
    "cid": "9866446682568626435",
    "reviewsCount": 24,
    "reviewsDistribution": {
      "oneStar": 1,
      "twoStar": 0,
      "threeStar": 0,
      "fourStar": 0,
      "fiveStar": 23
    },
    "imagesCount": 181,
    "imageCategories": [],
    "scrapedAt": "2025-11-14T08:13:59.547Z",
    "googleFoodUrl": null,
    "hotelAds": [],
    "openingHours": [
      {
        "day": "Monday",
        "hours": "7 AM to 6 PM"
      },
      {
        "day": "Tuesday",
        "hours": "7 AM to 6 PM"
      },
      {
        "day": "Wednesday",
        "hours": "7 AM to 6 PM"
      },
      {
        "day": "Thursday",
        "hours": "7 AM to 6 PM"
      },
      {
        "day": "Friday",
        "hours": "7 AM to 6 PM"
      },
      {
        "day": "Saturday",
        "hours": "Closed"
      },
      {
        "day": "Sunday",
        "hours": "7 AM to 6 PM"
      }
    ],
    "peopleAlsoSearch": [],
    "placesTags": [],
    "reviewsTags": [],
    "additionalInfo": {
      "Accessibility": [
        {
          "Wheelchair accessible entrance": false
        },
        {
          "Wheelchair accessible restroom": false
        },
        {
          "Wheelchair accessible seating": false
        }
      ]
    },
    "gasPrices": [],
    "url": "https://www.google.com/maps/search/?api=1&query=Bhaktapur%20Bartending%20%26%20Barista&query_place_id=ChIJLX6J-QUb6zkRA5HVrfuo7Ig",
    "searchPageUrl": "https://www.google.com/maps/search/school/@27.667695459098024,85.42150000000001,17z?hl=en",
    "searchString": "school",
    "language": "en",
    "rank": 58,
    "isAdvertisement": false,
    "imageUrl": "https://lh3.googleusercontent.com/p/AF1QipOkhBbIdQycNyyu2SEhFdDQb-K1vDp83hVv0qFx=w408-h306-k-no",
    "kgmid": "/g/11sgtwy4ng"
  },
  {
    "title": "Bhaktapur Bartending & Barista",
    "price": null,
    "categoryName": "Bartending school",
    "address": "Suryabinayak chowk, Bhaktapur 44800, Nepal",
    "neighborhood": "Sipadol",
    "street": "Suryabinayak chowk",
    "city": "Bhaktapur",
    "postalCode": "44800",
    "state": null,
    "countryCode": "NP",
    "website": "http://www.bartending.com.np/",
    "phone": "+977 981-8843645",
    "phoneUnformatted": "+9779818843645",
    "claimThisBusiness": false,
    "location": {
      "lat": 27.6653251,
      "lng": 85.4254639
    },
    "totalScore": 4.8,
    "permanentlyClosed": false,
    "temporarilyClosed": false,
    "placeId": "ChIJLX6J-QUb6zkRA5HVrfuo7Ig",
    "categories": [
      "Bartending school",
      "Coffee shop"
    ],
    "fid": "0x39eb1b05f9897e2d:0x88eca8fbadd59103",
    "cid": "9866446682568626435",
    "reviewsCount": 24,
    "reviewsDistribution": {
      "oneStar": 1,
      "twoStar": 0,
      "threeStar": 0,
      "fourStar": 0,
      "fiveStar": 23
    },
    "imagesCount": 181,
    "imageCategories": [],
    "scrapedAt": "2025-11-14T08:40:59.377Z",
    "googleFoodUrl": null,
    "hotelAds": [],
    "openingHours": [
      {
        "day": "Monday",
        "hours": "7 AM to 6 PM"
      },
      {
        "day": "Tuesday",
        "hours": "7 AM to 6 PM"
      },
      {
        "day": "Wednesday",
        "hours": "7 AM to 6 PM"
      },
      {
        "day": "Thursday",
        "hours": "7 AM to 6 PM"
      },
      {
        "day": "Friday",
        "hours": "7 AM to 6 PM"
      },
      {
        "day": "Saturday",
        "hours": "Closed"
      },
      {
        "day": "Sunday",
        "hours": "7 AM to 6 PM"
      }
    ],
    "peopleAlsoSearch": [],
    "placesTags": [],
    "reviewsTags": [],
    "additionalInfo": {
      "Accessibility": [
        {
          "Wheelchair accessible entrance": false
        },
        {
          "Wheelchair accessible restroom": false
        },
        {
          "Wheelchair accessible seating": false
        }
      ]
    },
    "gasPrices": [],
    "url": "https://www.google.com/maps/search/?api=1&query=Bhaktapur%20Bartending%20%26%20Barista&query_place_id=ChIJLX6J-QUb6zkRA5HVrfuo7Ig",
    "searchPageUrl": "https://www.google.com/maps/search/school/@27.666993023382226,85.4287066988148,17z?hl=en",
    "searchString": "school",
    "language": "en",
    "rank": 72,
    "isAdvertisement": false,
    "imageUrl": "https://lh3.googleusercontent.com/p/AF1QipOkhBbIdQycNyyu2SEhFdDQb-K1vDp83hVv0qFx=w408-h306-k-no",
    "kgmid": "/g/11sgtwy4ng"
  }
]