[
  {
    "title": "Local library",
    "price": null,
    "categoryName": "Children's library",
    "address": "MFMM+JRG, Mahamanjushree Nagarkot, Nepal",
    "neighborhood": "Sudal",
    "street": "MFMM+JRG",
    "city": "Mahamanjushree Nagarkot",
    "postalCode": null,
    "state": null,
    "countryCode": "NP",
    "claimThisBusiness": true,
    "location": {
      "lat": 27.6840589,
      "lng": 85.4845907
    },
    "permanentlyClosed": false,
    "temporarilyClosed": false,
    "placeId": "ChIJg-CYXAAF6zkRf2tidHIa_Co",
    "categories": [
      "Children's library"
    ],
    "fid": "0x39eb05005c98e083:0x2afc1a7274626b7f",
    "cid": "3097379722605259647",
    "reviewsCount": 0,
    "imagesCount": 1,
    "imageCategories": [],
    "scrapedAt": "2025-11-14T10:21:02.747Z",
    "googleFoodUrl": null,
    "hotelAds": [],
    "openingHours": [],
    "peopleAlsoSearch": [],
    "placesTags": [],
    "reviewsTags": [],
    "gasPrices": [],
    "url": "https://www.google.com/maps/search/?api=1&query=Local%20library&query_place_id=ChIJg-CYXAAF6zkRf2tidHIa_Co",
    "searchPageUrl": "https://www.google.com/maps/search/library/@27.680106502310814,85.47401122639685,17z?hl=en",
    "searchString": "library",
    "language": "en",
    "rank": 1,
    "isAdvertisement": false,
    "imageUrl": "https://streetviewpixels-pa.googleapis.com/v1/thumbnail?panoid=XIrJ0LbsDbJOKqH29LH_tQ&cb_client=search.gws-prod.gps&w=408&h=240&yaw=325.61667&pitch=0&thumbfov=100",
    "kgmid": "/g/11wvrp_cnk"
  }
]