[
  {
    "title": "Prabhat School",
    "price": null,
    "categoryName": "Combined primary and secondary school",
    "address": "Prabhat Eng. HS School, Byasi Nagarkot Rd, Bhaktapur 44800, Nepal",
    "neighborhood": null,
    "street": "Prabhat Eng. HS School, Byasi Nagarkot Rd",
    "city": "Bhaktapur",
    "postalCode": "44800",
    "state": null,
    "countryCode": "NP",
    "claimThisBusiness": true,
    "location": {
      "lat": 27.6757616,
      "lng": 85.4306625
    },
    "permanentlyClosed": false,
    "temporarilyClosed": false,
    "placeId": "ChIJEaR6ubEa6zkR4i95Y1SWaOg",
    "categories": [
      "Combined primary and secondary school"
    ],
    "fid": "0x39eb1ab1b97aa411:0xe868965463792fe2",
    "cid": "16746800503567495138",
    "reviewsCount": 0,
    "imagesCount": 14,
    "imageCategories": [],
    "scrapedAt": "2025-11-14T08:13:31.793Z",
    "googleFoodUrl": null,
    "hotelAds": [],
    "openingHours": [],
    "peopleAlsoSearch": [],
    "placesTags": [],
    "reviewsTags": [],
    "gasPrices": [],
    "url": "https://www.google.com/maps/search/?api=1&query=Prabhat%20School&query_place_id=ChIJEaR6ubEa6zkR4i95Y1SWaOg",
    "searchPageUrl": "https://www.google.com/maps/search/school/@27.67530454090198,85.43009086349416,17z?hl=en",
    "searchString": "school",
    "language": "en",
    "rank": 7,
    "isAdvertisement": false,
    "imageUrl": "https://lh3.googleusercontent.com/gps-cs-s/AG0ilSzKENXGhCcfEJtbpCDUsnTRDYaKz3kP-47xWCHfCfile5bptuchg8oLwPry4L_H-Jr4TSCObTZ_qwU7ksU6leYVeu1HbMezjb7ty8s2YSYUuQShLIcRpKBj_jvoG0oTBsvRqyA=w408-h306-k-no",
    "kgmid": "/g/11g70w8xbq"
  },
  {
    "title": "शान्ति - निकेतन अावसीय माघ्यमिक विद्यालय",
    "price": null,
    "categoryName": "Combined primary and secondary school",
    "address": "Araniko Highway, Suryabinayak 44800, Nepal",
    "neighborhood": "Katunje",
    "street": "Araniko Highway",
    "city": "Suryabinayak",
    "postalCode": "44800",
    "state": null,
    "countryCode": "NP",
    "phone": "+977 1-5092192",
    "phoneUnformatted": "+97715092192",
    "claimThisBusiness": false,
    "location": {
      "lat": 27.6670023,
      "lng": 85.4164833
    },
    "permanentlyClosed": false,
    "temporarilyClosed": false,
    "placeId": "ChIJwbFeUJ8a6zkRHEMe_SeAqFE",
    "categories": [
      "Combined primary and secondary school"
    ],
    "fid": "0x39eb1a9f505eb1c1:0x51a88027fd1e431c",
    "cid": "5884093822398251804",
    "reviewsCount": 0,
    "imagesCount": 15,
    "imageCategories": [],
    "scrapedAt": "2025-11-14T08:13:59.547Z",
    "googleFoodUrl": null,
    "hotelAds": [],
    "openingHours": [
      {
        "day": "Monday",
        "hours": "10 AM to 4 PM"
      },
      {
        "day": "Tuesday",
        "hours": "10 AM to 4 PM"
      },
      {
        "day": "Wednesday",
        "hours": "10 AM to 4 PM"
      },
      {
        "day": "Thursday",
        "hours": "10 AM to 4 PM"
      },
      {
        "day": "Friday",
        "hours": "10 AM to 4 PM"
      },
      {
        "day": "Saturday",
        "hours": "Closed"
      },
      {
        "day": "Sunday",
        "hours": "10 AM to 4 PM"
      }
    ],
    "peopleAlsoSearch": [],
    "placesTags": [],
    "reviewsTags": [],
    "gasPrices": [],
    "url": "https://www.google.com/maps/search/?api=1&query=%E0%A4%B6%E0%A4%BE%E0%A4%A8%E0%A5%8D%E0%A4%A4%E0%A4%BF%20-%20%E0%A4%A8%E0%A4%BF%E0%A4%95%E0%A5%87%E0%A4%A4%E0%A4%A8%20%E0%A4%85%E0%A4%BE%E0%A4%B5%E0%A4%B8%E0%A5%80%E0%A4%AF%20%E0%A4%AE%E0%A4%BE%E0%A4%98%E0%A5%8D%E0%A4%AF%E0%A4%AE%E0%A4%BF%E0%A4%95%20%E0%A4%B5%E0%A4%BF%E0%A4%A6%E0%A5%8D%E0%A4%AF%E0%A4%BE%E0%A4%B2%E0%A4%AF&query_place_id=ChIJwbFeUJ8a6zkRHEMe_SeAqFE",
    "searchPageUrl": "https://www.google.com/maps/search/school/@27.667695459098024,85.42150000000001,17z?hl=en",
    "searchString": "school",
    "language": "en",
    "rank": 43,
    "isAdvertisement": false,
    "imageUrl": "https://lh3.googleusercontent.com/p/AF1QipMA1UXZYczoSYWtl4a8rt6uOSsG4xbIz7uMJnsZ=w408-h306-k-no",
    "kgmid": "/g/11b6s3d3vr"
  },
  {
    "title": "Prabhat School",
    "price": null,
    "categoryName": "Combined primary and secondary school",
    "address": "Prabhat Eng. HS School, Byasi Nagarkot Rd, Bhaktapur 44800, Nepal",
    "neighborhood": null,
    "street": "Prabhat Eng. HS School, Byasi Nagarkot Rd",
    "city": "Bhaktapur",
    "postalCode": "44800",
    "state": null,
    "countryCode": "NP",
    "claimThisBusiness": true,
    "location": {
      "lat": 27.6757616,
      "lng": 85.4306625
    },
    "permanentlyClosed": false,
    "temporarilyClosed": false,
    "placeId": "ChIJEaR6ubEa6zkR4i95Y1SWaOg",
    "categories": [
      "Combined primary and secondary school"
    ],
    "fid": "0x39eb1ab1b97aa411:0xe868965463792fe2",
    "cid": "16746800503567495138",
    "reviewsCount": 0,
    "imagesCount": 14,
    "imageCategories": [],
    "scrapedAt": "2025-11-14T08:41:04.210Z",
    "googleFoodUrl": null,
    "hotelAds": [],
    "openingHours": [],
    "peopleAlsoSearch": [],
    "placesTags": [],
    "reviewsTags": [],
    "gasPrices": [],
    "url": "https://www.google.com/maps/search/?api=1&query=Prabhat%20School&query_place_id=ChIJEaR6ubEa6zkR4i95Y1SWaOg",
    "searchPageUrl": "https://www.google.com/maps/search/school/@27.689813953235532,85.43729330118518,17z?hl=en",
    "searchString": "school",
    "language": "en",
    "rank": 19,
    "isAdvertisement": false,
    "imageUrl": "https://lh3.googleusercontent.com/gps-cs-s/AG0ilSzKENXGhCcfEJtbpCDUsnTRDYaKz3kP-47xWCHfCfile5bptuchg8oLwPry4L_H-Jr4TSCObTZ_qwU7ksU6leYVeu1HbMezjb7ty8s2YSYUuQShLIcRpKBj_jvoG0oTBsvRqyA=w408-h306-k-no",
    "kgmid": "/g/11g70w8xbq"
  },
  {
    "title": "शान्ति - निकेतन अावसीय माघ्यमिक विद्यालय",
    "price": null,
    "categoryName": "Combined primary and secondary school",
    "address": "Araniko Highway, Suryabinayak 44800, Nepal",
    "neighborhood": "Katunje",
    "street": "Araniko Highway",
    "city": "Suryabinayak",
    "postalCode": "44800",
    "state": null,
    "countryCode": "NP",
    "phone": "+977 1-5092192",
    "phoneUnformatted": "+97715092192",
    "claimThisBusiness": false,
    "location": {
      "lat": 27.6670023,
      "lng": 85.4164833
    },
    "permanentlyClosed": false,
    "temporarilyClosed": false,
    "placeId": "ChIJwbFeUJ8a6zkRHEMe_SeAqFE",
    "categories": [
      "Combined primary and secondary school"
    ],
    "fid": "0x39eb1a9f505eb1c1:0x51a88027fd1e431c",
    "cid": "5884093822398251804",
    "reviewsCount": 0,
    "imagesCount": 15,
    "imageCategories": [],
    "scrapedAt": "2025-11-14T08:42:48.209Z",
    "googleFoodUrl": null,
    "hotelAds": [],
    "openingHours": [
      {
        "day": "Monday",
        "hours": "10 AM to 4 PM"
      },
      {
        "day": "Tuesday",
        "hours": "10 AM to 4 PM"
      },
      {
        "day": "Wednesday",
        "hours": "10 AM to 4 PM"
      },
      {
        "day": "Thursday",
        "hours": "10 AM to 4 PM"
      },
      {
        "day": "Friday",
        "hours": "10 AM to 4 PM"
      },
      {
        "day": "Saturday",
        "hours": "Closed"
      },
      {
        "day": "Sunday",
        "hours": "10 AM to 4 PM"
      }
    ],
    "peopleAlsoSearch": [],
    "placesTags": [],
    "reviewsTags": [],
    "gasPrices": [],
    "url": "https://www.google.com/maps/search/?api=1&query=%E0%A4%B6%E0%A4%BE%E0%A4%A8%E0%A5%8D%E0%A4%A4%E0%A4%BF%20-%20%E0%A4%A8%E0%A4%BF%E0%A4%95%E0%A5%87%E0%A4%A4%E0%A4%A8%20%E0%A4%85%E0%A4%BE%E0%A4%B5%E0%A4%B8%E0%A5%80%E0%A4%AF%20%E0%A4%AE%E0%A4%BE%E0%A4%98%E0%A5%8D%E0%A4%AF%E0%A4%AE%E0%A4%BF%E0%A4%95%20%E0%A4%B5%E0%A4%BF%E0%A4%A6%E0%A5%8D%E0%A4%AF%E0%A4%BE%E0%A4%B2%E0%A4%AF&query_place_id=ChIJwbFeUJ8a6zkRHEMe_SeAqFE",
    "searchPageUrl": "https://www.google.com/maps/search/school/@27.666993023382226,85.41153349407406,17z?hl=en",
    "searchString": "school",
    "language": "en",
    "rank": 10,
    "isAdvertisement": false,
    "imageUrl": "https://lh3.googleusercontent.com/p/AF1QipMA1UXZYczoSYWtl4a8rt6uOSsG4xbIz7uMJnsZ=w408-h306-k-no",
    "kgmid": "/g/11b6s3d3vr"
  }
]