[
  {
    "title": "Bhaktapur International Polyclinic",
    "price": null,
    "categoryName": "Education center",
    "address": "Ramdevi Complex, Bhaktapur 44800, Nepal",
    "neighborhood": null,
    "street": "Ramdevi Complex",
    "city": "Bhaktapur",
    "postalCode": "44800",
    "state": null,
    "countryCode": "NP",
    "phone": "+977 986-0536665",
    "phoneUnformatted": "+9779860536665",
    "claimThisBusiness": false,
    "location": {
      "lat": 27.667315,
      "lng": 85.4260301
    },
    "permanentlyClosed": false,
    "temporarilyClosed": false,
    "placeId": "ChIJoa-7528b6zkR1JWtXTVt3S8",
    "categories": [
      "Education center",
      "Career guidance service",
      "Consultant",
      "Student career counseling office"
    ],
    "fid": "0x39eb1b6fe7bbafa1:0x2fdd6d355dad95d4",
    "cid": "3449032965608019412",
    "reviewsCount": 0,
    "imagesCount": 6,
    "imageCategories": [],
    "scrapedAt": "2025-11-14T08:13:50.732Z",
    "googleFoodUrl": null,
    "hotelAds": [],
    "openingHours": [],
    "peopleAlsoSearch": [],
    "placesTags": [],
    "reviewsTags": [],
    "additionalInfo": {
      "Accessibility": [
        {
          "Wheelchair accessible parking lot": true
        }
      ]
    },
    "gasPrices": [],
    "url": "https://www.google.com/maps/search/?api=1&query=Bhaktapur%20International%20Polyclinic&query_place_id=ChIJoa-7528b6zkR1JWtXTVt3S8",
    "searchPageUrl": "https://www.google.com/maps/search/hospital/@27.667695459098024,85.42150000000001,17z?hl=en",
    "searchString": "hospital",
    "language": "en",
    "rank": 31,
    "isAdvertisement": false,
    "imageUrl": "https://lh3.googleusercontent.com/gps-cs-s/AG0ilSxfm_Vresm2eLwKuUCsnjIaMr7Ogo0lSnZ04Pxb2y7KmuDivypH7QFx9-u8cO2xdXTptRgjgJnFUqvQYl5yGvdwf-FKZxogHuaiYsUypGmY52ZA443Zo2VHT1uMdTLiJI09CMJg=w408-h272-k-no",
    "kgmid": "/g/11r3lb3t8f"
  }
]