[
  {
    "title": "Serene Ken English School",
    "subTitle": "सिरीन केन अंग्रेजी स्कूल",
    "price": null,
    "categoryName": "English language school",
    "address": "MCHH+6RQ, Mandev Marg, Bhaktapur 44800, Nepal",
    "neighborhood": null,
    "street": "MCHH+6RQ, Mandev Marg",
    "city": "Bhaktapur",
    "postalCode": "44800",
    "state": null,
    "countryCode": "NP",
    "phone": "+977 1-6614364",
    "phoneUnformatted": "+97716614364",
    "claimThisBusiness": true,
    "location": {
      "lat": 27.6780972,
      "lng": 85.4296057
    },
    "totalScore": 3,
    "permanentlyClosed": false,
    "temporarilyClosed": false,
    "placeId": "ChIJjdSh4bAa6zkRYjCGCBwTgbM",
    "categories": [
      "English language school"
    ],
    "fid": "0x39eb1ab0e1a1d48d:0xb381131c08863062",
    "cid": "12934640615907799138",
    "reviewsCount": 2,
    "reviewsDistribution": {
      "oneStar": 1,
      "twoStar": 0,
      "threeStar": 0,
      "fourStar": 0,
      "fiveStar": 1
    },
    "imagesCount": 33,
    "imageCategories": [],
    "scrapedAt": "2025-11-14T08:13:34.374Z",
    "googleFoodUrl": null,
    "hotelAds": [],
    "openingHours": [],
    "peopleAlsoSearch": [],
    "placesTags": [],
    "reviewsTags": [],
    "gasPrices": [],
    "url": "https://www.google.com/maps/search/?api=1&query=Serene%20Ken%20English%20School&query_place_id=ChIJjdSh4bAa6zkRYjCGCBwTgbM",
    "searchPageUrl": "https://www.google.com/maps/search/school/@27.67530454090198,85.43009086349416,17z?hl=en",
    "searchString": "school",
    "language": "en",
    "rank": 56,
    "isAdvertisement": false,
    "imageUrl": "https://lh3.googleusercontent.com/gps-cs-s/AG0ilSwBOXZ-PX4tKBqQnWdI1R-o755ClhERY6dp1sshEEpb9pDoPs_SDZf72mizlbSbEET9xThq1i9_lo6IqzM7DgQDvlRLiK79wHRqqU7oTbxm6LG6gcLxtrq6HeU2c37a_FchvMM=w408-h306-k-no",
    "kgmid": "/g/11g69gh4rc"
  },
  {
    "title": "Shree Deep Saraswoti English Sec. School",
    "price": null,
    "categoryName": "English language school",
    "address": "PC2R+FFM, Changunarayan, Nepal",
    "neighborhood": "Chhaling",
    "street": "PC2R+FFM",
    "city": "Changunarayan",
    "postalCode": null,
    "state": null,
    "countryCode": "NP",
    "phone": "+977 1-6614341",
    "phoneUnformatted": "+97716614341",
    "claimThisBusiness": true,
    "location": {
      "lat": 27.7012036,
      "lng": 85.4411606
    },
    "permanentlyClosed": false,
    "temporarilyClosed": false,
    "placeId": "ChIJ7wydzKMF6zkRINQMMXNF7N8",
    "categories": [
      "English language school"
    ],
    "fid": "0x39eb05a3cc9d0cef:0xdfec4573310cd420",
    "cid": "16135347926008124448",
    "reviewsCount": 0,
    "imagesCount": null,
    "imageCategories": [],
    "scrapedAt": "2025-11-14T08:42:40.503Z",
    "googleFoodUrl": null,
    "hotelAds": [],
    "openingHours": [
      {
        "day": "Monday",
        "hours": "9 AM to 5:30 PM"
      },
      {
        "day": "Tuesday",
        "hours": "9 AM to 5:30 PM"
      },
      {
        "day": "Wednesday",
        "hours": "9 AM to 5:30 PM"
      },
      {
        "day": "Thursday",
        "hours": "9 AM to 5:30 PM"
      },
      {
        "day": "Friday",
        "hours": "9 AM to 5:30 PM"
      },
      {
        "day": "Saturday",
        "hours": "Closed"
      },
      {
        "day": "Sunday",
        "hours": "9 AM to 5:30 PM"
      }
    ],
    "peopleAlsoSearch": [],
    "placesTags": [],
    "reviewsTags": [],
    "gasPrices": [],
    "url": "https://www.google.com/maps/search/?api=1&query=Shree%20Deep%20Saraswoti%20English%20Sec.%20School&query_place_id=ChIJ7wydzKMF6zkRINQMMXNF7N8",
    "searchPageUrl": "https://www.google.com/maps/search/school/@27.70502790647107,85.44587990355555,17z?hl=en",
    "searchString": "school",
    "language": "en",
    "rank": 1,
    "isAdvertisement": false,
    "kgmid": "/g/11ghq6b67b"
  },
  {
    "title": "Future Star English Secondary School",
    "price": null,
    "categoryName": "English language school",
    "address": "MC5J+WH2 Khapi, Suryabinayak 8, Nepal",
    "neighborhood": "Sipadol",
    "street": "MC5J+WH2 Khapi",
    "city": "Suryabinayak",
    "postalCode": "8",
    "state": null,
    "countryCode": "NP",
    "phone": "+977 985-1174496",
    "phoneUnformatted": "+9779851174496",
    "claimThisBusiness": true,
    "location": {
      "lat": 27.6597613,
      "lng": 85.4314027
    },
    "totalScore": 4,
    "permanentlyClosed": false,
    "temporarilyClosed": false,
    "placeId": "ChIJFecZAtgR6zkRczmz048jVVg",
    "categories": [
      "English language school"
    ],
    "fid": "0x39eb11d80219e715:0x5855238fd3b33973",
    "cid": "6365032748997097843",
    "reviewsCount": 4,
    "imagesCount": 2,
    "imageCategories": [],
    "scrapedAt": "2025-11-14T08:42:40.561Z",
    "googleFoodUrl": null,
    "hotelAds": [],
    "openingHours": [],
    "peopleAlsoSearch": [],
    "placesTags": [],
    "reviewsTags": [],
    "additionalInfo": {
      "Accessibility": [
        {
          "Wheelchair accessible entrance": true
        },
        {
          "Wheelchair accessible parking lot": true
        }
      ]
    },
    "gasPrices": [],
    "url": "https://www.google.com/maps/search/?api=1&query=Future%20Star%20English%20Secondary%20School&query_place_id=ChIJFecZAtgR6zkRczmz048jVVg",
    "searchPageUrl": "https://www.google.com/maps/search/school/@27.659386046764457,85.4287066988148,17z?hl=en",
    "searchString": "school",
    "language": "en",
    "rank": 4,
    "isAdvertisement": false,
    "imageUrl": "https://streetviewpixels-pa.googleapis.com/v1/thumbnail?panoid=nbWzPt8R7-btXh-2K5EKcA&cb_client=search.gws-prod.gps&w=408&h=240&yaw=263.33856&pitch=0&thumbfov=100",
    "kgmid": "/g/11h18kznl4"
  }
]