[
  {
    "title": "Suryabinayak Mini Krishi Farm",
    "price": null,
    "categoryName": "Farm school",
    "address": "MC8G+7WP, Bhaktapur 44800, Nepal",
    "neighborhood": null,
    "street": "MC8G+7WP",
    "city": "Bhaktapur",
    "postalCode": "44800",
    "state": null,
    "countryCode": "NP",
    "claimThisBusiness": true,
    "location": {
      "lat": 27.6657136,
      "lng": 85.427336
    },
    "permanentlyClosed": false,
    "temporarilyClosed": false,
    "placeId": "ChIJLyFmYX0b6zkRalxdNzjFk3I",
    "categories": [
      "Farm school"
    ],
    "fid": "0x39eb1b7d6166212f:0x7293c538375d5c6a",
    "cid": "8256159387137956970",
    "reviewsCount": 0,
    "imagesCount": 1,
    "imageCategories": [],
    "scrapedAt": "2025-11-14T08:13:59.547Z",
    "googleFoodUrl": null,
    "hotelAds": [],
    "openingHours": [],
    "peopleAlsoSearch": [],
    "placesTags": [],
    "reviewsTags": [],
    "gasPrices": [],
    "url": "https://www.google.com/maps/search/?api=1&query=Suryabinayak%20Mini%20Krishi%20Farm&query_place_id=ChIJLyFmYX0b6zkRalxdNzjFk3I",
    "searchPageUrl": "https://www.google.com/maps/search/school/@27.667695459098024,85.42150000000001,17z?hl=en",
    "searchString": "school",
    "language": "en",
    "rank": 57,
    "isAdvertisement": false,
    "imageUrl": "https://streetviewpixels-pa.googleapis.com/v1/thumbnail?panoid=OF7qsTrelCsJWUuFU9w3Yw&cb_client=search.gws-prod.gps&w=408&h=240&yaw=109.7425&pitch=0&thumbfov=100",
    "kgmid": "/g/11n7zrzbpj"
  },
  {
    "title": "Suryabinayak Mini Krishi Farm",
    "price": null,
    "categoryName": "Farm school",
    "address": "MC8G+7WP, Bhaktapur 44800, Nepal",
    "neighborhood": null,
    "street": "MC8G+7WP",
    "city": "Bhaktapur",
    "postalCode": "44800",
    "state": null,
    "countryCode": "NP",
    "claimThisBusiness": true,
    "location": {
      "lat": 27.6657136,
      "lng": 85.427336
    },
    "permanentlyClosed": false,
    "temporarilyClosed": false,
    "placeId": "ChIJLyFmYX0b6zkRalxdNzjFk3I",
    "categories": [
      "Farm school"
    ],
    "fid": "0x39eb1b7d6166212f:0x7293c538375d5c6a",
    "cid": "8256159387137956970",
    "reviewsCount": 0,
    "imagesCount": 1,
    "imageCategories": [],
    "scrapedAt": "2025-11-14T08:40:59.377Z",
    "googleFoodUrl": null,
    "hotelAds": [],
    "openingHours": [],
    "peopleAlsoSearch": [],
    "placesTags": [],
    "reviewsTags": [],
    "gasPrices": [],
    "url": "https://www.google.com/maps/search/?api=1&query=Suryabinayak%20Mini%20Krishi%20Farm&query_place_id=ChIJLyFmYX0b6zkRalxdNzjFk3I",
    "searchPageUrl": "https://www.google.com/maps/search/school/@27.666993023382226,85.4287066988148,17z?hl=en",
    "searchString": "school",
    "language": "en",
    "rank": 67,
    "isAdvertisement": false,
    "imageUrl": "https://streetviewpixels-pa.googleapis.com/v1/thumbnail?panoid=OF7qsTrelCsJWUuFU9w3Yw&cb_client=search.gws-prod.gps&w=408&h=240&yaw=109.7425&pitch=0&thumbfov=100",
    "kgmid": "/g/11n7zrzbpj"
  },
  {
    "title": "Aarogya Farms Katunje",
    "price": null,
    "categoryName": "Farm school",
    "address": "Bhaktapur 44800, Nepal",
    "neighborhood": "Katunje",
    "street": null,
    "city": "Bhaktapur",
    "postalCode": "44800",
    "state": null,
    "countryCode": "NP",
    "phone": "+977 986-9768833",
    "phoneUnformatted": "+9779869768833",
    "claimThisBusiness": false,
    "location": {
      "lat": 27.6604304,
      "lng": 85.4084352
    },
    "totalScore": 5,
    "permanentlyClosed": false,
    "temporarilyClosed": false,
    "placeId": "ChIJQ5s7sNUR6zkRAmMaVl5Ykos",
    "categories": [
      "Farm school"
    ],
    "fid": "0x39eb11d5b03b9b43:0x8b92585e561a6302",
    "cid": "10057198080066478850",
    "reviewsCount": 3,
    "imagesCount": 13,
    "imageCategories": [],
    "scrapedAt": "2025-11-14T08:41:25.070Z",
    "googleFoodUrl": null,
    "hotelAds": [],
    "openingHours": [
      {
        "day": "Monday",
        "hours": "9 AM to 5 PM"
      },
      {
        "day": "Tuesday",
        "hours": "9 AM to 5 PM"
      },
      {
        "day": "Wednesday",
        "hours": "9 AM to 5 PM"
      },
      {
        "day": "Thursday",
        "hours": "9 AM to 5 PM"
      },
      {
        "day": "Friday",
        "hours": "9 AM to 5 PM"
      },
      {
        "day": "Saturday",
        "hours": "7 to 10:30 AM"
      },
      {
        "day": "Sunday",
        "hours": "7 to 10 AM"
      }
    ],
    "peopleAlsoSearch": [],
    "placesTags": [],
    "reviewsTags": [],
    "gasPrices": [],
    "url": "https://www.google.com/maps/search/?api=1&query=Aarogya%20Farms%20Katunje&query_place_id=ChIJQ5s7sNUR6zkRAmMaVl5Ykos",
    "searchPageUrl": "https://www.google.com/maps/search/school/@27.659386046764457,85.41153349407406,17z?hl=en",
    "searchString": "school",
    "language": "en",
    "rank": 15,
    "isAdvertisement": false,
    "imageUrl": "https://lh3.googleusercontent.com/p/AF1QipNu_IcpEAp2wjHevh9Z9fGTZQnZ7AuQSkouwKwG=w408-h541-k-no",
    "kgmid": "/g/11t7r5k231"
  }
]