[
  {
    "title": "Holy Garden English Secondary School",
    "price": null,
    "categoryName": "General education school",
    "address": "MCGH+9QQ, Bhaktapur 44800, Nepal",
    "neighborhood": null,
    "street": "MCGH+9QQ",
    "city": "Bhaktapur",
    "postalCode": "44800",
    "state": null,
    "countryCode": "NP",
    "phone": "+977 1-6616748",
    "phoneUnformatted": "+97716616748",
    "claimThisBusiness": true,
    "location": {
      "lat": 27.675965,
      "lng": 85.4294723
    },
    "permanentlyClosed": false,
    "temporarilyClosed": false,
    "placeId": "ChIJafAhT7Aa6zkRe_1nyxv-26k",
    "categories": [
      "General education school"
    ],
    "fid": "0x39eb1ab04f21f069:0xa9dbfe1bcb67fd7b",
    "cid": "12239655807639616891",
    "reviewsCount": 0,
    "imagesCount": 21,
    "imageCategories": [],
    "scrapedAt": "2025-11-14T08:13:31.793Z",
    "googleFoodUrl": null,
    "hotelAds": [],
    "openingHours": [],
    "peopleAlsoSearch": [],
    "placesTags": [],
    "reviewsTags": [],
    "gasPrices": [],
    "url": "https://www.google.com/maps/search/?api=1&query=Holy%20Garden%20English%20Secondary%20School&query_place_id=ChIJafAhT7Aa6zkRe_1nyxv-26k",
    "searchPageUrl": "https://www.google.com/maps/search/school/@27.67530454090198,85.43009086349416,17z?hl=en",
    "searchString": "school",
    "language": "en",
    "rank": 4,
    "isAdvertisement": false,
    "imageUrl": "https://lh3.googleusercontent.com/gps-cs-s/AG0ilSz_KpSV_lgYJzwxVkHFH8Rmfg1f2haleJLT7yYQ8U6Ltyl_a3xDhtGNrp_UkEiILDpWZfkh2SP9ojBF8Kwca9X0kEJuHeB1132ANZ1DtrxJ44zOHkhErSSVixZkDIoA-usTsaA0hX3gCx3Z=w408-h306-k-no",
    "kgmid": "/g/11c0xhk1y3"
  },
  {
    "title": "Jaycees English School",
    "subTitle": "Jaycees Secondary School",
    "price": null,
    "categoryName": "General education school",
    "address": "MCFG+FQ8, Bhaktapur 44800, Nepal",
    "neighborhood": null,
    "street": "MCFG+FQ8",
    "city": "Bhaktapur",
    "postalCode": "44800",
    "state": null,
    "countryCode": "NP",
    "phone": "+977 1-6611111",
    "phoneUnformatted": "+97716611111",
    "claimThisBusiness": true,
    "location": {
      "lat": 27.6736511,
      "lng": 85.4269509
    },
    "permanentlyClosed": false,
    "temporarilyClosed": false,
    "placeId": "ChIJxbiGVKUa6zkR_sQoOsxtQeI",
    "categories": [
      "General education school"
    ],
    "fid": "0x39eb1aa55486b8c5:0xe2416dcc3a28c4fe",
    "cid": "16303432849974412542",
    "reviewsCount": 0,
    "imagesCount": 71,
    "imageCategories": [],
    "scrapedAt": "2025-11-14T08:13:31.793Z",
    "googleFoodUrl": null,
    "hotelAds": [],
    "openingHours": [
      {
        "day": "Monday",
        "hours": "10 AM to 4 PM"
      },
      {
        "day": "Tuesday",
        "hours": "10 AM to 4 PM"
      },
      {
        "day": "Wednesday",
        "hours": "10 AM to 4 PM"
      },
      {
        "day": "Thursday",
        "hours": "10 AM to 4 PM"
      },
      {
        "day": "Friday",
        "hours": "10 AM to 4 PM"
      },
      {
        "day": "Saturday",
        "hours": "Closed"
      },
      {
        "day": "Sunday",
        "hours": "10 AM to 4 PM"
      }
    ],
    "peopleAlsoSearch": [],
    "placesTags": [],
    "reviewsTags": [],
    "additionalInfo": {
      "Accessibility": [
        {
          "Wheelchair accessible entrance": true
        },
        {
          "Wheelchair accessible parking lot": true
        }
      ]
    },
    "gasPrices": [],
    "url": "https://www.google.com/maps/search/?api=1&query=Jaycees%20English%20School&query_place_id=ChIJxbiGVKUa6zkR_sQoOsxtQeI",
    "searchPageUrl": "https://www.google.com/maps/search/school/@27.67530454090198,85.43009086349416,17z?hl=en",
    "searchString": "school",
    "language": "en",
    "rank": 5,
    "isAdvertisement": false,
    "imageUrl": "https://lh3.googleusercontent.com/gps-cs-s/AG0ilSxuTZ1n8FzW6RQGNg9WCBX_VrR_-DA8wq1vqu60BBKaY7MTvE7rmQVQqAGoeWTELh47SkBJ-JCaxkkhPbL32-duL-JPkSPjHHBZM_7XUKQTu4bqAr3yX9iuF5Zzz3hvo8yr9dQhVw=w408-h306-k-no",
    "kgmid": "/g/11g6q0tb6d"
  },
  {
    "title": "Khwopa Secondary School",
    "price": null,
    "categoryName": "General education school",
    "address": "Bhaktapur 44800, Nepal",
    "neighborhood": null,
    "street": null,
    "city": "Bhaktapur",
    "postalCode": "44800",
    "state": null,
    "countryCode": "NP",
    "phone": "+977 1-6610932",
    "phoneUnformatted": "+97716610932",
    "claimThisBusiness": false,
    "location": {
      "lat": 27.6778469,
      "lng": 85.4330416
    },
    "permanentlyClosed": false,
    "temporarilyClosed": false,
    "placeId": "ChIJRwVPXFob6zkRZYnv7qFMhP0",
    "categories": [
      "General education school",
      "High school",
      "Higher secondary school"
    ],
    "fid": "0x39eb1b5a5c4f0547:0xfd844ca1eeef8965",
    "cid": "18267810246903695717",
    "reviewsCount": 0,
    "imagesCount": 44,
    "imageCategories": [],
    "scrapedAt": "2025-11-14T08:13:31.793Z",
    "googleFoodUrl": null,
    "hotelAds": [],
    "openingHours": [
      {
        "day": "Monday",
        "hours": "6 AM to 5:40 PM"
      },
      {
        "day": "Tuesday",
        "hours": "6 AM to 5:40 PM"
      },
      {
        "day": "Wednesday",
        "hours": "6 AM to 5:40 PM"
      },
      {
        "day": "Thursday",
        "hours": "6 AM to 5:40 PM"
      },
      {
        "day": "Friday",
        "hours": "6 AM to 5:40 PM"
      },
      {
        "day": "Saturday",
        "hours": "Closed"
      },
      {
        "day": "Sunday",
        "hours": "6 AM to 5:40 PM"
      }
    ],
    "peopleAlsoSearch": [],
    "placesTags": [],
    "reviewsTags": [],
    "additionalInfo": {
      "Accessibility": [
        {
          "Wheelchair accessible entrance": true
        },
        {
          "Wheelchair accessible parking lot": true
        },
        {
          "Wheelchair accessible restroom": true
        },
        {
          "Wheelchair accessible seating": false
        }
      ],
      "Crowd": [
        {
          "LGBTQ+ friendly": true
        },
        {
          "Transgender safespace": true
        }
      ]
    },
    "gasPrices": [],
    "url": "https://www.google.com/maps/search/?api=1&query=Khwopa%20Secondary%20School&query_place_id=ChIJRwVPXFob6zkRZYnv7qFMhP0",
    "searchPageUrl": "https://www.google.com/maps/search/school/@27.67530454090198,85.43009086349416,17z?hl=en",
    "searchString": "school",
    "language": "en",
    "rank": 11,
    "isAdvertisement": false,
    "imageUrl": "https://lh3.googleusercontent.com/p/AF1QipPGZUd20OnKLtl7lKjeyu5cZxCBjTKJGtYnmTmK=w408-h249-k-no",
    "kgmid": "/g/11t7b77ypc"
  },
  {
    "title": "MVA - Mahendra Vidya Ashram Bhaktapur Pvt. Ltd.",
    "subTitle": "महेन्द्र विद्या आश्रम",
    "price": null,
    "categoryName": "General education school",
    "address": "Bhaktapur 44800, Nepal",
    "neighborhood": null,
    "street": null,
    "city": "Bhaktapur",
    "postalCode": "44800",
    "state": null,
    "countryCode": "NP",
    "website": "http://www.mva.edu.np/",
    "phone": "+977 1-6612548",
    "phoneUnformatted": "+97716612548",
    "claimThisBusiness": false,
    "location": {
      "lat": 27.6673333,
      "lng": 85.4238851
    },
    "permanentlyClosed": false,
    "temporarilyClosed": false,
    "placeId": "ChIJjz3pm6Ya6zkRQ9Yxf4-jfxE",
    "categories": [
      "General education school"
    ],
    "fid": "0x39eb1aa69be93d8f:0x117fa38f7f31d643",
    "cid": "1260906257396651587",
    "reviewsCount": 0,
    "imagesCount": 745,
    "imageCategories": [],
    "scrapedAt": "2025-11-14T08:13:59.547Z",
    "googleFoodUrl": null,
    "hotelAds": [],
    "openingHours": [
      {
        "day": "Monday",
        "hours": "9 AM to 5 PM"
      },
      {
        "day": "Tuesday",
        "hours": "9 AM to 5 PM"
      },
      {
        "day": "Wednesday",
        "hours": "9 AM to 5 PM"
      },
      {
        "day": "Thursday",
        "hours": "9 AM to 5 PM"
      },
      {
        "day": "Friday",
        "hours": "9 AM to 5 PM"
      },
      {
        "day": "Saturday",
        "hours": "Closed"
      },
      {
        "day": "Sunday",
        "hours": "9 AM to 5 PM"
      }
    ],
    "peopleAlsoSearch": [],
    "placesTags": [],
    "reviewsTags": [],
    "additionalInfo": {
      "Accessibility": [
        {
          "Wheelchair accessible entrance": true
        },
        {
          "Wheelchair accessible parking lot": true
        }
      ]
    },
    "gasPrices": [],
    "url": "https://www.google.com/maps/search/?api=1&query=MVA%20-%20Mahendra%20Vidya%20Ashram%20Bhaktapur%20Pvt.%20Ltd.&query_place_id=ChIJjz3pm6Ya6zkRQ9Yxf4-jfxE",
    "searchPageUrl": "https://www.google.com/maps/search/school/@27.667695459098024,85.42150000000001,17z?hl=en",
    "searchString": "school",
    "language": "en",
    "rank": 45,
    "isAdvertisement": false,
    "imageUrl": "https://lh3.googleusercontent.com/p/AF1QipOo3YPFGr7dbkWFHgVhg3M6EfrzcIeJHGGE7oDd=w408-h272-k-no",
    "kgmid": "/g/1vbnmtmy"
  },
  {
    "title": "SIpadol School",
    "price": null,
    "categoryName": "General education school",
    "address": "JCVM+C5J, Suryabinayak, Nepal",
    "neighborhood": "Sipadol",
    "street": "JCVM+C5J",
    "city": "Suryabinayak",
    "postalCode": null,
    "state": null,
    "countryCode": "NP",
    "claimThisBusiness": true,
    "location": {
      "lat": 27.6435494,
      "lng": 85.4330036
    },
    "permanentlyClosed": false,
    "temporarilyClosed": false,
    "placeId": "ChIJVVVltx4Q6zkRHQkfRIfxDwA",
    "categories": [
      "General education school"
    ],
    "fid": "0x39eb101eb7655555:0xff187441f091d",
    "cid": "4487687916423453",
    "reviewsCount": 0,
    "imagesCount": 1,
    "imageCategories": [],
    "scrapedAt": "2025-11-14T08:40:29.986Z",
    "googleFoodUrl": null,
    "hotelAds": [],
    "openingHours": [],
    "peopleAlsoSearch": [],
    "placesTags": [],
    "reviewsTags": [],
    "gasPrices": [],
    "url": "https://www.google.com/maps/search/?api=1&query=SIpadol%20School&query_place_id=ChIJVVVltx4Q6zkRHQkfRIfxDwA",
    "searchPageUrl": "https://www.google.com/maps/search/school/@27.64417209352892,85.44587990355555,17z?hl=en",
    "searchString": "school",
    "language": "en",
    "rank": 14,
    "isAdvertisement": false,
    "imageUrl": "https://streetviewpixels-pa.googleapis.com/v1/thumbnail?panoid=AgiQ4NkGwaihZenJGfkuGQ&cb_client=search.gws-prod.gps&w=408&h=240&yaw=317.75986&pitch=0&thumbfov=100",
    "kgmid": "/g/11sd42fzs3"
  },
  {
    "title": "Global Life School",
    "price": null,
    "categoryName": "General education school",
    "address": "MCHR+3JF, Bhaktapur 44800, Nepal",
    "neighborhood": null,
    "street": "MCHR+3JF",
    "city": "Bhaktapur",
    "postalCode": "44800",
    "state": null,
    "countryCode": "NP",
    "phone": "+977 1-6612925",
    "phoneUnformatted": "+97716612925",
    "claimThisBusiness": true,
    "location": {
      "lat": 27.6774145,
      "lng": 85.4413497
    },
    "permanentlyClosed": false,
    "temporarilyClosed": false,
    "placeId": "ChIJW-KgMzwF6zkRgWKYOIvZm0o",
    "categories": [
      "General education school"
    ],
    "fid": "0x39eb053c33a0e25b:0x4a9bd98b38986281",
    "cid": "5376129772170011265",
    "reviewsCount": 0,
    "imagesCount": 7,
    "imageCategories": [],
    "scrapedAt": "2025-11-14T08:40:37.893Z",
    "googleFoodUrl": null,
    "hotelAds": [],
    "openingHours": [],
    "peopleAlsoSearch": [],
    "placesTags": [],
    "reviewsTags": [],
    "gasPrices": [],
    "url": "https://www.google.com/maps/search/?api=1&query=Global%20Life%20School&query_place_id=ChIJW-KgMzwF6zkRgWKYOIvZm0o",
    "searchPageUrl": "https://www.google.com/maps/search/school/@27.689813953235532,85.45446650592592,17z?hl=en",
    "searchString": "school",
    "language": "en",
    "rank": 5,
    "isAdvertisement": false,
    "imageUrl": "https://lh3.googleusercontent.com/gps-cs-s/AG0ilSx5dzN-AwY0Kw27NBOMI4VdQqIdhpyVf73w7rmj8XFJWAZel1g8HQIIjIb0ciXfKuBqYYwFyZVF2sBatSe8VoX1GkNRRTLpPyuVU476ogvQTISLh-PBU7OLZQzNvn9wjhLVyLRa=w408-h306-k-no",
    "kgmid": "/g/11kb8f1jd6"
  },
  {
    "title": "Lisha English Secondary School",
    "price": null,
    "categoryName": "General education school",
    "address": "Bhaktapur 44800, Nepal",
    "neighborhood": null,
    "street": null,
    "city": "Bhaktapur",
    "postalCode": "44800",
    "state": null,
    "countryCode": "NP",
    "website": "http://www.lishaschool.edu.np/",
    "phone": "+977 1-6610902",
    "phoneUnformatted": "+97716610902",
    "claimThisBusiness": false,
    "location": {
      "lat": 27.6733164,
      "lng": 85.4423558
    },
    "permanentlyClosed": false,
    "temporarilyClosed": false,
    "placeId": "ChIJoya0UDMF6zkRmaLBkBWm-FY",
    "categories": [
      "General education school"
    ],
    "fid": "0x39eb053350b426a3:0x56f8a61590c1a299",
    "cid": "6266941493039178393",
    "reviewsCount": 0,
    "imagesCount": 23,
    "imageCategories": [],
    "scrapedAt": "2025-11-14T08:40:37.893Z",
    "googleFoodUrl": null,
    "hotelAds": [],
    "openingHours": [
      {
        "day": "Monday",
        "hours": "9 AM to 5 PM"
      },
      {
        "day": "Tuesday",
        "hours": "9 AM to 5 PM"
      },
      {
        "day": "Wednesday",
        "hours": "9 AM to 5 PM"
      },
      {
        "day": "Thursday",
        "hours": "9 AM to 5 PM"
      },
      {
        "day": "Friday",
        "hours": "9 AM to 4 PM"
      },
      {
        "day": "Saturday",
        "hours": "Closed"
      },
      {
        "day": "Sunday",
        "hours": "9 AM to 5 PM"
      }
    ],
    "peopleAlsoSearch": [],
    "placesTags": [],
    "reviewsTags": [],
    "additionalInfo": {
      "Accessibility": [
        {
          "Wheelchair accessible entrance": true
        },
        {
          "Wheelchair accessible parking lot": true
        }
      ]
    },
    "gasPrices": [],
    "url": "https://www.google.com/maps/search/?api=1&query=Lisha%20English%20Secondary%20School&query_place_id=ChIJoya0UDMF6zkRmaLBkBWm-FY",
    "searchPageUrl": "https://www.google.com/maps/search/school/@27.689813953235532,85.45446650592592,17z?hl=en",
    "searchString": "school",
    "language": "en",
    "rank": 15,
    "isAdvertisement": false,
    "imageUrl": "https://lh3.googleusercontent.com/p/AF1QipN-K2LclYOS8qZOWwuZm8i3F_fsWRJjheOYRug=w408-h306-k-no",
    "kgmid": "/g/11rwm6r_ds"
  },
  {
    "title": "Holy Garden English Secondary School",
    "price": null,
    "categoryName": "General education school",
    "address": "MCGH+9QQ, Bhaktapur 44800, Nepal",
    "neighborhood": null,
    "street": "MCGH+9QQ",
    "city": "Bhaktapur",
    "postalCode": "44800",
    "state": null,
    "countryCode": "NP",
    "phone": "+977 1-6616748",
    "phoneUnformatted": "+97716616748",
    "claimThisBusiness": true,
    "location": {
      "lat": 27.675965,
      "lng": 85.4294723
    },
    "permanentlyClosed": false,
    "temporarilyClosed": false,
    "placeId": "ChIJafAhT7Aa6zkRe_1nyxv-26k",
    "categories": [
      "General education school"
    ],
    "fid": "0x39eb1ab04f21f069:0xa9dbfe1bcb67fd7b",
    "cid": "12239655807639616891",
    "reviewsCount": 0,
    "imagesCount": 21,
    "imageCategories": [],
    "scrapedAt": "2025-11-14T08:40:37.893Z",
    "googleFoodUrl": null,
    "hotelAds": [],
    "openingHours": [],
    "peopleAlsoSearch": [],
    "placesTags": [],
    "reviewsTags": [],
    "gasPrices": [],
    "url": "https://www.google.com/maps/search/?api=1&query=Holy%20Garden%20English%20Secondary%20School&query_place_id=ChIJafAhT7Aa6zkRe_1nyxv-26k",
    "searchPageUrl": "https://www.google.com/maps/search/school/@27.689813953235532,85.45446650592592,17z?hl=en",
    "searchString": "school",
    "language": "en",
    "rank": 19,
    "isAdvertisement": false,
    "imageUrl": "https://lh3.googleusercontent.com/gps-cs-s/AG0ilSz_KpSV_lgYJzwxVkHFH8Rmfg1f2haleJLT7yYQ8U6Ltyl_a3xDhtGNrp_UkEiILDpWZfkh2SP9ojBF8Kwca9X0kEJuHeB1132ANZ1DtrxJ44zOHkhErSSVixZkDIoA-usTsaA0hX3gCx3Z=w408-h306-k-no",
    "kgmid": "/g/11c0xhk1y3"
  },
  {
    "title": "Prasadi Pathshala Montessori School",
    "price": null,
    "categoryName": "General education school",
    "address": "Suryabinayak - 8, Nepal",
    "neighborhood": "Sipadol",
    "street": "Suryabinayak - 8",
    "city": "Bhaktapur",
    "postalCode": null,
    "state": null,
    "countryCode": "NP",
    "claimThisBusiness": true,
    "location": {
      "lat": 27.6659218,
      "lng": 85.4333593
    },
    "permanentlyClosed": false,
    "temporarilyClosed": false,
    "placeId": "ChIJBSqSb-wb6zkRyNKkjzlmgLA",
    "categories": [
      "General education school"
    ],
    "fid": "0x39eb1bec6f922a05:0xb08066398fa4d2c8",
    "cid": "12718277745103393480",
    "reviewsCount": 0,
    "imagesCount": 2,
    "imageCategories": [],
    "scrapedAt": "2025-11-14T08:40:58.364Z",
    "googleFoodUrl": null,
    "hotelAds": [],
    "openingHours": [],
    "peopleAlsoSearch": [],
    "placesTags": [],
    "reviewsTags": [],
    "gasPrices": [],
    "url": "https://www.google.com/maps/search/?api=1&query=Prasadi%20Pathshala%20Montessori%20School&query_place_id=ChIJBSqSb-wb6zkRyNKkjzlmgLA",
    "searchPageUrl": "https://www.google.com/maps/search/school/@27.666993023382226,85.4287066988148,17z?hl=en",
    "searchString": "school",
    "language": "en",
    "rank": 44,
    "isAdvertisement": false,
    "imageUrl": "https://streetviewpixels-pa.googleapis.com/v1/thumbnail?panoid=54i3blqW5IGKu-EdPRzyVQ&cb_client=search.gws-prod.gps&w=408&h=240&yaw=19.844717&pitch=0&thumbfov=100",
    "kgmid": "/g/11t1b7800l"
  },
  {
    "title": "MVA - Mahendra Vidya Ashram Bhaktapur Pvt. Ltd.",
    "subTitle": "महेन्द्र विद्या आश्रम",
    "price": null,
    "categoryName": "General education school",
    "address": "Bhaktapur 44800, Nepal",
    "neighborhood": null,
    "street": null,
    "city": "Bhaktapur",
    "postalCode": "44800",
    "state": null,
    "countryCode": "NP",
    "website": "http://www.mva.edu.np/",
    "phone": "+977 1-6612548",
    "phoneUnformatted": "+97716612548",
    "claimThisBusiness": false,
    "location": {
      "lat": 27.6673333,
      "lng": 85.4238851
    },
    "permanentlyClosed": false,
    "temporarilyClosed": false,
    "placeId": "ChIJjz3pm6Ya6zkRQ9Yxf4-jfxE",
    "categories": [
      "General education school"
    ],
    "fid": "0x39eb1aa69be93d8f:0x117fa38f7f31d643",
    "cid": "1260906257396651587",
    "reviewsCount": 0,
    "imagesCount": 745,
    "imageCategories": [],
    "scrapedAt": "2025-11-14T08:40:58.364Z",
    "googleFoodUrl": null,
    "hotelAds": [],
    "openingHours": [
      {
        "day": "Monday",
        "hours": "9 AM to 5 PM"
      },
      {
        "day": "Tuesday",
        "hours": "9 AM to 5 PM"
      },
      {
        "day": "Wednesday",
        "hours": "9 AM to 5 PM"
      },
      {
        "day": "Thursday",
        "hours": "9 AM to 5 PM"
      },
      {
        "day": "Friday",
        "hours": "9 AM to 5 PM"
      },
      {
        "day": "Saturday",
        "hours": "Closed"
      },
      {
        "day": "Sunday",
        "hours": "9 AM to 5 PM"
      }
    ],
    "peopleAlsoSearch": [],
    "placesTags": [],
    "reviewsTags": [],
    "additionalInfo": {
      "Accessibility": [
        {
          "Wheelchair accessible entrance": true
        },
        {
          "Wheelchair accessible parking lot": true
        }
      ]
    },
    "gasPrices": [],
    "url": "https://www.google.com/maps/search/?api=1&query=MVA%20-%20Mahendra%20Vidya%20Ashram%20Bhaktapur%20Pvt.%20Ltd.&query_place_id=ChIJjz3pm6Ya6zkRQ9Yxf4-jfxE",
    "searchPageUrl": "https://www.google.com/maps/search/school/@27.666993023382226,85.4287066988148,17z?hl=en",
    "searchString": "school",
    "language": "en",
    "rank": 52,
    "isAdvertisement": false,
    "imageUrl": "https://lh3.googleusercontent.com/p/AF1QipOo3YPFGr7dbkWFHgVhg3M6EfrzcIeJHGGE7oDd=w408-h272-k-no",
    "kgmid": "/g/1vbnmtmy"
  },
  {
    "title": "United school",
    "price": null,
    "categoryName": "General education school",
    "address": "MCVJ+W5C, Changunarayan, Nepal",
    "neighborhood": "Jhaukhel",
    "street": "MCVJ+W5C",
    "city": "Changunarayan",
    "postalCode": null,
    "state": null,
    "countryCode": "NP",
    "claimThisBusiness": true,
    "location": {
      "lat": 27.6946888,
      "lng": 85.4304223
    },
    "permanentlyClosed": false,
    "temporarilyClosed": false,
    "placeId": "ChIJA33QWwAb6zkR93x-rtZLVig",
    "categories": [
      "General education school"
    ],
    "fid": "0x39eb1b005bd07d03:0x28564bd6ae7e7cf7",
    "cid": "2906593994936843511",
    "reviewsCount": 0,
    "imagesCount": 1,
    "imageCategories": [],
    "scrapedAt": "2025-11-14T08:41:04.209Z",
    "googleFoodUrl": null,
    "hotelAds": [],
    "openingHours": [],
    "peopleAlsoSearch": [],
    "placesTags": [],
    "reviewsTags": [],
    "gasPrices": [],
    "url": "https://www.google.com/maps/search/?api=1&query=United%20school&query_place_id=ChIJA33QWwAb6zkR93x-rtZLVig",
    "searchPageUrl": "https://www.google.com/maps/search/school/@27.689813953235532,85.43729330118518,17z?hl=en",
    "searchString": "school",
    "language": "en",
    "rank": 3,
    "isAdvertisement": false,
    "imageUrl": "https://streetviewpixels-pa.googleapis.com/v1/thumbnail?panoid=YM9A15FLAdk5KeGPY_XAwA&cb_client=search.gws-prod.gps&w=408&h=240&yaw=269.31946&pitch=0&thumbfov=100",
    "kgmid": "/g/11vz4qkn43"
  },
  {
    "title": "Khwopa Secondary School",
    "price": null,
    "categoryName": "General education school",
    "address": "Bhaktapur 44800, Nepal",
    "neighborhood": null,
    "street": null,
    "city": "Bhaktapur",
    "postalCode": "44800",
    "state": null,
    "countryCode": "NP",
    "phone": "+977 1-6610932",
    "phoneUnformatted": "+97716610932",
    "claimThisBusiness": false,
    "location": {
      "lat": 27.6778469,
      "lng": 85.4330416
    },
    "permanentlyClosed": false,
    "temporarilyClosed": false,
    "placeId": "ChIJRwVPXFob6zkRZYnv7qFMhP0",
    "categories": [
      "General education school",
      "High school",
      "Higher secondary school"
    ],
    "fid": "0x39eb1b5a5c4f0547:0xfd844ca1eeef8965",
    "cid": "18267810246903695717",
    "reviewsCount": 0,
    "imagesCount": 44,
    "imageCategories": [],
    "scrapedAt": "2025-11-14T08:41:04.209Z",
    "googleFoodUrl": null,
    "hotelAds": [],
    "openingHours": [
      {
        "day": "Monday",
        "hours": "6 AM to 5:40 PM"
      },
      {
        "day": "Tuesday",
        "hours": "6 AM to 5:40 PM"
      },
      {
        "day": "Wednesday",
        "hours": "6 AM to 5:40 PM"
      },
      {
        "day": "Thursday",
        "hours": "6 AM to 5:40 PM"
      },
      {
        "day": "Friday",
        "hours": "6 AM to 5:40 PM"
      },
      {
        "day": "Saturday",
        "hours": "Closed"
      },
      {
        "day": "Sunday",
        "hours": "6 AM to 5:40 PM"
      }
    ],
    "peopleAlsoSearch": [],
    "placesTags": [],
    "reviewsTags": [],
    "additionalInfo": {
      "Accessibility": [
        {
          "Wheelchair accessible entrance": true
        },
        {
          "Wheelchair accessible parking lot": true
        },
        {
          "Wheelchair accessible restroom": true
        },
        {
          "Wheelchair accessible seating": false
        }
      ],
      "Crowd": [
        {
          "LGBTQ+ friendly": true
        },
        {
          "Transgender safespace": true
        }
      ]
    },
    "gasPrices": [],
    "url": "https://www.google.com/maps/search/?api=1&query=Khwopa%20Secondary%20School&query_place_id=ChIJRwVPXFob6zkRZYnv7qFMhP0",
    "searchPageUrl": "https://www.google.com/maps/search/school/@27.689813953235532,85.43729330118518,17z?hl=en",
    "searchString": "school",
    "language": "en",
    "rank": 12,
    "isAdvertisement": false,
    "imageUrl": "https://lh3.googleusercontent.com/p/AF1QipPGZUd20OnKLtl7lKjeyu5cZxCBjTKJGtYnmTmK=w408-h249-k-no",
    "kgmid": "/g/11t7b77ypc"
  },
  {
    "title": "Manakamana English Secondary School",
    "price": null,
    "categoryName": "General education school",
    "address": "MCHQ+87J, Bhaktapur 44800, Nepal",
    "neighborhood": null,
    "street": "MCHQ+87J",
    "city": "Bhaktapur",
    "postalCode": "44800",
    "state": null,
    "countryCode": "NP",
    "phone": "+977 1-6617871",
    "phoneUnformatted": "+97716617871",
    "claimThisBusiness": true,
    "location": {
      "lat": 27.6783436,
      "lng": 85.4381422
    },
    "permanentlyClosed": false,
    "temporarilyClosed": false,
    "placeId": "ChIJ9QQSM7Ma6zkRvHSEIdDr4Yg",
    "categories": [
      "General education school"
    ],
    "fid": "0x39eb1ab3331204f5:0x88e1ebd0218474bc",
    "cid": "9863423938066150588",
    "reviewsCount": 0,
    "imagesCount": 3,
    "imageCategories": [],
    "scrapedAt": "2025-11-14T08:41:04.209Z",
    "googleFoodUrl": null,
    "hotelAds": [],
    "openingHours": [
      {
        "day": "Monday",
        "hours": "10 AM to 4 PM"
      },
      {
        "day": "Tuesday",
        "hours": "10 AM to 4 PM"
      },
      {
        "day": "Wednesday",
        "hours": "10 AM to 4 PM"
      },
      {
        "day": "Thursday",
        "hours": "10 AM to 4 PM"
      },
      {
        "day": "Friday",
        "hours": "10 AM to 4 PM"
      },
      {
        "day": "Saturday",
        "hours": "Closed"
      },
      {
        "day": "Sunday",
        "hours": "10 AM to 4 PM"
      }
    ],
    "peopleAlsoSearch": [],
    "placesTags": [],
    "reviewsTags": [],
    "gasPrices": [],
    "url": "https://www.google.com/maps/search/?api=1&query=Manakamana%20English%20Secondary%20School&query_place_id=ChIJ9QQSM7Ma6zkRvHSEIdDr4Yg",
    "searchPageUrl": "https://www.google.com/maps/search/school/@27.689813953235532,85.43729330118518,17z?hl=en",
    "searchString": "school",
    "language": "en",
    "rank": 15,
    "isAdvertisement": false,
    "imageUrl": "https://lh3.googleusercontent.com/gps-cs-s/AG0ilSxXYBBSMuf7LeyTPpJuFLy9DxgaAwlJNFxwqPDaPq-ezLIjSJ9eB5hWF3lUa1-nEo1bZVUueJar5ZTs8VheVe3Vm-ZA6_-M6hbPyxpiV23_e3fgyhZU7IO6A2sZW1KbVcTF1D0A=w426-h240-k-no",
    "kgmid": "/g/11c1qbd9r3"
  },
  {
    "title": "Jaycees English School",
    "subTitle": "Jaycees Secondary School",
    "price": null,
    "categoryName": "General education school",
    "address": "MCFG+FQ8, Bhaktapur 44800, Nepal",
    "neighborhood": null,
    "street": "MCFG+FQ8",
    "city": "Bhaktapur",
    "postalCode": "44800",
    "state": null,
    "countryCode": "NP",
    "phone": "+977 1-6611111",
    "phoneUnformatted": "+97716611111",
    "claimThisBusiness": true,
    "location": {
      "lat": 27.6736511,
      "lng": 85.4269509
    },
    "permanentlyClosed": false,
    "temporarilyClosed": false,
    "placeId": "ChIJxbiGVKUa6zkR_sQoOsxtQeI",
    "categories": [
      "General education school"
    ],
    "fid": "0x39eb1aa55486b8c5:0xe2416dcc3a28c4fe",
    "cid": "16303432849974412542",
    "reviewsCount": 0,
    "imagesCount": 71,
    "imageCategories": [],
    "scrapedAt": "2025-11-14T08:41:04.210Z",
    "googleFoodUrl": null,
    "hotelAds": [],
    "openingHours": [
      {
        "day": "Monday",
        "hours": "10 AM to 4 PM"
      },
      {
        "day": "Tuesday",
        "hours": "10 AM to 4 PM"
      },
      {
        "day": "Wednesday",
        "hours": "10 AM to 4 PM"
      },
      {
        "day": "Thursday",
        "hours": "10 AM to 4 PM"
      },
      {
        "day": "Friday",
        "hours": "10 AM to 4 PM"
      },
      {
        "day": "Saturday",
        "hours": "Closed"
      },
      {
        "day": "Sunday",
        "hours": "10 AM to 4 PM"
      }
    ],
    "peopleAlsoSearch": [],
    "placesTags": [],
    "reviewsTags": [],
    "additionalInfo": {
      "Accessibility": [
        {
          "Wheelchair accessible entrance": true
        },
        {
          "Wheelchair accessible parking lot": true
        }
      ]
    },
    "gasPrices": [],
    "url": "https://www.google.com/maps/search/?api=1&query=Jaycees%20English%20School&query_place_id=ChIJxbiGVKUa6zkR_sQoOsxtQeI",
    "searchPageUrl": "https://www.google.com/maps/search/school/@27.689813953235532,85.43729330118518,17z?hl=en",
    "searchString": "school",
    "language": "en",
    "rank": 16,
    "isAdvertisement": false,
    "imageUrl": "https://lh3.googleusercontent.com/gps-cs-s/AG0ilSxuTZ1n8FzW6RQGNg9WCBX_VrR_-DA8wq1vqu60BBKaY7MTvE7rmQVQqAGoeWTELh47SkBJ-JCaxkkhPbL32-duL-JPkSPjHHBZM_7XUKQTu4bqAr3yX9iuF5Zzz3hvo8yr9dQhVw=w408-h306-k-no",
    "kgmid": "/g/11g6q0tb6d"
  },
  {
    "title": "BAL BHUSAN SCHOOL",
    "price": null,
    "categoryName": "General education school",
    "address": "PC3H+79W, Changunarayan 44600, Nepal",
    "neighborhood": "Jhaukhel",
    "street": "PC3H+79W",
    "city": "Changunarayan",
    "postalCode": "44600",
    "state": null,
    "countryCode": "NP",
    "phone": "+977 1-5090984",
    "phoneUnformatted": "+97715090984",
    "claimThisBusiness": true,
    "location": {
      "lat": 27.7032295,
      "lng": 85.4284575
    },
    "permanentlyClosed": false,
    "temporarilyClosed": false,
    "placeId": "ChIJK2O-Stca6zkR7jC49DT9b14",
    "categories": [
      "General education school"
    ],
    "fid": "0x39eb1ad74abe632b:0x5e6ffd34f4b830ee",
    "cid": "6804935965865947374",
    "reviewsCount": 0,
    "imagesCount": 2,
    "imageCategories": [],
    "scrapedAt": "2025-11-14T08:41:15.283Z",
    "googleFoodUrl": null,
    "hotelAds": [],
    "openingHours": [],
    "peopleAlsoSearch": [],
    "placesTags": [],
    "reviewsTags": [],
    "gasPrices": [],
    "url": "https://www.google.com/maps/search/?api=1&query=BAL%20BHUSAN%20SCHOOL&query_place_id=ChIJK2O-Stca6zkR7jC49DT9b14",
    "searchPageUrl": "https://www.google.com/maps/search/school/@27.71263488308884,85.43729330118518,17z?hl=en",
    "searchString": "school",
    "language": "en",
    "rank": 9,
    "isAdvertisement": false,
    "imageUrl": "https://streetviewpixels-pa.googleapis.com/v1/thumbnail?panoid=MOsTIHhxt_fJs2sJbFjZig&cb_client=search.gws-prod.gps&w=408&h=240&yaw=27.44957&pitch=0&thumbfov=100",
    "kgmid": "/g/11csr4d8vq"
  },
  {
    "title": "Kids Town Montessori School",
    "price": null,
    "categoryName": "General education school",
    "address": null,
    "phone": "+977 984-1029666",
    "phoneUnformatted": "+9779841029666",
    "claimThisBusiness": false,
    "location": {
      "lat": 27.6953638,
      "lng": 85.4105258
    },
    "permanentlyClosed": false,
    "temporarilyClosed": false,
    "placeId": "ChIJ40mgdRBJfC4RL1BCl6wjdsA",
    "categories": [
      "General education school",
      "Service establishment"
    ],
    "fid": "0x2e7c491075a049e3:0xc07623ac9742502f",
    "cid": "13868311326713073711",
    "reviewsCount": 0,
    "imagesCount": 4,
    "imageCategories": [],
    "scrapedAt": "2025-11-14T08:43:09.464Z",
    "googleFoodUrl": null,
    "hotelAds": [],
    "openingHours": [
      {
        "day": "Monday",
        "hours": "9 AM to 4:30 PM"
      },
      {
        "day": "Tuesday",
        "hours": "9 AM to 4:30 PM"
      },
      {
        "day": "Wednesday",
        "hours": "9 AM to 4:30 PM"
      },
      {
        "day": "Thursday",
        "hours": "9 AM to 4:30 PM"
      },
      {
        "day": "Friday",
        "hours": "9 AM to 4:30 PM"
      },
      {
        "day": "Saturday",
        "hours": "Closed"
      },
      {
        "day": "Sunday",
        "hours": "9 AM to 4:30 PM"
      }
    ],
    "peopleAlsoSearch": [],
    "placesTags": [],
    "reviewsTags": [],
    "gasPrices": [],
    "url": "https://www.google.com/maps/search/?api=1&query=Kids%20Town%20Montessori%20School&query_place_id=ChIJ40mgdRBJfC4RL1BCl6wjdsA",
    "searchPageUrl": "https://www.google.com/maps/search/school/@27.682206976617763,85.42012009644444,17z?hl=en",
    "searchString": "school",
    "language": "en",
    "rank": 21,
    "isAdvertisement": false,
    "imageUrl": "https://lh3.googleusercontent.com/p/AF1QipM45vYpTuj7YSAGOp-C3gTCzdhrTty1uHeRiTRd=w408-h306-k-no",
    "kgmid": "/g/11ldd0t3q5"
  }
]