[
  {
    "title": "Kathmandu World School",
    "price": null,
    "categoryName": "International school",
    "address": "MC37+F6G, Surya Binayak - 7, F099, Anantalingeshwar, Nepal",
    "neighborhood": "Katunje",
    "street": "MC37+F6G, Surya Binayak - 7, F099",
    "city": "Anantalingeshwar",
    "postalCode": null,
    "state": null,
    "countryCode": "NP",
    "website": "http://www.kws.edu.np/",
    "phone": "+977 1-5090337",
    "phoneUnformatted": "+97715090337",
    "claimThisBusiness": false,
    "location": {
      "lat": 27.6529379,
      "lng": 85.4133508
    },
    "permanentlyClosed": false,
    "temporarilyClosed": false,
    "placeId": "ChIJj2EGAnMQ6zkR23OCDwST_kU",
    "categories": [
      "International school"
    ],
    "fid": "0x39eb10730206618f:0x45fe93040f8273db",
    "cid": "5043630278350894043",
    "reviewsCount": 0,
    "imagesCount": 455,
    "imageCategories": [],
    "scrapedAt": "2025-11-14T08:40:48.450Z",
    "googleFoodUrl": null,
    "hotelAds": [],
    "openingHours": [
      {
        "day": "Monday",
        "hours": "8 AM to 3 PM"
      },
      {
        "day": "Tuesday",
        "hours": "8 AM to 3 PM"
      },
      {
        "day": "Wednesday",
        "hours": "8 AM to 3 PM"
      },
      {
        "day": "Thursday",
        "hours": "8 AM to 3 PM"
      },
      {
        "day": "Friday",
        "hours": "8 AM to 3 PM"
      },
      {
        "day": "Saturday",
        "hours": "Closed"
      },
      {
        "day": "Sunday",
        "hours": "8 AM to 4 PM"
      }
    ],
    "peopleAlsoSearch": [],
    "placesTags": [],
    "reviewsTags": [],
    "additionalInfo": {
      "Accessibility": [
        {
          "Wheelchair accessible entrance": true
        },
        {
          "Wheelchair accessible parking lot": true
        },
        {
          "Wheelchair accessible restroom": true
        },
        {
          "Wheelchair accessible seating": true
        }
      ]
    },
    "gasPrices": [],
    "url": "https://www.google.com/maps/search/?api=1&query=Kathmandu%20World%20School&query_place_id=ChIJj2EGAnMQ6zkR23OCDwST_kU",
    "searchPageUrl": "https://www.google.com/maps/search/school/@27.63656511691115,85.43729330118518,17z?hl=en",
    "searchString": "school",
    "language": "en",
    "rank": 10,
    "isAdvertisement": false,
    "imageUrl": "https://lh3.googleusercontent.com/gps-cs-s/AG0ilSzIkJ1GRwjqNo98yFlErURajLTH6RFJu1VUhw5WKi7UYMWiZ1QWGSqsic2fzqx6g0FZHfKeasijg6iYoZPpT0w_9-Gu6NcT_XNrLb2_EhUHJzuZUIjK6VJOsLXZSNQgLCOqCquO=w408-h271-k-no",
    "kgmid": "/g/11df80zh4d"
  },
  {
    "title": "Glory English Secondary School",
    "price": null,
    "categoryName": "International school",
    "address": "MCH2+GC, Ajima Marga, Madhyapur Thimi, Nepal",
    "neighborhood": "Nikoshera",
    "street": "MCH2+GC, Ajima Marga",
    "city": "Madhyapur Thimi",
    "postalCode": null,
    "state": null,
    "countryCode": "NP",
    "website": "https://gloryschool.edu.np/",
    "phone": "+977 984-0076969",
    "phoneUnformatted": "+9779840076969",
    "claimThisBusiness": false,
    "location": {
      "lat": 27.6788125,
      "lng": 85.4010625
    },
    "permanentlyClosed": false,
    "temporarilyClosed": false,
    "placeId": "ChIJdcPsLooa6zkR2z7Z2yAOMFA",
    "categories": [
      "International school"
    ],
    "fid": "0x39eb1a8a2eecc375:0x50300e20dbd93edb",
    "cid": "5778133856206536411",
    "reviewsCount": 0,
    "imagesCount": 340,
    "imageCategories": [],
    "scrapedAt": "2025-11-14T08:42:29.011Z",
    "googleFoodUrl": null,
    "hotelAds": [],
    "openingHours": [
      {
        "day": "Monday",
        "hours": "9 AM to 3:30 PM"
      },
      {
        "day": "Tuesday",
        "hours": "9 AM to 3:30 PM"
      },
      {
        "day": "Wednesday",
        "hours": "9 AM to 3:30 PM"
      },
      {
        "day": "Thursday",
        "hours": "9 AM to 3:30 PM"
      },
      {
        "day": "Friday",
        "hours": "9 AM to 3:30 PM"
      },
      {
        "day": "Saturday",
        "hours": "Closed"
      },
      {
        "day": "Sunday",
        "hours": "9 AM to 3:30 PM"
      }
    ],
    "peopleAlsoSearch": [],
    "placesTags": [],
    "reviewsTags": [],
    "gasPrices": [],
    "url": "https://www.google.com/maps/search/?api=1&query=Glory%20English%20Secondary%20School&query_place_id=ChIJdcPsLooa6zkR2z7Z2yAOMFA",
    "searchPageUrl": "https://www.google.com/maps/search/school/@27.689813953235532,85.41153349407406,17z?hl=en",
    "searchString": "school",
    "language": "en",
    "rank": 10,
    "isAdvertisement": false,
    "imageUrl": "https://lh3.googleusercontent.com/p/AF1QipOTHVbQs_zKDdBV0AZAgf5xkvG6ZlOpqViWd0C5=w408-h306-k-no",
    "kgmid": "/g/11b6ghh7v9"
  }
]