[
  {
    "title": "Trillium Montessori Kinderworld And Training Centre",
    "price": null,
    "categoryName": "Montessori preschool",
    "address": "MC7F+RP8, Suryabinayak 44800, Nepal",
    "neighborhood": "Katunje",
    "street": "MC7F+RP8",
    "city": "Suryabinayak",
    "postalCode": null,
    "state": null,
    "countryCode": "NP",
    "claimThisBusiness": true,
    "location": {
      "lat": 27.6645277,
      "lng": 85.4243392
    },
    "permanentlyClosed": false,
    "temporarilyClosed": false,
    "placeId": "ChIJLY2JsvEb6zkRwdbvrFx2T3g",
    "categories": [
      "Montessori preschool"
    ],
    "fid": "0x39eb1bf1b2898d2d:0x784f765cacefd6c1",
    "cid": "8669277948121962177",
    "reviewsCount": 0,
    "imagesCount": 1,
    "imageCategories": [],
    "scrapedAt": "2025-11-14T08:40:26.292Z",
    "googleFoodUrl": null,
    "hotelAds": [],
    "openingHours": [],
    "peopleAlsoSearch": [],
    "placesTags": [],
    "reviewsTags": [],
    "gasPrices": [],
    "url": "https://www.google.com/maps/search/?api=1&query=Trillium%20Montessori%20Kinderworld%20And%20Training%20Centre&query_place_id=ChIJLY2JsvEb6zkRwdbvrFx2T3g",
    "searchPageUrl": "https://www.google.com/maps/search/preschool/@27.64417209352892,85.44587990355555,17z?hl=en",
    "searchString": "preschool",
    "language": "en",
    "rank": 13,
    "isAdvertisement": false,
    "imageUrl": "https://streetviewpixels-pa.googleapis.com/v1/thumbnail?panoid=XaEypd-IfCUKZ8mFItgfEQ&cb_client=search.gws-prod.gps&w=408&h=240&yaw=314.36923&pitch=0&thumbfov=100",
    "kgmid": "/g/11k3qnd4fc"
  },
  {
    "title": "Kid’s garde Montessori school duwakot",
    "price": null,
    "categoryName": "Montessori preschool",
    "address": "MCP7+H79, Changunarayan, Nepal",
    "neighborhood": "Duwakot",
    "street": "MCP7+H79",
    "city": "Changunarayan",
    "postalCode": null,
    "state": null,
    "countryCode": "NP",
    "claimThisBusiness": true,
    "location": {
      "lat": 27.686418,
      "lng": 85.41323
    },
    "totalScore": 5,
    "permanentlyClosed": false,
    "temporarilyClosed": false,
    "placeId": "ChIJX-lZfAAb6zkRTZpar9nAh3w",
    "categories": [
      "Montessori preschool"
    ],
    "fid": "0x39eb1b007c59e95f:0x7c87c0d9af5a9a4d",
    "cid": "8973352823741389389",
    "reviewsCount": 1,
    "imagesCount": 3,
    "imageCategories": [],
    "scrapedAt": "2025-11-14T08:40:26.292Z",
    "googleFoodUrl": null,
    "hotelAds": [],
    "openingHours": [],
    "peopleAlsoSearch": [],
    "placesTags": [],
    "reviewsTags": [],
    "gasPrices": [],
    "url": "https://www.google.com/maps/search/?api=1&query=Kid%E2%80%99s%20garde%20Montessori%20school%20duwakot&query_place_id=ChIJX-lZfAAb6zkRTZpar9nAh3w",
    "searchPageUrl": "https://www.google.com/maps/search/preschool/@27.64417209352892,85.44587990355555,17z?hl=en",
    "searchString": "preschool",
    "language": "en",
    "rank": 15,
    "isAdvertisement": false,
    "imageUrl": "https://lh3.googleusercontent.com/gps-cs-s/AG0ilSyunGtG2blv80Mb6--Td_FUPuewcFhqq8UltUCSvlhdzKnk02nA70AVu75VyYn4emqeu-ju4YPOLzO3WDhC9--sgsFSuIS_K4ymUeAQsiKGjG5nNpxlcj9We234YUA3x1moUPdHJ7X-Lo-a=w408-h544-k-no",
    "kgmid": "/g/11w9sc56rj"
  },
  {
    "title": "Baby bunny montessori",
    "price": null,
    "categoryName": "Montessori preschool",
    "address": "Ekta marga, suryabinayak-5, Bhaktapur 44800, Nepal",
    "neighborhood": null,
    "street": "Ekta marga, suryabinayak-5",
    "city": "Bhaktapur",
    "postalCode": "44800",
    "state": null,
    "countryCode": "NP",
    "phone": "+977 984-1250676",
    "phoneUnformatted": "+9779841250676",
    "claimThisBusiness": false,
    "location": {
      "lat": 27.6738731,
      "lng": 85.4272014
    },
    "permanentlyClosed": false,
    "temporarilyClosed": false,
    "placeId": "ChIJSXVnwdMb6zkReqqSk_5wUQU",
    "categories": [
      "Montessori preschool"
    ],
    "fid": "0x39eb1bd3c1677549:0x55170fe9392aa7a",
    "cid": "383211682003069562",
    "reviewsCount": 0,
    "imagesCount": 1,
    "imageCategories": [],
    "scrapedAt": "2025-11-14T08:40:39.578Z",
    "googleFoodUrl": null,
    "hotelAds": [],
    "openingHours": [
      {
        "day": "Monday",
        "hours": "9 AM to 3 PM"
      },
      {
        "day": "Tuesday",
        "hours": "9 AM to 3 PM"
      },
      {
        "day": "Wednesday",
        "hours": "9 AM to 3 PM"
      },
      {
        "day": "Thursday",
        "hours": "9 AM to 3 PM"
      },
      {
        "day": "Friday",
        "hours": "9 AM to 3 PM"
      },
      {
        "day": "Saturday",
        "hours": "Closed"
      },
      {
        "day": "Sunday",
        "hours": "9 AM to 3 PM"
      }
    ],
    "peopleAlsoSearch": [],
    "placesTags": [],
    "reviewsTags": [],
    "gasPrices": [],
    "url": "https://www.google.com/maps/search/?api=1&query=Baby%20bunny%20montessori&query_place_id=ChIJSXVnwdMb6zkReqqSk_5wUQU",
    "searchPageUrl": "https://www.google.com/maps/search/preschool/@27.689813953235532,85.45446650592592,17z?hl=en",
    "searchString": "preschool",
    "language": "en",
    "rank": 17,
    "isAdvertisement": false,
    "imageUrl": "https://streetviewpixels-pa.googleapis.com/v1/thumbnail?panoid=U0T8W1nXdil8KVW6mGGq2g&cb_client=search.gws-prod.gps&w=408&h=240&yaw=101.69045&pitch=0&thumbfov=100",
    "kgmid": "/g/11x6rshpgp"
  },
  {
    "title": "Little Treasures Montessori",
    "subTitle": "सानो खजाने मोन्टेस्वरी",
    "price": null,
    "categoryName": "Montessori preschool",
    "address": "MC7M+236, Suryabinayak 44800, Nepal",
    "neighborhood": "Sipadol",
    "street": "MC7M+236",
    "city": "Suryabinayak",
    "postalCode": "44800",
    "state": null,
    "countryCode": "NP",
    "phone": "+977 984-1257526",
    "phoneUnformatted": "+9779841257526",
    "claimThisBusiness": true,
    "location": {
      "lat": 27.6625333,
      "lng": 85.4326271
    },
    "totalScore": 5,
    "permanentlyClosed": false,
    "temporarilyClosed": false,
    "placeId": "ChIJJdlTG6oa6zkRBOMPDGbAGpM",
    "categories": [
      "Montessori preschool"
    ],
    "fid": "0x39eb1aaa1b53d925:0x931ac0660c0fe304",
    "cid": "10599996217491448580",
    "reviewsCount": 2,
    "imagesCount": 27,
    "imageCategories": [],
    "scrapedAt": "2025-11-14T08:40:57.333Z",
    "googleFoodUrl": null,
    "hotelAds": [],
    "openingHours": [],
    "peopleAlsoSearch": [],
    "placesTags": [],
    "reviewsTags": [],
    "gasPrices": [],
    "url": "https://www.google.com/maps/search/?api=1&query=Little%20Treasures%20Montessori&query_place_id=ChIJJdlTG6oa6zkRBOMPDGbAGpM",
    "searchPageUrl": "https://www.google.com/maps/search/preschool/@27.666993023382226,85.4287066988148,17z?hl=en",
    "searchString": "preschool",
    "language": "en",
    "rank": 5,
    "isAdvertisement": false,
    "imageUrl": "https://lh3.googleusercontent.com/gps-cs-s/AG0ilSxzAufgeqVLyJT6qBmz-WVr7y3oRG1NCLARkjowitbFCTrlTKlZ4FmjIAfFwVf_B-BicSMAjYJjM9DXlJug5SrEhU5PfCRCNMDIasjnaEws2YN9CAkhovH7ApDmcNaEG771NI8=w408-h306-k-no",
    "kgmid": "/g/11g6nw3s2n"
  }
]