[
  {
    "title": "Prahnir Pen to Paper",
    "price": null,
    "categoryName": "School supply store",
    "address": "Changunarayan Municipality Ward no. 3 Office, Nepal",
    "neighborhood": "Jhaukhel",
    "street": "Changunarayan Municipality Ward no. 3 Office",
    "city": "Changunarayan",
    "postalCode": null,
    "state": null,
    "countryCode": "NP",
    "phone": "+977 985-1188554",
    "phoneUnformatted": "+9779851188554",
    "claimThisBusiness": true,
    "location": {
      "lat": 27.7032735,
      "lng": 85.4324091
    },
    "totalScore": 5,
    "permanentlyClosed": false,
    "temporarilyClosed": false,
    "placeId": "ChIJMx8N7wob6zkRtrDToadScdA",
    "categories": [
      "School supply store"
    ],
    "fid": "0x39eb1b0aef0d1f33:0xd07152a7a1d3b0b6",
    "cid": "15019877112185335990",
    "reviewsCount": 3,
    "reviewsDistribution": {
      "oneStar": 0,
      "twoStar": 0,
      "threeStar": 0,
      "fourStar": 0,
      "fiveStar": 3
    },
    "imagesCount": 1,
    "imageCategories": [],
    "scrapedAt": "2025-11-14T08:41:45.040Z",
    "googleFoodUrl": null,
    "hotelAds": [],
    "openingHours": [
      {
        "day": "Monday",
        "hours": "9 AM to 7 PM"
      },
      {
        "day": "Tuesday",
        "hours": "9 AM to 7 PM"
      },
      {
        "day": "Wednesday",
        "hours": "9 AM to 7 PM"
      },
      {
        "day": "Thursday",
        "hours": "9 AM to 7 PM"
      },
      {
        "day": "Friday",
        "hours": "9 AM to 7 PM"
      },
      {
        "day": "Saturday",
        "hours": "Closed"
      },
      {
        "day": "Sunday",
        "hours": "9 AM to 7 PM"
      }
    ],
    "peopleAlsoSearch": [],
    "placesTags": [],
    "reviewsTags": [],
    "gasPrices": [],
    "url": "https://www.google.com/maps/search/?api=1&query=Prahnir%20Pen%20to%20Paper&query_place_id=ChIJMx8N7wob6zkRtrDToadScdA",
    "searchPageUrl": "https://www.google.com/maps/search/school/@27.70502790647107,85.4287066988148,17z?hl=en",
    "searchString": "school",
    "language": "en",
    "rank": 23,
    "isAdvertisement": false,
    "imageUrl": "https://streetviewpixels-pa.googleapis.com/v1/thumbnail?panoid=4W_HlgjZeHfsTFbDhxOHxg&cb_client=search.gws-prod.gps&w=408&h=240&yaw=13.930102&pitch=0&thumbfov=100",
    "kgmid": "/g/11h64pb58p"
  }
]