[
  {
    "title": "KHWOPRING TAEKWONDO DOJANG",
    "price": null,
    "categoryName": "Taekwondo school",
    "address": "Chyamasingh,Degaina -Nala road, 44800, Nepal",
    "neighborhood": null,
    "street": "Chyamasingh,Degaina -Nala road",
    "city": "Bhaktapur",
    "postalCode": "44800",
    "state": null,
    "countryCode": "NP",
    "phone": "+977 982-3477808",
    "phoneUnformatted": "+9779823477808",
    "claimThisBusiness": false,
    "location": {
      "lat": 27.6740338,
      "lng": 85.4402071
    },
    "totalScore": 5,
    "permanentlyClosed": false,
    "temporarilyClosed": false,
    "placeId": "ChIJEfNAbdEF6zkRaa4LLUl_bbU",
    "categories": [
      "Taekwondo school"
    ],
    "fid": "0x39eb05d16d40f311:0xb56d7f492d0bae69",
    "cid": "13073245245591498345",
    "reviewsCount": 1,
    "reviewsDistribution": {
      "oneStar": 0,
      "twoStar": 0,
      "threeStar": 0,
      "fourStar": 0,
      "fiveStar": 1
    },
    "imagesCount": 551,
    "imageCategories": [],
    "scrapedAt": "2025-11-14T08:43:00.356Z",
    "googleFoodUrl": null,
    "hotelAds": [],
    "openingHours": [
      {
        "day": "Monday",
        "hours": "5:30 to 8 AM, 5 to 7:30 PM"
      },
      {
        "day": "Tuesday",
        "hours": "5:30 to 8 AM, 5 to 7:30 PM"
      },
      {
        "day": "Wednesday",
        "hours": "5:30 to 8 AM, 5 to 7:30 PM"
      },
      {
        "day": "Thursday",
        "hours": "5:30 to 8 AM, 5 to 7:30 PM"
      },
      {
        "day": "Friday",
        "hours": "5:30 to 8 AM, 5 to 7:30 PM"
      },
      {
        "day": "Saturday",
        "hours": "5:30 to 8 AM, 5 to 7:30 PM"
      },
      {
        "day": "Sunday",
        "hours": "Closed"
      }
    ],
    "peopleAlsoSearch": [],
    "placesTags": [],
    "reviewsTags": [],
    "additionalInfo": {
      "Service options": [
        {
          "Onsite services": true
        },
        {
          "Online classes": false
        }
      ]
    },
    "gasPrices": [],
    "url": "https://www.google.com/maps/search/?api=1&query=KHWOPRING%20TAEKWONDO%20DOJANG&query_place_id=ChIJEfNAbdEF6zkRaa4LLUl_bbU",
    "searchPageUrl": "https://www.google.com/maps/search/school/@27.674599999999995,85.43729330118518,17z?hl=en",
    "searchString": "school",
    "language": "en",
    "rank": 68,
    "isAdvertisement": false,
    "imageUrl": "https://lh3.googleusercontent.com/p/AF1QipPnYR_07sr-m5zx0QaKgKHQeSUrXrFmTHv0VgOq=w408-h306-k-no",
    "kgmid": "/g/11gv05ztpk"
  }
]