[
  {
    "title": "Gyan Sagar Education Academy",
    "price": null,
    "categoryName": "Technical school",
    "address": "MCCC+HVX, Bhaktapur 44800, Nepal",
    "neighborhood": null,
    "street": "MCCC+HVX",
    "city": "Bhaktapur",
    "postalCode": "44800",
    "state": null,
    "countryCode": "NP",
    "phone": "+977 1-6614492",
    "phoneUnformatted": "+97716614492",
    "claimThisBusiness": true,
    "location": {
      "lat": 27.6714898,
      "lng": 85.4222332
    },
    "permanentlyClosed": false,
    "temporarilyClosed": false,
    "placeId": "ChIJ9UugWQwb6zkRLdJTbAsH4vc",
    "categories": [
      "Technical school"
    ],
    "fid": "0x39eb1b0c59a04bf5:0xf7e2070b6c53d22d",
    "cid": "17861846817748275757",
    "reviewsCount": 0,
    "imagesCount": 1,
    "imageCategories": [],
    "scrapedAt": "2025-11-14T08:43:08.269Z",
    "googleFoodUrl": null,
    "hotelAds": [],
    "openingHours": [],
    "peopleAlsoSearch": [],
    "placesTags": [],
    "reviewsTags": [],
    "gasPrices": [],
    "url": "https://www.google.com/maps/search/?api=1&query=Gyan%20Sagar%20Education%20Academy&query_place_id=ChIJ9UugWQwb6zkRLdJTbAsH4vc",
    "searchPageUrl": "https://www.google.com/maps/search/college/@27.674599999999995,85.4287066988148,17z?hl=en",
    "searchString": "college",
    "language": "en",
    "rank": 31,
    "isAdvertisement": false,
    "imageUrl": "https://streetviewpixels-pa.googleapis.com/v1/thumbnail?panoid=pajUommqlb-8TUkhxv8S2g&cb_client=search.gws-prod.gps&w=408&h=240&yaw=23.398537&pitch=0&thumbfov=100",
    "kgmid": "/g/11g19p95ty"
  }
]