[
  {
    "title": "CETSC - License Trial & Operator Training Center",
    "price": null,
    "categoryName": "Vocational school",
    "address": "Sallaghari, Bhaktapur 44600, Nepal",
    "neighborhood": null,
    "street": "Sallaghari",
    "city": "Bhaktapur",
    "postalCode": "44600",
    "state": null,
    "countryCode": "NP",
    "website": "https://cetsc.com.np/",
    "phone": "+977 985-1122136",
    "phoneUnformatted": "+9779851122136",
    "claimThisBusiness": false,
    "location": {
      "lat": 27.6767868,
      "lng": 85.4075952
    },
    "totalScore": 4.9,
    "permanentlyClosed": false,
    "temporarilyClosed": false,
    "placeId": "ChIJyYCCrvEb6zkRG4oup15QQQk",
    "categories": [
      "Vocational school",
      "Drivers license training school",
      "Driving school",
      "Driving test center",
      "Training center"
    ],
    "fid": "0x39eb1bf1ae8280c9:0x941505ea72e8a1b",
    "cid": "666902587289537051",
    "reviewsCount": 55,
    "reviewsDistribution": {
      "oneStar": 1,
      "twoStar": 0,
      "threeStar": 0,
      "fourStar": 2,
      "fiveStar": 52
    },
    "imagesCount": 14,
    "imageCategories": [],
    "scrapedAt": "2025-11-14T08:43:01.856Z",
    "googleFoodUrl": null,
    "hotelAds": [],
    "openingHours": [
      {
        "day": "Monday",
        "hours": "9 AM to 6 PM"
      },
      {
        "day": "Tuesday",
        "hours": "9 AM to 6 PM"
      },
      {
        "day": "Wednesday",
        "hours": "9 AM to 6 PM"
      },
      {
        "day": "Thursday",
        "hours": "9 AM to 6 PM"
      },
      {
        "day": "Friday",
        "hours": "9 AM to 6 PM"
      },
      {
        "day": "Saturday",
        "hours": "Closed"
      },
      {
        "day": "Sunday",
        "hours": "9 AM to 6 PM"
      }
    ],
    "peopleAlsoSearch": [],
    "placesTags": [],
    "reviewsTags": [],
    "additionalInfo": {
      "Service options": [
        {
          "Online classes": false
        }
      ],
      "Accessibility": [
        {
          "Wheelchair accessible entrance": true
        },
        {
          "Wheelchair accessible parking lot": true
        }
      ]
    },
    "gasPrices": [],
    "url": "https://www.google.com/maps/search/?api=1&query=CETSC%20-%20License%20Trial%20%26%20Operator%20Training%20Center&query_place_id=ChIJyYCCrvEb6zkRG4oup15QQQk",
    "searchPageUrl": "https://www.google.com/maps/search/school/@27.674599999999995,85.40294689170369,17z?hl=en",
    "searchString": "school",
    "language": "en",
    "rank": 42,
    "isAdvertisement": false,
    "imageUrl": "https://lh3.googleusercontent.com/p/AF1QipPE-pvIsXqE9Fzi0vWj6gG7oOn7u7G8ZYzod_vv=w426-h240-k-no",
    "kgmid": "/g/11flbsgqz1"
  }
]