[
  {
    "title": "Ramey Danda",
    "price": null,
    "categoryName": "Athletic park",
    "address": "Unnamed Road, Anantalingeshwar, Nepal",
    "neighborhood": null,
    "street": "Unnamed Road",
    "city": "Anantalingeshwar",
    "postalCode": null,
    "state": null,
    "countryCode": "NP",
    "claimThisBusiness": false,
    "location": {
      "lat": 27.6633379,
      "lng": 85.3872104
    },
    "totalScore": 4.4,
    "permanentlyClosed": false,
    "temporarilyClosed": false,
    "placeId": "ChIJM1kWdLEb6zkR172FEE7eEJY",
    "categories": [
      "Athletic park"
    ],
    "fid": "0x39eb1bb174165933:0x9610de4e1085bdd7",
    "cid": "10813387132182576599",
    "reviewsCount": 49,
    "reviewsDistribution": {
      "oneStar": 1,
      "twoStar": 3,
      "threeStar": 3,
      "fourStar": 9,
      "fiveStar": 33
    },
    "imagesCount": 125,
    "imageCategories": [],
    "scrapedAt": "2025-11-14T10:23:02.484Z",
    "googleFoodUrl": null,
    "hotelAds": [],
    "openingHours": [
      {
        "day": "Monday",
        "hours": "Open 24 hours"
      },
      {
        "day": "Tuesday",
        "hours": "Open 24 hours"
      },
      {
        "day": "Wednesday",
        "hours": "Open 24 hours"
      },
      {
        "day": "Thursday",
        "hours": "Open 24 hours"
      },
      {
        "day": "Friday",
        "hours": "Open 24 hours"
      },
      {
        "day": "Saturday",
        "hours": "Open 24 hours"
      },
      {
        "day": "Sunday",
        "hours": "Open 24 hours"
      }
    ],
    "peopleAlsoSearch": [],
    "placesTags": [],
    "reviewsTags": [],
    "additionalInfo": {
      "Accessibility": [
        {
          "Wheelchair accessible entrance": true
        },
        {
          "Wheelchair accessible parking lot": true
        },
        {
          "Wheelchair accessible restroom": true
        },
        {
          "Wheelchair accessible seating": true
        }
      ],
      "Amenities": [
        {
          "Gender-neutral restroom": true
        }
      ]
    },
    "gasPrices": [],
    "url": "https://www.google.com/maps/search/?api=1&query=Ramey%20Danda&query_place_id=ChIJM1kWdLEb6zkR172FEE7eEJY",
    "searchPageUrl": "https://www.google.com/maps/search/park/@27.664893497689192,85.38815918240205,17z?hl=en",
    "searchString": "park",
    "language": "en",
    "rank": 23,
    "isAdvertisement": false,
    "imageUrl": "https://lh3.googleusercontent.com/gps-cs-s/AG0ilSxRWd4IN_1HVK8R5qdxZp4HdwVRGC2TJAJQiw1HFvXufv7Fdu_bEhJumySYjQ004T5X2djVfoXT5eG4zSUNSmf7FHNU9iPm82s2Ejh4FZXePp2Q5Z1ZxBP8DdN_irRbuRGZtB3J=w408-h862-k-no",
    "kgmid": "/g/11n0lb4mgz"
  }
]