[
  {
    "title": "Duwakot City Banquet",
    "price": null,
    "categoryName": "Banquet hall",
    "address": "Duwakot VDC, Sallaghari- Duwakot Rd, Changunarayan, Nepal",
    "neighborhood": "Duwakot",
    "street": "Duwakot VDC, Sallaghari- Duwakot Rd",
    "city": "Changunarayan",
    "postalCode": null,
    "state": null,
    "countryCode": "NP",
    "claimThisBusiness": false,
    "location": {
      "lat": 27.6870603,
      "lng": 85.4122556
    },
    "totalScore": 4.1,
    "permanentlyClosed": false,
    "temporarilyClosed": false,
    "placeId": "ChIJhdFU6dcb6zkRVSwZ1JM_0xg",
    "categories": [
      "Banquet hall",
      "Badminton court",
      "Driving school"
    ],
    "fid": "0x39eb1bd7e954d185:0x18d33f93d4192c55",
    "cid": "1788843381147380821",
    "reviewsCount": 78,
    "imagesCount": 78,
    "imageCategories": [],
    "scrapedAt": "2025-11-14T08:42:29.011Z",
    "googleFoodUrl": null,
    "hotelAds": [],
    "openingHours": [
      {
        "day": "Monday",
        "hours": "5 AM to 8 PM"
      },
      {
        "day": "Tuesday",
        "hours": "5 AM to 8 PM"
      },
      {
        "day": "Wednesday",
        "hours": "5 AM to 8 PM"
      },
      {
        "day": "Thursday",
        "hours": "5 AM to 8 PM"
      },
      {
        "day": "Friday",
        "hours": "5 AM to 8 PM"
      },
      {
        "day": "Saturday",
        "hours": "4:30 AM to 8 PM"
      },
      {
        "day": "Sunday",
        "hours": "5 AM to 8 PM"
      }
    ],
    "peopleAlsoSearch": [],
    "placesTags": [],
    "reviewsTags": [],
    "additionalInfo": {
      "Service options": [
        {
          "Dine-in": true
        }
      ],
      "Accessibility": [
        {
          "Wheelchair accessible entrance": true
        },
        {
          "Wheelchair accessible parking lot": true
        },
        {
          "Wheelchair accessible restroom": true
        }
      ],
      "Amenities": [
        {
          "Restroom": true
        }
      ],
      "Children": [
        {
          "Good for kids birthday": true
        }
      ]
    },
    "gasPrices": [],
    "url": "https://www.google.com/maps/search/?api=1&query=Duwakot%20City%20Banquet&query_place_id=ChIJhdFU6dcb6zkRVSwZ1JM_0xg",
    "searchPageUrl": "https://www.google.com/maps/search/school/@27.689813953235532,85.41153349407406,17z?hl=en",
    "searchString": "school",
    "language": "en",
    "rank": 17,
    "isAdvertisement": false,
    "imageUrl": "https://lh3.googleusercontent.com/gps-cs-s/AG0ilSwSP0RinkD1afbS0ub79rRg9AA-jL-Q8LebXFdWPKs7M51IaITHUyTFIOE_mX-oTAbIF8XOHoxNNW15hmNqWuJrRpmgxWudUzJYhokvvD95DGLgkAWZHtjRdt0Wf6OtF_ViA1rDyA=w546-h240-k-no",
    "kgmid": "/g/11rvgg0qmg"
  }
]