[
  {
    "title": "Suryabianayak boxing[YSSW]",
    "price": null,
    "categoryName": "Boxing gym",
    "address": "MC7F+V2J, Bhaktapur 44800, Nepal",
    "neighborhood": "Katunje",
    "street": "MC7F+V2J",
    "city": "Bhaktapur",
    "postalCode": "44800",
    "state": null,
    "countryCode": "NP",
    "claimThisBusiness": true,
    "location": {
      "lat": 27.6646778,
      "lng": 85.4224933
    },
    "permanentlyClosed": false,
    "temporarilyClosed": false,
    "placeId": "ChIJYT3EGwAb6zkRSDzb-crZMW8",
    "categories": [
      "Boxing gym"
    ],
    "fid": "0x39eb1b001bc43d61:0x6f31d9caf9db3c48",
    "cid": "8012424677867338824",
    "reviewsCount": 0,
    "imagesCount": null,
    "imageCategories": [],
    "scrapedAt": "2025-11-14T10:22:12.772Z",
    "googleFoodUrl": null,
    "hotelAds": [],
    "openingHours": [],
    "peopleAlsoSearch": [],
    "placesTags": [],
    "reviewsTags": [],
    "gasPrices": [],
    "url": "https://www.google.com/maps/search/?api=1&query=Suryabianayak%20boxing%5BYSSW%5D&query_place_id=ChIJYT3EGwAb6zkRSDzb-crZMW8",
    "searchPageUrl": "https://www.google.com/maps/search/gym/@27.65728699537838,85.43108520439945,17z?hl=en",
    "searchString": "gym",
    "language": "en",
    "rank": 20,
    "isAdvertisement": false,
    "kgmid": "/g/11yn1hsvsf"
  },
  {
    "title": "Suryabianayak boxing[YSSW]",
    "price": null,
    "categoryName": "Boxing gym",
    "address": "MC7F+V2J, Bhaktapur 44800, Nepal",
    "neighborhood": "Katunje",
    "street": "MC7F+V2J",
    "city": "Bhaktapur",
    "postalCode": "44800",
    "state": null,
    "countryCode": "NP",
    "claimThisBusiness": true,
    "location": {
      "lat": 27.6646778,
      "lng": 85.4224933
    },
    "permanentlyClosed": false,
    "temporarilyClosed": false,
    "placeId": "ChIJYT3EGwAb6zkRSDzb-crZMW8",
    "categories": [
      "Boxing gym"
    ],
    "fid": "0x39eb1b001bc43d61:0x6f31d9caf9db3c48",
    "cid": "8012424677867338824",
    "reviewsCount": 0,
    "imagesCount": null,
    "imageCategories": [],
    "scrapedAt": "2025-11-14T08:27:22.145Z",
    "googleFoodUrl": null,
    "hotelAds": [],
    "openingHours": [],
    "peopleAlsoSearch": [],
    "placesTags": [],
    "reviewsTags": [],
    "gasPrices": [],
    "url": "https://www.google.com/maps/search/?api=1&query=Suryabianayak%20boxing%5BYSSW%5D&query_place_id=ChIJYT3EGwAb6zkRSDzb-crZMW8",
    "searchPageUrl": "https://www.google.com/maps/search/gym/@27.667695459098024,85.42150000000001,17z?hl=en",
    "searchString": "gym",
    "language": "en",
    "rank": 10,
    "isAdvertisement": false,
    "kgmid": "/g/11yn1hsvsf"
  }
]