[
  {
    "title": "Chautari",
    "price": null,
    "categoryName": "Community garden",
    "address": "MCM5+V6P, Atharvanagar Rd, Changunarayan, Nepal",
    "neighborhood": "Duwakot",
    "street": "MCM5+V6P, Atharvanagar Rd",
    "city": "Changunarayan",
    "postalCode": null,
    "state": null,
    "countryCode": "NP",
    "claimThisBusiness": true,
    "location": {
      "lat": 27.6847158,
      "lng": 85.4080922
    },
    "totalScore": 4.1,
    "permanentlyClosed": false,
    "temporarilyClosed": false,
    "placeId": "ChIJta54Ppcb6zkRuJoFDUMsuao",
    "categories": [
      "Community garden"
    ],
    "fid": "0x39eb1b973e78aeb5:0xaab92c430d059ab8",
    "cid": "12301912523632122552",
    "reviewsCount": 22,
    "imagesCount": 53,
    "imageCategories": [],
    "scrapedAt": "2025-11-14T08:41:04.632Z",
    "googleFoodUrl": null,
    "hotelAds": [],
    "openingHours": [],
    "peopleAlsoSearch": [],
    "placesTags": [],
    "reviewsTags": [],
    "additionalInfo": {
      "Children": [
        {
          "Good for kids": true
        }
      ],
      "Pets": [
        {
          "Dogs allowed": true
        }
      ]
    },
    "gasPrices": [],
    "url": "https://www.google.com/maps/search/?api=1&query=Chautari&query_place_id=ChIJta54Ppcb6zkRuJoFDUMsuao",
    "searchPageUrl": "https://www.google.com/maps/search/garden/@27.689813953235532,85.43729330118518,17z?hl=en",
    "searchString": "garden",
    "language": "en",
    "rank": 16,
    "isAdvertisement": false,
    "imageUrl": "https://lh3.googleusercontent.com/gps-cs-s/AG0ilSyzvDS5tHuluI-DpZqb3qrNS8j3-7-YKh7MLh3x6PEP1mAwRc75IZwHs07YLDDcxmD3REGD4GuSEbVmCfOG5o4MGvRy6rBOloNOhOPYnhlPXwdestNsWqFpPP37crWQr6Eiotym=w408-h306-k-no",
    "kgmid": "/g/11fl91mj5p"
  }
]