[
  {
    "title": "District Administration Office, Bhaktapur",
    "subTitle": "जिल्ला प्रशासन कार्यालय, भक्तपुर",
    "price": null,
    "categoryName": "District office",
    "address": "Durbar Square, Bhaktapur 44800, Nepal",
    "neighborhood": null,
    "street": "Durbar Square",
    "city": "Bhaktapur",
    "postalCode": "44800",
    "state": null,
    "countryCode": "NP",
    "website": "http://daobhaktapur.moha.gov.np/",
    "phone": "+977 1-6614437",
    "phoneUnformatted": "+97716614437",
    "claimThisBusiness": false,
    "location": {
      "lat": 27.6732718,
      "lng": 85.4280304
    },
    "totalScore": 4.3,
    "permanentlyClosed": false,
    "temporarilyClosed": false,
    "placeId": "ChIJ26Wv6hQb6zkRo4YA94IcNZA",
    "categories": [
      "District office"
    ],
    "fid": "0x39eb1b14eaafa5db:0x90351c82f70086a3",
    "cid": "10391243064042620579",
    "reviewsCount": 16,
    "reviewsDistribution": {
      "oneStar": 0,
      "twoStar": 3,
      "threeStar": 0,
      "fourStar": 3,
      "fiveStar": 10
    },
    "imagesCount": 57,
    "imageCategories": [],
    "scrapedAt": "2025-11-14T08:13:21.422Z",
    "googleFoodUrl": null,
    "hotelAds": [],
    "openingHours": [
      {
        "day": "Monday",
        "hours": "10 AM to 4 PM"
      },
      {
        "day": "Tuesday",
        "hours": "10 AM to 4 PM"
      },
      {
        "day": "Wednesday",
        "hours": "10 AM to 4 PM"
      },
      {
        "day": "Thursday",
        "hours": "10 AM to 4 PM"
      },
      {
        "day": "Friday",
        "hours": "10 AM to 3 PM"
      },
      {
        "day": "Saturday",
        "hours": "Closed"
      },
      {
        "day": "Sunday",
        "hours": "10 AM to 4 PM"
      }
    ],
    "peopleAlsoSearch": [],
    "placesTags": [],
    "reviewsTags": [],
    "additionalInfo": {
      "Accessibility": [
        {
          "Wheelchair accessible entrance": true
        },
        {
          "Wheelchair accessible parking lot": true
        }
      ],
      "Amenities": [
        {
          "Restroom": true
        }
      ]
    },
    "gasPrices": [],
    "url": "https://www.google.com/maps/search/?api=1&query=District%20Administration%20Office%2C%20Bhaktapur&query_place_id=ChIJ26Wv6hQb6zkRo4YA94IcNZA",
    "searchPageUrl": "https://www.google.com/maps/search/hospital/@27.67530454090198,85.43009086349416,17z?hl=en",
    "searchString": "hospital",
    "language": "en",
    "rank": 42,
    "isAdvertisement": false,
    "imageUrl": "https://lh3.googleusercontent.com/gps-cs-s/AG0ilSwGwmxsS8GL6esZOG2O2Q0IIVLsPIkwnr5_ZJJdQqNyGom3JTJjewSntuUCl8bU6CmtmLfg0ld0IlqxbQ7IYRD8oYFg6BnopWVqEfzJNnv64vaVK5MQ7rOqxL6_NxYZH86TdtlI5g=w426-h240-k-no",
    "kgmid": "/g/11b6pybcvz"
  }
]