[
  {
    "title": "Newari marina kitchen",
    "price": null,
    "categoryName": "Food bank",
    "address": "MCH3+P6C, Bhaktapur Road, Madhyapur Thimi, Nepal",
    "neighborhood": "Nikoshera",
    "street": "MCH3+P6C, Bhaktapur Road",
    "city": "Madhyapur Thimi",
    "postalCode": null,
    "state": null,
    "countryCode": "NP",
    "claimThisBusiness": true,
    "location": {
      "lat": 27.6793164,
      "lng": 85.4030016
    },
    "permanentlyClosed": false,
    "temporarilyClosed": false,
    "placeId": "ChIJa2tF-Ccb6zkR3m9QKN2GKhE",
    "categories": [
      "Food bank"
    ],
    "fid": "0x39eb1b27f8456b6b:0x112a86dd28506fde",
    "cid": "1236949332088877022",
    "reviewsCount": 0,
    "imagesCount": 1,
    "imageCategories": [],
    "scrapedAt": "2025-11-14T10:19:53.252Z",
    "googleFoodUrl": null,
    "hotelAds": [],
    "openingHours": [
      {
        "day": "Monday",
        "hours": "6 AM to 10 PM"
      },
      {
        "day": "Tuesday",
        "hours": "6 AM to 10 PM"
      },
      {
        "day": "Wednesday",
        "hours": "6 AM to 10 PM"
      },
      {
        "day": "Thursday",
        "hours": "6 AM to 10 PM"
      },
      {
        "day": "Friday",
        "hours": "6 AM to 10 PM"
      },
      {
        "day": "Saturday",
        "hours": "6 AM to 10 PM"
      },
      {
        "day": "Sunday",
        "hours": "6 AM to 10 PM"
      }
    ],
    "peopleAlsoSearch": [],
    "placesTags": [],
    "reviewsTags": [],
    "gasPrices": [],
    "url": "https://www.google.com/maps/search/?api=1&query=Newari%20marina%20kitchen&query_place_id=ChIJa2tF-Ccb6zkR3m9QKN2GKhE",
    "searchPageUrl": "https://www.google.com/maps/search/bank/@27.680106502310814,85.39674438680153,17z?hl=en",
    "searchString": "bank",
    "language": "en",
    "rank": 34,
    "isAdvertisement": false,
    "imageUrl": "https://streetviewpixels-pa.googleapis.com/v1/thumbnail?panoid=V5HuKE00mwkqZsNy8e92cA&cb_client=search.gws-prod.gps&w=408&h=240&yaw=21.012323&pitch=0&thumbfov=100",
    "kgmid": "/g/11s93kbrc4"
  },
  {
    "title": "Hygiene Cold Store",
    "price": null,
    "categoryName": "Food bank",
    "address": "Chaur, Kathmandu 44600, Nepal",
    "neighborhood": "Mulpani",
    "street": "Chaur",
    "city": "Kathmandu",
    "postalCode": "44600",
    "state": null,
    "countryCode": "NP",
    "phone": "+977 985-1165370",
    "phoneUnformatted": "+9779851165370",
    "claimThisBusiness": false,
    "location": {
      "lat": 27.7151476,
      "lng": 85.4069504
    },
    "totalScore": 5,
    "permanentlyClosed": false,
    "temporarilyClosed": false,
    "placeId": "ChIJS-qAPAAb6zkR8E6Uzs2TxoM",
    "categories": [
      "Food bank"
    ],
    "fid": "0x39eb1b003c80ea4b:0x83c693cdce944ef0",
    "cid": "9495439376500674288",
    "reviewsCount": 1,
    "reviewsDistribution": {
      "oneStar": 0,
      "twoStar": 0,
      "threeStar": 0,
      "fourStar": 0,
      "fiveStar": 1
    },
    "imagesCount": 16,
    "imageCategories": [],
    "scrapedAt": "2025-11-14T10:22:04.192Z",
    "googleFoodUrl": null,
    "hotelAds": [],
    "openingHours": [],
    "peopleAlsoSearch": [],
    "placesTags": [],
    "reviewsTags": [],
    "gasPrices": [],
    "url": "https://www.google.com/maps/search/?api=1&query=Hygiene%20Cold%20Store&query_place_id=ChIJS-qAPAAb6zkR8E6Uzs2TxoM",
    "searchPageUrl": "https://www.google.com/maps/search/bank/@27.718139013864867,85.41391479560049,17z?hl=en",
    "searchString": "bank",
    "language": "en",
    "rank": 21,
    "isAdvertisement": false,
    "imageUrl": "https://lh3.googleusercontent.com/p/AF1QipNCNGi9oo7oBVtgdNd92eL5qwYsyazBrSVCc95X=w408-h306-k-no",
    "kgmid": "/g/11xkqmtxvf"
  },
  {
    "title": "Kafle baje tedars",
    "price": null,
    "categoryName": "Food bank",
    "address": "Bhaktapur 00977, Nepal",
    "neighborhood": "Katunje",
    "street": null,
    "city": "Bhaktapur",
    "postalCode": "00977",
    "state": null,
    "countryCode": "NP",
    "phone": "+977 984-1667797",
    "phoneUnformatted": "+9779841667797",
    "claimThisBusiness": true,
    "location": {
      "lat": 27.6644841,
      "lng": 85.4090714
    },
    "permanentlyClosed": false,
    "temporarilyClosed": false,
    "placeId": "ChIJhxfvBvcb6zkRxKyFvZyLvVQ",
    "categories": [
      "Food bank"
    ],
    "fid": "0x39eb1bf706ef1787:0x54bd8b9cbd85acc4",
    "cid": "6106190175095073988",
    "reviewsCount": 0,
    "imagesCount": 1,
    "imageCategories": [],
    "scrapedAt": "2025-11-14T08:26:54.136Z",
    "googleFoodUrl": null,
    "hotelAds": [],
    "openingHours": [],
    "peopleAlsoSearch": [],
    "placesTags": [],
    "reviewsTags": [],
    "gasPrices": [],
    "url": "https://www.google.com/maps/search/?api=1&query=Kafle%20baje%20tedars&query_place_id=ChIJhxfvBvcb6zkRxKyFvZyLvVQ",
    "searchPageUrl": "https://www.google.com/maps/search/bank/@27.667695459098024,85.40431827301171,17z?hl=en",
    "searchString": "bank",
    "language": "en",
    "rank": 34,
    "isAdvertisement": false,
    "imageUrl": "https://streetviewpixels-pa.googleapis.com/v1/thumbnail?panoid=vHDMOaYrWa5Z_Q8gdWHXvQ&cb_client=search.gws-prod.gps&w=408&h=240&yaw=283.06418&pitch=0&thumbfov=100",
    "kgmid": "/g/11vz53r4hl"
  },
  {
    "title": "nothing",
    "price": null,
    "categoryName": "Food bank",
    "address": "1 111, Bhaktapur, Nepal",
    "neighborhood": null,
    "street": "1 111",
    "city": "Bhaktapur",
    "postalCode": null,
    "state": null,
    "countryCode": "NP",
    "claimThisBusiness": true,
    "location": {
      "lat": 27.6709939,
      "lng": 85.4298429
    },
    "permanentlyClosed": false,
    "temporarilyClosed": false,
    "placeId": "ChIJeaHQfJEb6zkRSB9kNSkBplc",
    "categories": [
      "Food bank"
    ],
    "fid": "0x39eb1b917cd0a179:0x57a6012935641f48",
    "cid": "6315736803934740296",
    "reviewsCount": 0,
    "imagesCount": 1,
    "imageCategories": [],
    "scrapedAt": "2025-11-14T08:28:50.260Z",
    "googleFoodUrl": null,
    "hotelAds": [],
    "openingHours": [],
    "peopleAlsoSearch": [],
    "placesTags": [],
    "reviewsTags": [],
    "gasPrices": [],
    "url": "https://www.google.com/maps/search/?api=1&query=nothing&query_place_id=ChIJeaHQfJEb6zkRSB9kNSkBplc",
    "searchPageUrl": "https://www.google.com/maps/search/bank/@27.66994845,85.4280696,17.827491031884797z?hl=en",
    "searchString": "bank",
    "language": "en",
    "rank": 39,
    "isAdvertisement": false,
    "imageUrl": "https://streetviewpixels-pa.googleapis.com/v1/thumbnail?panoid=Xiwkb2LIzRqxgf6gIkv8Jw&cb_client=search.gws-prod.gps&w=408&h=240&yaw=356.44382&pitch=0&thumbfov=100",
    "kgmid": "/g/11mvrzvvxj"
  }
]