[
  {
    "title": "Thulo Dhara Taudole",
    "price": null,
    "categoryName": "Garden",
    "address": "JCWW+Q3P, Suryabinayak, Nepal",
    "neighborhood": "Sipadol",
    "street": "JCWW+Q3P",
    "city": "Suryabinayak",
    "postalCode": null,
    "state": null,
    "countryCode": "NP",
    "claimThisBusiness": true,
    "location": {
      "lat": 27.6469719,
      "lng": 85.4451984
    },
    "totalScore": 5,
    "permanentlyClosed": false,
    "temporarilyClosed": false,
    "placeId": "ChIJ-TB4fAAP6zkRMWyJZspZm78",
    "categories": [
      "Garden"
    ],
    "fid": "0x39eb0f007c7830f9:0xbf9b59ca66896c31",
    "cid": "13806727808472935473",
    "reviewsCount": 1,
    "imagesCount": null,
    "imageCategories": [],
    "scrapedAt": "2025-11-14T08:40:18.584Z",
    "googleFoodUrl": null,
    "hotelAds": [],
    "openingHours": [],
    "peopleAlsoSearch": [],
    "placesTags": [],
    "reviewsTags": [],
    "additionalInfo": {
      "Children": [
        {
          "Good for kids": true
        }
      ]
    },
    "gasPrices": [],
    "url": "https://www.google.com/maps/search/?api=1&query=Thulo%20Dhara%20Taudole&query_place_id=ChIJ-TB4fAAP6zkRMWyJZspZm78",
    "searchPageUrl": "https://www.google.com/maps/search/garden/@27.64417209352892,85.44587990355555,17z?hl=en",
    "searchString": "garden",
    "language": "en",
    "rank": 2,
    "isAdvertisement": false,
    "kgmid": "/g/11w7kkxrk2"
  },
  {
    "title": "Sipadoll",
    "price": null,
    "categoryName": "Garden",
    "address": "JCWV+23W, Suryabinayak, Nepal",
    "neighborhood": "Sipadol",
    "street": "JCWV+23W",
    "city": "Suryabinayak",
    "postalCode": null,
    "state": null,
    "countryCode": "NP",
    "claimThisBusiness": true,
    "location": {
      "lat": 27.6451028,
      "lng": 85.4427153
    },
    "totalScore": 1,
    "permanentlyClosed": false,
    "temporarilyClosed": false,
    "placeId": "ChIJqwb6eAAP6zkR_kmXPiCDpFc",
    "categories": [
      "Garden"
    ],
    "fid": "0x39eb0f0078fa06ab:0x57a483203e9749fe",
    "cid": "6315316751992572414",
    "reviewsCount": 1,
    "imagesCount": 13,
    "imageCategories": [],
    "scrapedAt": "2025-11-14T08:40:18.584Z",
    "googleFoodUrl": null,
    "hotelAds": [],
    "openingHours": [],
    "peopleAlsoSearch": [],
    "placesTags": [],
    "reviewsTags": [],
    "additionalInfo": {
      "Children": [
        {
          "Good for kids": true
        }
      ]
    },
    "gasPrices": [],
    "url": "https://www.google.com/maps/search/?api=1&query=Sipadoll&query_place_id=ChIJqwb6eAAP6zkR_kmXPiCDpFc",
    "searchPageUrl": "https://www.google.com/maps/search/garden/@27.64417209352892,85.44587990355555,17z?hl=en",
    "searchString": "garden",
    "language": "en",
    "rank": 4,
    "isAdvertisement": false,
    "imageUrl": "https://lh3.googleusercontent.com/gps-cs-s/AG0ilSzO_dy3FP6l0SEnI3TsvxGD-kyhZwBpbUvGxX1n_IBsk8ZnIGBe3fT3PWgMHUg8Rnz2DqTeLF4qdWjnej5ciFjbaICI3NFozmviqX1CMd8emniufOZ8zVM2Z1vR6WjY8sOgrss=w408-h306-k-no",
    "kgmid": "/g/11vjzpslkl"
  },
  {
    "title": "कल्पभूमि",
    "price": null,
    "categoryName": "Garden",
    "address": "सूर्यविनायक –३, Nepal",
    "neighborhood": "Sipadol",
    "street": "सूर्यविनायक –३",
    "city": "Suryabinayak",
    "postalCode": null,
    "state": null,
    "countryCode": "NP",
    "claimThisBusiness": true,
    "location": {
      "lat": 27.6437096,
      "lng": 85.4414044
    },
    "permanentlyClosed": false,
    "temporarilyClosed": false,
    "placeId": "ChIJSUALRSEP6zkRRaZtXEWPOZo",
    "categories": [
      "Garden"
    ],
    "fid": "0x39eb0f21450b4049:0x9a398f455c6da645",
    "cid": "11113071083579614789",
    "reviewsCount": 0,
    "imagesCount": 1,
    "imageCategories": [],
    "scrapedAt": "2025-11-14T08:40:18.584Z",
    "googleFoodUrl": null,
    "hotelAds": [],
    "openingHours": [],
    "peopleAlsoSearch": [],
    "placesTags": [],
    "reviewsTags": [],
    "additionalInfo": {
      "Children": [
        {
          "Good for kids": true
        }
      ]
    },
    "gasPrices": [],
    "url": "https://www.google.com/maps/search/?api=1&query=%E0%A4%95%E0%A4%B2%E0%A5%8D%E0%A4%AA%E0%A4%AD%E0%A5%82%E0%A4%AE%E0%A4%BF&query_place_id=ChIJSUALRSEP6zkRRaZtXEWPOZo",
    "searchPageUrl": "https://www.google.com/maps/search/garden/@27.64417209352892,85.44587990355555,17z?hl=en",
    "searchString": "garden",
    "language": "en",
    "rank": 6,
    "isAdvertisement": false,
    "imageUrl": "https://streetviewpixels-pa.googleapis.com/v1/thumbnail?panoid=zYP74YG199WaUQbE1wg-bw&cb_client=search.gws-prod.gps&w=408&h=240&yaw=45.204166&pitch=0&thumbfov=100",
    "kgmid": "/g/11s4b0pd9f"
  },
  {
    "title": "Darjeeling height pani tanki , suryabinayak",
    "price": null,
    "categoryName": "Garden",
    "address": "MC3J+273, Bhaktapur, Nepal",
    "neighborhood": "Sipadol",
    "street": "MC3J+273",
    "city": "Bhaktapur",
    "postalCode": null,
    "state": null,
    "countryCode": "NP",
    "claimThisBusiness": true,
    "location": {
      "lat": 27.6525117,
      "lng": 85.4306595
    },
    "totalScore": 5,
    "permanentlyClosed": false,
    "temporarilyClosed": false,
    "placeId": "ChIJFUT2EQAR6zkRyZws8Tyx4eg",
    "categories": [
      "Garden"
    ],
    "fid": "0x39eb110011f64415:0xe8e1b13cf12c9cc9",
    "cid": "16780888561861565641",
    "reviewsCount": 4,
    "imagesCount": 1,
    "imageCategories": [],
    "scrapedAt": "2025-11-14T08:40:18.584Z",
    "googleFoodUrl": null,
    "hotelAds": [],
    "openingHours": [],
    "peopleAlsoSearch": [],
    "placesTags": [],
    "reviewsTags": [],
    "gasPrices": [],
    "url": "https://www.google.com/maps/search/?api=1&query=Darjeeling%20height%20pani%20tanki%20%2C%20suryabinayak&query_place_id=ChIJFUT2EQAR6zkRyZws8Tyx4eg",
    "searchPageUrl": "https://www.google.com/maps/search/garden/@27.64417209352892,85.44587990355555,17z?hl=en",
    "searchString": "garden",
    "language": "en",
    "rank": 7,
    "isAdvertisement": false,
    "imageUrl": "https://streetviewpixels-pa.googleapis.com/v1/thumbnail?panoid=zKOLTfVyI8sqdX9IQyGugg&cb_client=search.gws-prod.gps&w=408&h=240&yaw=167.76418&pitch=0&thumbfov=100",
    "kgmid": "/g/11xdxmb6rq"
  },
  {
    "title": "Mrida Experiences Center",
    "price": null,
    "categoryName": "Garden",
    "address": "Nagarkot Road, Bhaktapur, Nepal",
    "neighborhood": "Kharipati",
    "street": "Nagarkot Road",
    "city": "Bhaktapur",
    "postalCode": null,
    "state": null,
    "countryCode": "NP",
    "claimThisBusiness": false,
    "location": {
      "lat": 27.6829762,
      "lng": 85.4539149
    },
    "totalScore": 5,
    "permanentlyClosed": false,
    "temporarilyClosed": false,
    "placeId": "ChIJxzfnSgAF6zkR1wdAzDRdhmY",
    "categories": [
      "Garden"
    ],
    "fid": "0x39eb05004ae737c7:0x66865d34cc4007d7",
    "cid": "7387694720094308311",
    "reviewsCount": 1,
    "imagesCount": 2,
    "imageCategories": [],
    "scrapedAt": "2025-11-14T08:40:18.584Z",
    "googleFoodUrl": null,
    "hotelAds": [],
    "openingHours": [],
    "peopleAlsoSearch": [],
    "placesTags": [],
    "reviewsTags": [],
    "gasPrices": [],
    "url": "https://www.google.com/maps/search/?api=1&query=Mrida%20Experiences%20Center&query_place_id=ChIJxzfnSgAF6zkR1wdAzDRdhmY",
    "searchPageUrl": "https://www.google.com/maps/search/garden/@27.64417209352892,85.44587990355555,17z?hl=en",
    "searchString": "garden",
    "language": "en",
    "rank": 10,
    "isAdvertisement": false,
    "imageUrl": "https://streetviewpixels-pa.googleapis.com/v1/thumbnail?panoid=pEGF7kbHqTNGGuqC9YY3kg&cb_client=search.gws-prod.gps&w=408&h=240&yaw=345.829&pitch=0&thumbfov=100",
    "kgmid": "/g/11y14dpldd"
  },
  {
    "title": "Bagmara",
    "price": null,
    "categoryName": "Garden",
    "address": "MCCH+CW4, Bhaktapur 44800, Nepal",
    "neighborhood": null,
    "street": "MCCH+CW4",
    "city": "Bhaktapur",
    "postalCode": null,
    "state": null,
    "countryCode": "NP",
    "claimThisBusiness": true,
    "location": {
      "lat": 27.6710221,
      "lng": 85.4298197
    },
    "totalScore": 5,
    "permanentlyClosed": false,
    "temporarilyClosed": false,
    "placeId": "ChIJ30YXDS8b6zkR0I_rUViulbg",
    "categories": [
      "Garden"
    ],
    "fid": "0x39eb1b2f0d1746df:0xb895ae5851eb8fd0",
    "cid": "13300728768863375312",
    "reviewsCount": 1,
    "imagesCount": 1,
    "imageCategories": [],
    "scrapedAt": "2025-11-14T08:40:18.584Z",
    "googleFoodUrl": null,
    "hotelAds": [],
    "openingHours": [],
    "peopleAlsoSearch": [],
    "placesTags": [],
    "reviewsTags": [],
    "additionalInfo": {
      "Children": [
        {
          "Good for kids": true
        }
      ]
    },
    "gasPrices": [],
    "url": "https://www.google.com/maps/search/?api=1&query=Bagmara&query_place_id=ChIJ30YXDS8b6zkR0I_rUViulbg",
    "searchPageUrl": "https://www.google.com/maps/search/garden/@27.64417209352892,85.44587990355555,17z?hl=en",
    "searchString": "garden",
    "language": "en",
    "rank": 11,
    "isAdvertisement": false,
    "imageUrl": "https://streetviewpixels-pa.googleapis.com/v1/thumbnail?panoid=nLq8QKi__V8OqYrwsXe4Uw&cb_client=search.gws-prod.gps&w=408&h=240&yaw=206.03722&pitch=0&thumbfov=100",
    "kgmid": "/g/11k4pcmp9m"
  },
  {
    "title": "Laxmi Tol",
    "price": null,
    "categoryName": "Garden",
    "address": "MFX3+69P, Bhaktapur, Nepal",
    "neighborhood": "Chhaling",
    "street": "MFX3+69P",
    "city": "Bhaktapur",
    "postalCode": null,
    "state": null,
    "countryCode": "NP",
    "claimThisBusiness": true,
    "location": {
      "lat": 27.6980995,
      "lng": 85.4534449
    },
    "totalScore": 5,
    "permanentlyClosed": false,
    "temporarilyClosed": false,
    "placeId": "ChIJzW5kuDoF6zkR5C8_5nN3PvQ",
    "categories": [
      "Garden"
    ],
    "fid": "0x39eb053ab8646ecd:0xf43e7773e63f2fe4",
    "cid": "17599635733478322148",
    "reviewsCount": 1,
    "imagesCount": 1,
    "imageCategories": [],
    "scrapedAt": "2025-11-14T08:40:18.584Z",
    "googleFoodUrl": null,
    "hotelAds": [],
    "openingHours": [],
    "peopleAlsoSearch": [],
    "placesTags": [],
    "reviewsTags": [],
    "additionalInfo": {
      "Children": [
        {
          "Good for kids": true
        }
      ]
    },
    "gasPrices": [],
    "url": "https://www.google.com/maps/search/?api=1&query=Laxmi%20Tol&query_place_id=ChIJzW5kuDoF6zkR5C8_5nN3PvQ",
    "searchPageUrl": "https://www.google.com/maps/search/garden/@27.64417209352892,85.44587990355555,17z?hl=en",
    "searchString": "garden",
    "language": "en",
    "rank": 12,
    "isAdvertisement": false,
    "imageUrl": "https://streetviewpixels-pa.googleapis.com/v1/thumbnail?panoid=05BsOxRWFB6omdtVQGoCbA&cb_client=search.gws-prod.gps&w=408&h=240&yaw=124.20349&pitch=0&thumbfov=100",
    "kgmid": "/g/11krkjl683"
  },
  {
    "title": "Cin Cin Garden",
    "price": null,
    "categoryName": "Garden",
    "address": "Bhaktapur 44800, Nepal",
    "neighborhood": "Bhajyapukhu",
    "street": null,
    "city": "Bhaktapur",
    "postalCode": "44800",
    "state": null,
    "countryCode": "NP",
    "website": "https://cincingarden.com.np/",
    "phone": "+977 985-1437555",
    "phoneUnformatted": "+9779851437555",
    "claimThisBusiness": false,
    "location": {
      "lat": 27.6706505,
      "lng": 85.4218284
    },
    "totalScore": 4.7,
    "permanentlyClosed": false,
    "temporarilyClosed": false,
    "placeId": "ChIJLZDyCwAb6zkRpLvmbA5i6Sw",
    "categories": [
      "Garden",
      "Restaurant",
      "Sports bar"
    ],
    "fid": "0x39eb1b000bf2902d:0x2ce9620e6ce6bba4",
    "cid": "3236225621338536868",
    "reviewsCount": 403,
    "imagesCount": 160,
    "imageCategories": [],
    "scrapedAt": "2025-11-14T08:40:18.584Z",
    "googleFoodUrl": null,
    "hotelAds": [],
    "openingHours": [
      {
        "day": "Monday",
        "hours": "7:30 AM to 9 PM"
      },
      {
        "day": "Tuesday",
        "hours": "7:30 AM to 9 PM"
      },
      {
        "day": "Wednesday",
        "hours": "7:30 AM to 9 PM"
      },
      {
        "day": "Thursday",
        "hours": "7:30 AM to 9 PM"
      },
      {
        "day": "Friday",
        "hours": "7:30 AM to 9 PM"
      },
      {
        "day": "Saturday",
        "hours": "7:30 AM to 9 PM"
      },
      {
        "day": "Sunday",
        "hours": "7:30 AM to 9 PM"
      }
    ],
    "peopleAlsoSearch": [],
    "placesTags": [],
    "reviewsTags": [],
    "additionalInfo": {
      "Service options": [
        {
          "Outdoor seating": true
        },
        {
          "No-contact delivery": true
        },
        {
          "Delivery": true
        },
        {
          "Takeout": true
        },
        {
          "Dine-in": true
        }
      ],
      "Highlights": [
        {
          "Great beer selection": true
        },
        {
          "Great cocktails": true
        },
        {
          "Great coffee": true
        },
        {
          "Great dessert": true
        },
        {
          "Great tea selection": true
        },
        {
          "Live music": true
        },
        {
          "Sports": true
        }
      ],
      "Popular for": [
        {
          "Lunch": true
        },
        {
          "Dinner": true
        },
        {
          "Solo dining": true
        }
      ],
      "Offerings": [
        {
          "Alcohol": true
        },
        {
          "Beer": true
        },
        {
          "Cocktails": true
        },
        {
          "Coffee": true
        },
        {
          "Hard liquor": true
        },
        {
          "Quick bite": true
        },
        {
          "Small plates": true
        },
        {
          "Wine": true
        }
      ],
      "Dining options": [
        {
          "Breakfast": true
        },
        {
          "Lunch": true
        },
        {
          "Dinner": true
        },
        {
          "Dessert": true
        },
        {
          "Seating": true
        },
        {
          "Table service": true
        }
      ],
      "Amenities": [
        {
          "Bar onsite": true
        },
        {
          "Restroom": true
        },
        {
          "Wi-Fi": true
        },
        {
          "Free Wi-Fi": true
        }
      ],
      "Atmosphere": [
        {
          "Casual": true
        },
        {
          "Cozy": true
        },
        {
          "Romantic": true
        },
        {
          "Trendy": true
        }
      ],
      "Crowd": [
        {
          "Family-friendly": true
        },
        {
          "Groups": true
        },
        {
          "Tourists": true
        }
      ],
      "Planning": [
        {
          "Accepts reservations": true
        }
      ],
      "Payments": [
        {
          "Credit cards": true
        },
        {
          "Debit cards": true
        },
        {
          "NFC mobile payments": true
        },
        {
          "Credit cards": true
        }
      ],
      "Children": [
        {
          "Good for kids": true
        }
      ],
      "Parking": [
        {
          "Free parking lot": true
        },
        {
          "Free street parking": true
        },
        {
          "Usually plenty of parking": true
        }
      ]
    },
    "gasPrices": [],
    "url": "https://www.google.com/maps/search/?api=1&query=Cin%20Cin%20Garden&query_place_id=ChIJLZDyCwAb6zkRpLvmbA5i6Sw",
    "searchPageUrl": "https://www.google.com/maps/search/garden/@27.64417209352892,85.44587990355555,17z?hl=en",
    "searchString": "garden",
    "language": "en",
    "rank": 13,
    "isAdvertisement": false,
    "imageUrl": "https://lh3.googleusercontent.com/gps-cs-s/AG0ilSy_FY3ge6JzYPdy-yPxjt2fvwn2hkIpdvF7KTzS7w36E1WWzDkNoWNUKLpSDCifhTD5tivzBRzOrEG6Go7S13Rfe0Cuuo5HZHas3fsAC16WgcnibaHdFMIGDRy2cpyNSYccVlc=w408-h306-k-no",
    "kgmid": "/g/11w9n58prh"
  },
  {
    "title": "Rubina home",
    "price": null,
    "categoryName": "Garden",
    "address": "MC4J+HXJ, Suryabinayak, Nepal",
    "neighborhood": "Sipadol",
    "street": "MC4J+HXJ",
    "city": "Suryabinayak",
    "postalCode": null,
    "state": null,
    "countryCode": "NP",
    "claimThisBusiness": true,
    "location": {
      "lat": 27.6564726,
      "lng": 85.4323991
    },
    "permanentlyClosed": false,
    "temporarilyClosed": false,
    "placeId": "ChIJr__yJQAR6zkRIPr09vkGQ28",
    "categories": [
      "Garden"
    ],
    "fid": "0x39eb110025f2ffaf:0x6f4306f9f6f4fa20",
    "cid": "8017259432309488160",
    "reviewsCount": 0,
    "imagesCount": 1,
    "imageCategories": [],
    "scrapedAt": "2025-11-14T08:40:18.584Z",
    "googleFoodUrl": null,
    "hotelAds": [],
    "openingHours": [],
    "peopleAlsoSearch": [],
    "placesTags": [],
    "reviewsTags": [],
    "gasPrices": [],
    "url": "https://www.google.com/maps/search/?api=1&query=Rubina%20home&query_place_id=ChIJr__yJQAR6zkRIPr09vkGQ28",
    "searchPageUrl": "https://www.google.com/maps/search/garden/@27.64417209352892,85.44587990355555,17z?hl=en",
    "searchString": "garden",
    "language": "en",
    "rank": 17,
    "isAdvertisement": false,
    "imageUrl": "https://streetviewpixels-pa.googleapis.com/v1/thumbnail?panoid=s6GquTQgwYqU1LBvT6HX2w&cb_client=search.gws-prod.gps&w=408&h=240&yaw=302.5374&pitch=0&thumbfov=100",
    "kgmid": "/g/11xsl42m7m"
  },
  {
    "title": "Halima agriculture pvt ltd",
    "price": null,
    "categoryName": "Garden",
    "address": "MC3V+X3, Suryabinayak, Nepal",
    "neighborhood": "Sipadol",
    "street": "MC3V+X3",
    "city": "Suryabinayak",
    "postalCode": null,
    "state": null,
    "countryCode": "NP",
    "claimThisBusiness": true,
    "location": {
      "lat": 27.654976,
      "lng": 85.4427411
    },
    "permanentlyClosed": false,
    "temporarilyClosed": false,
    "placeId": "ChIJId6fcAAP6zkR-Xw9bIZ_CTI",
    "categories": [
      "Garden"
    ],
    "fid": "0x39eb0f00709fde21:0x32097f866c3d7cf9",
    "cid": "3605553192005106937",
    "reviewsCount": 0,
    "imagesCount": 1,
    "imageCategories": [],
    "scrapedAt": "2025-11-14T08:40:18.584Z",
    "googleFoodUrl": null,
    "hotelAds": [],
    "openingHours": [],
    "peopleAlsoSearch": [],
    "placesTags": [],
    "reviewsTags": [],
    "gasPrices": [],
    "url": "https://www.google.com/maps/search/?api=1&query=Halima%20agriculture%20pvt%20ltd&query_place_id=ChIJId6fcAAP6zkR-Xw9bIZ_CTI",
    "searchPageUrl": "https://www.google.com/maps/search/garden/@27.64417209352892,85.44587990355555,17z?hl=en",
    "searchString": "garden",
    "language": "en",
    "rank": 19,
    "isAdvertisement": false,
    "imageUrl": "https://streetviewpixels-pa.googleapis.com/v1/thumbnail?panoid=NsmjHRYWAXoSPwSbnt0zgw&cb_client=search.gws-prod.gps&w=408&h=240&yaw=136.3555&pitch=0&thumbfov=100",
    "kgmid": "/g/11yk08l90p"
  },
  {
    "title": "Gatthaghar",
    "price": null,
    "categoryName": "Garden",
    "address": "MFP5+J7M, Mahamanjushree Nagarkot, Nepal",
    "neighborhood": "Kharipati",
    "street": "MFP5+J7M",
    "city": "Mahamanjushree Nagarkot",
    "postalCode": null,
    "state": null,
    "countryCode": "NP",
    "claimThisBusiness": true,
    "location": {
      "lat": 27.6865852,
      "lng": 85.4581859
    },
    "permanentlyClosed": false,
    "temporarilyClosed": false,
    "placeId": "ChIJ2ztjXgAF6zkRhNusMPQDpbI",
    "categories": [
      "Garden"
    ],
    "fid": "0x39eb05005e633bdb:0xb2a503f430acdb84",
    "cid": "12872699457231969156",
    "reviewsCount": 0,
    "imagesCount": null,
    "imageCategories": [],
    "scrapedAt": "2025-11-14T08:40:42.761Z",
    "googleFoodUrl": null,
    "hotelAds": [],
    "openingHours": [],
    "peopleAlsoSearch": [],
    "placesTags": [],
    "reviewsTags": [],
    "additionalInfo": {
      "Children": [
        {
          "Good for kids": true
        }
      ]
    },
    "gasPrices": [],
    "url": "https://www.google.com/maps/search/?api=1&query=Gatthaghar&query_place_id=ChIJ2ztjXgAF6zkRhNusMPQDpbI",
    "searchPageUrl": "https://www.google.com/maps/search/garden/@27.689813953235532,85.45446650592592,17z?hl=en",
    "searchString": "garden",
    "language": "en",
    "rank": 2,
    "isAdvertisement": false,
    "kgmid": "/g/11y878rc73"
  },
  {
    "title": "Yalanash property",
    "price": null,
    "categoryName": "Garden",
    "address": "MCMX+4V5, Mahamanjushree Nagarkot, Nepal",
    "neighborhood": "Kharipati",
    "street": "MCMX+4V5",
    "city": "Mahamanjushree Nagarkot",
    "postalCode": null,
    "state": null,
    "countryCode": "NP",
    "claimThisBusiness": true,
    "location": {
      "lat": 27.6827069,
      "lng": 85.4501276
    },
    "permanentlyClosed": false,
    "temporarilyClosed": false,
    "placeId": "ChIJ0UJvMQAF6zkR_9yqa95yKek",
    "categories": [
      "Garden"
    ],
    "fid": "0x39eb0500316f42d1:0xe92972de6baadcff",
    "cid": "16801086184497011967",
    "reviewsCount": 0,
    "imagesCount": 1,
    "imageCategories": [],
    "scrapedAt": "2025-11-14T08:40:42.762Z",
    "googleFoodUrl": null,
    "hotelAds": [],
    "openingHours": [],
    "peopleAlsoSearch": [],
    "placesTags": [],
    "reviewsTags": [],
    "additionalInfo": {
      "Children": [
        {
          "Good for kids": true
        }
      ]
    },
    "gasPrices": [],
    "url": "https://www.google.com/maps/search/?api=1&query=Yalanash%20property&query_place_id=ChIJ0UJvMQAF6zkR_9yqa95yKek",
    "searchPageUrl": "https://www.google.com/maps/search/garden/@27.689813953235532,85.45446650592592,17z?hl=en",
    "searchString": "garden",
    "language": "en",
    "rank": 10,
    "isAdvertisement": false,
    "imageUrl": "https://streetviewpixels-pa.googleapis.com/v1/thumbnail?panoid=JHdiRYX83GKoOR-c6hBZxQ&cb_client=search.gws-prod.gps&w=408&h=240&yaw=348.91006&pitch=0&thumbfov=100",
    "kgmid": "/g/11vptdfzmt"
  },
  {
    "title": "Kiwachowk Mid Height",
    "price": null,
    "categoryName": "Garden",
    "address": "MC53+G2C, Suryabinayak, Nepal",
    "neighborhood": "Gundu",
    "street": "MC53+G2C",
    "city": "Suryabinayak",
    "postalCode": null,
    "state": null,
    "countryCode": "NP",
    "claimThisBusiness": true,
    "location": {
      "lat": 27.6588152,
      "lng": 85.4025268
    },
    "totalScore": 3.3,
    "permanentlyClosed": false,
    "temporarilyClosed": false,
    "placeId": "ChIJbwo2dQAR6zkRwzpxP8mPBH4",
    "categories": [
      "Garden"
    ],
    "fid": "0x39eb110075360a6f:0x7e048fc93f713ac3",
    "cid": "9080540843201346243",
    "reviewsCount": 3,
    "imagesCount": 8,
    "imageCategories": [],
    "scrapedAt": "2025-11-14T08:40:46.174Z",
    "googleFoodUrl": null,
    "hotelAds": [],
    "openingHours": [],
    "peopleAlsoSearch": [],
    "placesTags": [],
    "reviewsTags": [],
    "additionalInfo": {
      "Children": [
        {
          "Good for kids": true
        }
      ]
    },
    "gasPrices": [],
    "url": "https://www.google.com/maps/search/?api=1&query=Kiwachowk%20Mid%20Height&query_place_id=ChIJbwo2dQAR6zkRwzpxP8mPBH4",
    "searchPageUrl": "https://www.google.com/maps/search/garden/@27.63656511691115,85.43729330118518,17z?hl=en",
    "searchString": "garden",
    "language": "en",
    "rank": 16,
    "isAdvertisement": false,
    "imageUrl": "https://lh3.googleusercontent.com/gps-cs-s/AG0ilSyb90DxZ4JFDPSByfoFwC2M8nPr-LPRhwNG66tpuqLquM3TiriBSrnNz1Ouh0sGjHMSq0t1wD4McR2ClLSShM9HSSb3AxGczXWHW_OckevLxmflPCoty4azNmVeqifQwXVdYPJdxrDQJZrk=w426-h240-k-no",
    "kgmid": "/g/11lct5zpcm"
  },
  {
    "title": "Imadol",
    "price": null,
    "categoryName": "Garden",
    "address": "JCR7+FPW, Anantalingeshwar, Nepal",
    "neighborhood": "Gundu",
    "street": "JCR7+FPW",
    "city": "Anantalingeshwar",
    "postalCode": null,
    "state": null,
    "countryCode": "NP",
    "claimThisBusiness": true,
    "location": {
      "lat": 27.6412431,
      "lng": 85.414341
    },
    "permanentlyClosed": false,
    "temporarilyClosed": false,
    "placeId": "ChIJZQ1f6fQR6zkRBCYBoh5LPDM",
    "categories": [
      "Garden"
    ],
    "fid": "0x39eb11f4e95f0d65:0x333c4b1ea2012604",
    "cid": "3691908389476050436",
    "reviewsCount": 0,
    "imagesCount": 1,
    "imageCategories": [],
    "scrapedAt": "2025-11-14T08:40:46.174Z",
    "googleFoodUrl": null,
    "hotelAds": [],
    "openingHours": [],
    "peopleAlsoSearch": [],
    "placesTags": [],
    "reviewsTags": [],
    "additionalInfo": {
      "Children": [
        {
          "Good for kids": true
        }
      ]
    },
    "gasPrices": [],
    "url": "https://www.google.com/maps/search/?api=1&query=Imadol&query_place_id=ChIJZQ1f6fQR6zkRBCYBoh5LPDM",
    "searchPageUrl": "https://www.google.com/maps/search/garden/@27.63656511691115,85.43729330118518,17z?hl=en",
    "searchString": "garden",
    "language": "en",
    "rank": 17,
    "isAdvertisement": false,
    "imageUrl": "https://streetviewpixels-pa.googleapis.com/v1/thumbnail?panoid=mku27ngMVcG5B2iPplGSTQ&cb_client=search.gws-prod.gps&w=408&h=240&yaw=231.45593&pitch=0&thumbfov=100",
    "kgmid": "/g/11s5vlbvlx"
  },
  {
    "title": "Saxam's garden",
    "price": null,
    "categoryName": "Garden",
    "address": "MCFG+WX6, Bhaktapur 44800, Nepal",
    "neighborhood": null,
    "street": "MCFG+WX6",
    "city": "Bhaktapur",
    "postalCode": null,
    "state": null,
    "countryCode": "NP",
    "claimThisBusiness": true,
    "location": {
      "lat": 27.6747834,
      "lng": 85.427379
    },
    "permanentlyClosed": false,
    "temporarilyClosed": false,
    "placeId": "ChIJbwMrZwAb6zkRpSi4qC51bCs",
    "categories": [
      "Garden"
    ],
    "fid": "0x39eb1b00672b036f:0x2b6c752ea8b828a5",
    "cid": "3129004684375238821",
    "reviewsCount": 0,
    "imagesCount": null,
    "imageCategories": [],
    "scrapedAt": "2025-11-14T08:40:54.707Z",
    "googleFoodUrl": null,
    "hotelAds": [],
    "openingHours": [],
    "peopleAlsoSearch": [],
    "placesTags": [],
    "reviewsTags": [],
    "gasPrices": [],
    "url": "https://www.google.com/maps/search/?api=1&query=Saxam's%20garden&query_place_id=ChIJbwMrZwAb6zkRpSi4qC51bCs",
    "searchPageUrl": "https://www.google.com/maps/search/garden/@27.666993023382226,85.4287066988148,17z?hl=en",
    "searchString": "garden",
    "language": "en",
    "rank": 4,
    "isAdvertisement": false,
    "kgmid": "/g/11xtpxdk6m"
  },
  {
    "title": "Bagmati 4",
    "price": null,
    "categoryName": "Garden",
    "address": "Bagmati jiryat, Suryabinayak 44800, Nepal",
    "neighborhood": "Sipadol",
    "street": "Bagmati jiryat",
    "city": "Suryabinayak",
    "postalCode": null,
    "state": null,
    "countryCode": "NP",
    "claimThisBusiness": true,
    "location": {
      "lat": 27.6624958,
      "lng": 85.4375574
    },
    "permanentlyClosed": false,
    "temporarilyClosed": false,
    "placeId": "ChIJyWpyEQAR6zkR1NYn1y1J8YI",
    "categories": [
      "Garden"
    ],
    "fid": "0x39eb110011726ac9:0x82f1492dd727d6d4",
    "cid": "9435403155549968084",
    "reviewsCount": 0,
    "imagesCount": 1,
    "imageCategories": [],
    "scrapedAt": "2025-11-14T08:40:54.708Z",
    "googleFoodUrl": null,
    "hotelAds": [],
    "openingHours": [],
    "peopleAlsoSearch": [],
    "placesTags": [],
    "reviewsTags": [],
    "gasPrices": [],
    "url": "https://www.google.com/maps/search/?api=1&query=Bagmati%204&query_place_id=ChIJyWpyEQAR6zkR1NYn1y1J8YI",
    "searchPageUrl": "https://www.google.com/maps/search/garden/@27.666993023382226,85.4287066988148,17z?hl=en",
    "searchString": "garden",
    "language": "en",
    "rank": 10,
    "isAdvertisement": false,
    "imageUrl": "https://streetviewpixels-pa.googleapis.com/v1/thumbnail?panoid=m-9lkWeeejr35S1OyxjWTw&cb_client=search.gws-prod.gps&w=408&h=240&yaw=87.19949&pitch=0&thumbfov=100",
    "kgmid": "/g/11xsnl8sqf"
  },
  {
    "title": "tenge",
    "price": null,
    "categoryName": "Garden",
    "address": "MCFG+WX2, Bhaktapur 44800, Nepal",
    "neighborhood": null,
    "street": "MCFG+WX2",
    "city": "Bhaktapur",
    "postalCode": null,
    "state": null,
    "countryCode": "NP",
    "claimThisBusiness": true,
    "location": {
      "lat": 27.674766,
      "lng": 85.4273979
    },
    "permanentlyClosed": false,
    "temporarilyClosed": false,
    "placeId": "ChIJyRMyJwAb6zkRmlp-kbtJdDA",
    "categories": [
      "Garden"
    ],
    "fid": "0x39eb1b00273213c9:0x307449bb917e5a9a",
    "cid": "3491496681067666074",
    "reviewsCount": 0,
    "imagesCount": 1,
    "imageCategories": [],
    "scrapedAt": "2025-11-14T08:40:54.708Z",
    "googleFoodUrl": null,
    "hotelAds": [],
    "openingHours": [],
    "peopleAlsoSearch": [],
    "placesTags": [],
    "reviewsTags": [],
    "additionalInfo": {
      "Children": [
        {
          "Good for kids": true
        }
      ]
    },
    "gasPrices": [],
    "url": "https://www.google.com/maps/search/?api=1&query=tenge&query_place_id=ChIJyRMyJwAb6zkRmlp-kbtJdDA",
    "searchPageUrl": "https://www.google.com/maps/search/garden/@27.666993023382226,85.4287066988148,17z?hl=en",
    "searchString": "garden",
    "language": "en",
    "rank": 13,
    "isAdvertisement": false,
    "imageUrl": "https://streetviewpixels-pa.googleapis.com/v1/thumbnail?panoid=y_M10KsmajGRI-lSxwUKMw&cb_client=search.gws-prod.gps&w=408&h=240&yaw=136.01321&pitch=0&thumbfov=100",
    "kgmid": "/g/11wg94qv7r"
  },
  {
    "title": "काब्रो बोट",
    "price": null,
    "categoryName": "Garden",
    "address": "MC78+2GV, Suryabinayak 06, Nepal",
    "neighborhood": "Katunje",
    "street": "MC78+2GV",
    "city": "Suryabinayak",
    "postalCode": "06",
    "state": null,
    "countryCode": "NP",
    "claimThisBusiness": true,
    "location": {
      "lat": 27.6626187,
      "lng": 85.4163026
    },
    "permanentlyClosed": false,
    "temporarilyClosed": false,
    "placeId": "ChIJuZHuWwAb6zkRfsVdVSeYOXI",
    "categories": [
      "Garden"
    ],
    "fid": "0x39eb1b005bee91b9:0x72399827555dc57e",
    "cid": "8230777088699647358",
    "reviewsCount": 0,
    "imagesCount": 1,
    "imageCategories": [],
    "scrapedAt": "2025-11-14T08:40:54.708Z",
    "googleFoodUrl": null,
    "hotelAds": [],
    "openingHours": [],
    "peopleAlsoSearch": [],
    "placesTags": [],
    "reviewsTags": [],
    "gasPrices": [],
    "url": "https://www.google.com/maps/search/?api=1&query=%E0%A4%95%E0%A4%BE%E0%A4%AC%E0%A5%8D%E0%A4%B0%E0%A5%8B%20%E0%A4%AC%E0%A5%8B%E0%A4%9F&query_place_id=ChIJuZHuWwAb6zkRfsVdVSeYOXI",
    "searchPageUrl": "https://www.google.com/maps/search/garden/@27.666993023382226,85.4287066988148,17z?hl=en",
    "searchString": "garden",
    "language": "en",
    "rank": 14,
    "isAdvertisement": false,
    "imageUrl": "https://streetviewpixels-pa.googleapis.com/v1/thumbnail?panoid=Si8NlmDDQIbU8-Acug_eeg&cb_client=search.gws-prod.gps&w=408&h=240&yaw=187.80385&pitch=0&thumbfov=100",
    "kgmid": "/g/11xz44sjyf"
  },
  {
    "title": "Rabin homes",
    "price": null,
    "categoryName": "Garden",
    "address": "MCFG+QWP, Bhaktapur 44800, Nepal",
    "neighborhood": "tathali",
    "street": "MCFG+QWP",
    "city": "Bhaktapur",
    "postalCode": null,
    "state": null,
    "countryCode": "NP",
    "claimThisBusiness": true,
    "location": {
      "lat": 27.6744697,
      "lng": 85.4273127
    },
    "permanentlyClosed": false,
    "temporarilyClosed": false,
    "placeId": "ChIJ3fbhaAAb6zkRA36V9Ew6CBw",
    "categories": [
      "Garden"
    ],
    "fid": "0x39eb1b0068e1f6dd:0x1c083a4cf4957e03",
    "cid": "2019928535071030787",
    "reviewsCount": 0,
    "imagesCount": 1,
    "imageCategories": [],
    "scrapedAt": "2025-11-14T08:40:54.708Z",
    "googleFoodUrl": null,
    "hotelAds": [],
    "openingHours": [],
    "peopleAlsoSearch": [],
    "placesTags": [],
    "reviewsTags": [],
    "additionalInfo": {
      "Children": [
        {
          "Good for kids": true
        }
      ]
    },
    "gasPrices": [],
    "url": "https://www.google.com/maps/search/?api=1&query=Rabin%20homes&query_place_id=ChIJ3fbhaAAb6zkRA36V9Ew6CBw",
    "searchPageUrl": "https://www.google.com/maps/search/garden/@27.666993023382226,85.4287066988148,17z?hl=en",
    "searchString": "garden",
    "language": "en",
    "rank": 15,
    "isAdvertisement": false,
    "imageUrl": "https://streetviewpixels-pa.googleapis.com/v1/thumbnail?panoid=Uv2QsLAggiaM5GJ421uAvw&cb_client=search.gws-prod.gps&w=408&h=240&yaw=262.77304&pitch=0&thumbfov=100",
    "kgmid": "/g/11yb4c_gm0"
  },
  {
    "title": "Duwakot Malepati Tole",
    "price": null,
    "categoryName": "Garden",
    "address": "MCV9+JFV, Changunarayan, Nepal",
    "neighborhood": "Duwakot",
    "street": "MCV9+JFV",
    "city": "Changunarayan",
    "postalCode": null,
    "state": null,
    "countryCode": "NP",
    "claimThisBusiness": true,
    "location": {
      "lat": 27.6941117,
      "lng": 85.4186616
    },
    "totalScore": 5,
    "permanentlyClosed": false,
    "temporarilyClosed": false,
    "placeId": "ChIJUxKhWAAb6zkRWwmcGA7Eeqs",
    "categories": [
      "Garden"
    ],
    "fid": "0x39eb1b0058a11253:0xab7ac40e189c095b",
    "cid": "12356404092465842523",
    "reviewsCount": 1,
    "imagesCount": 1,
    "imageCategories": [],
    "scrapedAt": "2025-11-14T08:40:54.708Z",
    "googleFoodUrl": null,
    "hotelAds": [],
    "openingHours": [],
    "peopleAlsoSearch": [],
    "placesTags": [],
    "reviewsTags": [],
    "additionalInfo": {
      "Children": [
        {
          "Good for kids": true
        }
      ]
    },
    "gasPrices": [],
    "url": "https://www.google.com/maps/search/?api=1&query=Duwakot%20Malepati%20Tole&query_place_id=ChIJUxKhWAAb6zkRWwmcGA7Eeqs",
    "searchPageUrl": "https://www.google.com/maps/search/garden/@27.666993023382226,85.4287066988148,17z?hl=en",
    "searchString": "garden",
    "language": "en",
    "rank": 17,
    "isAdvertisement": false,
    "imageUrl": "https://streetviewpixels-pa.googleapis.com/v1/thumbnail?panoid=NU5w1Z062R0SQ3MoE5wC1Q&cb_client=search.gws-prod.gps&w=408&h=240&yaw=98.66252&pitch=0&thumbfov=100",
    "kgmid": "/g/11lckdftdl"
  },
  {
    "title": "Flower Nepal Nursery",
    "price": null,
    "categoryName": "Garden",
    "address": "Bhaktapur 44800, Nepal",
    "neighborhood": null,
    "street": null,
    "city": "Bhaktapur",
    "postalCode": "44800",
    "state": null,
    "countryCode": "NP",
    "phone": "+977 986-0569066",
    "phoneUnformatted": "+9779860569066",
    "claimThisBusiness": false,
    "location": {
      "lat": 27.6677137,
      "lng": 85.4241518
    },
    "totalScore": 4.1,
    "permanentlyClosed": false,
    "temporarilyClosed": false,
    "placeId": "ChIJXYa1SM0b6zkReAfFw-3ytQ8",
    "categories": [
      "Garden",
      "Flower market",
      "Plant nursery",
      "Wholesale plant nursery"
    ],
    "fid": "0x39eb1bcd48b5865d:0xfb5f2edc3c50778",
    "cid": "1132077984359188344",
    "reviewsCount": 9,
    "imagesCount": 47,
    "imageCategories": [],
    "scrapedAt": "2025-11-14T08:40:54.708Z",
    "googleFoodUrl": null,
    "hotelAds": [],
    "openingHours": [
      {
        "day": "Monday",
        "hours": "7 AM to 7:30 PM"
      },
      {
        "day": "Tuesday",
        "hours": "7 AM to 7:39 PM"
      },
      {
        "day": "Wednesday",
        "hours": "7 AM to 7:30 PM"
      },
      {
        "day": "Thursday",
        "hours": "7 AM to 7:30 PM"
      },
      {
        "day": "Friday",
        "hours": "7 AM to 7:30 PM"
      },
      {
        "day": "Saturday",
        "hours": "7 AM to 7:30 PM"
      },
      {
        "day": "Sunday",
        "hours": "7 AM to 7:30 PM"
      }
    ],
    "peopleAlsoSearch": [],
    "placesTags": [],
    "reviewsTags": [],
    "additionalInfo": {
      "Children": [
        {
          "Good for kids": true
        }
      ]
    },
    "gasPrices": [],
    "url": "https://www.google.com/maps/search/?api=1&query=Flower%20Nepal%20Nursery&query_place_id=ChIJXYa1SM0b6zkReAfFw-3ytQ8",
    "searchPageUrl": "https://www.google.com/maps/search/garden/@27.666993023382226,85.4287066988148,17z?hl=en",
    "searchString": "garden",
    "language": "en",
    "rank": 20,
    "isAdvertisement": false,
    "imageUrl": "https://lh3.googleusercontent.com/p/AF1QipOICNWlLFKgv_T9z1lpVV0WBYYudKdv-iPqckZw=w426-h240-k-no",
    "kgmid": "/g/11k5pf1v_5"
  },
  {
    "title": "Sugam pokhrel home",
    "price": null,
    "categoryName": "Garden",
    "address": "MFC2+5M9, Mahamanjushree Nagarkot, Nepal",
    "neighborhood": "Tathali",
    "street": "MFC2+5M9",
    "city": "Mahamanjushree Nagarkot",
    "postalCode": null,
    "state": null,
    "countryCode": "NP",
    "claimThisBusiness": true,
    "location": {
      "lat": 27.6704021,
      "lng": 85.4517265
    },
    "permanentlyClosed": false,
    "temporarilyClosed": false,
    "placeId": "ChIJI01AKgAF6zkRAxC36wweM8U",
    "categories": [
      "Garden"
    ],
    "fid": "0x39eb05002a404d23:0xc5331e0cebb71003",
    "cid": "14209734290127130627",
    "reviewsCount": 0,
    "imagesCount": null,
    "imageCategories": [],
    "scrapedAt": "2025-11-14T08:41:07.585Z",
    "googleFoodUrl": null,
    "hotelAds": [],
    "openingHours": [],
    "peopleAlsoSearch": [],
    "placesTags": [],
    "reviewsTags": [],
    "gasPrices": [],
    "url": "https://www.google.com/maps/search/?api=1&query=Sugam%20pokhrel%20home&query_place_id=ChIJI01AKgAF6zkRAxC36wweM8U",
    "searchPageUrl": "https://www.google.com/maps/search/garden/@27.666993023382226,85.45446650592592,17z?hl=en",
    "searchString": "garden",
    "language": "en",
    "rank": 5,
    "isAdvertisement": false,
    "kgmid": "/g/11xvz9201z"
  },
  {
    "title": "नंङखेल 9 चाम्थली",
    "price": null,
    "categoryName": "Garden",
    "address": "MF52+77V Chamthali, Suryabinayak, Nepal",
    "neighborhood": "Nangkhel",
    "street": "MF52+77V Chamthali",
    "city": "Suryabinayak",
    "postalCode": null,
    "state": null,
    "countryCode": "NP",
    "claimThisBusiness": true,
    "location": {
      "lat": 27.6582483,
      "lng": 85.4506811
    },
    "permanentlyClosed": false,
    "temporarilyClosed": false,
    "placeId": "ChIJe6DLRgAP6zkRSZ2XjwyQcAc",
    "categories": [
      "Garden"
    ],
    "fid": "0x39eb0f0046cba07b:0x770900c8f979d49",
    "cid": "536086739280174409",
    "reviewsCount": 0,
    "imagesCount": 2,
    "imageCategories": [],
    "scrapedAt": "2025-11-14T08:41:18.753Z",
    "googleFoodUrl": null,
    "hotelAds": [],
    "openingHours": [
      {
        "day": "Monday",
        "hours": "Open 24 hours"
      },
      {
        "day": "Tuesday",
        "hours": "Open 24 hours"
      },
      {
        "day": "Wednesday",
        "hours": "Open 24 hours"
      },
      {
        "day": "Thursday",
        "hours": "Open 24 hours"
      },
      {
        "day": "Friday",
        "hours": "Open 24 hours"
      },
      {
        "day": "Saturday",
        "hours": "Open 24 hours"
      },
      {
        "day": "Sunday",
        "hours": "Open 24 hours"
      }
    ],
    "peopleAlsoSearch": [],
    "placesTags": [],
    "reviewsTags": [],
    "additionalInfo": {
      "Children": [
        {
          "Good for kids": true
        }
      ]
    },
    "gasPrices": [],
    "url": "https://www.google.com/maps/search/?api=1&query=%E0%A4%A8%E0%A4%82%E0%A4%99%E0%A4%96%E0%A5%87%E0%A4%B2%209%20%E0%A4%9A%E0%A4%BE%E0%A4%AE%E0%A5%8D%E0%A4%A5%E0%A4%B2%E0%A5%80&query_place_id=ChIJe6DLRgAP6zkRSZ2XjwyQcAc",
    "searchPageUrl": "https://www.google.com/maps/search/garden/@27.651779070146688,85.44587990355555,17z?hl=en",
    "searchString": "garden",
    "language": "en",
    "rank": 8,
    "isAdvertisement": false,
    "imageUrl": "https://streetviewpixels-pa.googleapis.com/v1/thumbnail?panoid=qoKJHfpuLF4R4R3x0G1zEA&cb_client=search.gws-prod.gps&w=408&h=240&yaw=10.003098&pitch=0&thumbfov=100",
    "kgmid": "/g/11w_bwqj_z"
  },
  {
    "title": "Peepal Bot",
    "price": null,
    "categoryName": "Garden",
    "address": "PC6R+W4J, Changunarayan 44600, Nepal",
    "neighborhood": null,
    "street": "PC6R+W4J",
    "city": "Changunarayan",
    "postalCode": "44600",
    "state": null,
    "countryCode": "NP",
    "claimThisBusiness": true,
    "location": {
      "lat": 27.7125642,
      "lng": 85.4404723
    },
    "permanentlyClosed": false,
    "temporarilyClosed": false,
    "placeId": "ChIJ6YJECZMF6zkRl9Yv_LPZn6A",
    "categories": [
      "Garden"
    ],
    "fid": "0x39eb0593094482e9:0xa09fd9b3fc2fd697",
    "cid": "11574208934418830999",
    "reviewsCount": 0,
    "imagesCount": 7,
    "imageCategories": [],
    "scrapedAt": "2025-11-14T08:41:21.650Z",
    "googleFoodUrl": null,
    "hotelAds": [],
    "openingHours": [
      {
        "day": "Monday",
        "hours": "Open 24 hours"
      },
      {
        "day": "Tuesday",
        "hours": "Open 24 hours"
      },
      {
        "day": "Wednesday",
        "hours": "Open 24 hours"
      },
      {
        "day": "Thursday",
        "hours": "Open 24 hours"
      },
      {
        "day": "Friday",
        "hours": "Open 24 hours"
      },
      {
        "day": "Saturday",
        "hours": "Open 24 hours"
      },
      {
        "day": "Sunday",
        "hours": "Open 24 hours"
      }
    ],
    "peopleAlsoSearch": [],
    "placesTags": [],
    "reviewsTags": [],
    "additionalInfo": {
      "Children": [
        {
          "Good for kids": true
        }
      ]
    },
    "gasPrices": [],
    "url": "https://www.google.com/maps/search/?api=1&query=Peepal%20Bot&query_place_id=ChIJ6YJECZMF6zkRl9Yv_LPZn6A",
    "searchPageUrl": "https://www.google.com/maps/search/garden/@27.71263488308884,85.43729330118518,17z?hl=en",
    "searchString": "garden",
    "language": "en",
    "rank": 5,
    "isAdvertisement": false,
    "imageUrl": "https://lh3.googleusercontent.com/gps-cs-s/AG0ilSyklD4iV3uomfcGSUwURiKPncioGrPsjE203H8874q2VIMd2uRSE0otkWt9sGpDilkIm60ho6WA8B03rKxdzQjGG6e0tvEOHTvZ1FZc9dv7FEKNouUPbFkDQ6lBjWw0fYgMB_aI=w408-h544-k-no",
    "kgmid": "/g/11sx__n_qr"
  },
  {
    "title": "Pipabot Janaswasthya 🌳🌳Katunje",
    "price": null,
    "categoryName": "Garden",
    "address": "MC74+5H6, Suryabinayak, Nepal",
    "neighborhood": "Katunje",
    "street": "MC74+5H6",
    "city": "Suryabinayak",
    "postalCode": null,
    "state": null,
    "countryCode": "NP",
    "claimThisBusiness": true,
    "location": {
      "lat": 27.6629207,
      "lng": 85.4063831
    },
    "permanentlyClosed": false,
    "temporarilyClosed": false,
    "placeId": "ChIJrfZ9dQAb6zkRnMeJNwgQVRA",
    "categories": [
      "Garden"
    ],
    "fid": "0x39eb1b00757df6ad:0x105510083789c79c",
    "cid": "1176864505104811932",
    "reviewsCount": 0,
    "imagesCount": 1,
    "imageCategories": [],
    "scrapedAt": "2025-11-14T08:41:24.304Z",
    "googleFoodUrl": null,
    "hotelAds": [],
    "openingHours": [],
    "peopleAlsoSearch": [],
    "placesTags": [],
    "reviewsTags": [],
    "gasPrices": [],
    "url": "https://www.google.com/maps/search/?api=1&query=Pipabot%20Janaswasthya%20%F0%9F%8C%B3%F0%9F%8C%B3Katunje&query_place_id=ChIJrfZ9dQAb6zkRnMeJNwgQVRA",
    "searchPageUrl": "https://www.google.com/maps/search/garden/@27.659386046764457,85.41153349407406,17z?hl=en",
    "searchString": "garden",
    "language": "en",
    "rank": 8,
    "isAdvertisement": false,
    "imageUrl": "https://streetviewpixels-pa.googleapis.com/v1/thumbnail?panoid=7dQ2mvSHTMHl722-DLcr7Q&cb_client=search.gws-prod.gps&w=408&h=240&yaw=351.88806&pitch=0&thumbfov=100",
    "kgmid": "/g/11xrp3l18s"
  },
  {
    "title": "Sita House Bhaktapur",
    "price": null,
    "categoryName": "Garden",
    "address": "MFF3+GWW, Mahamanjushree Nagarkot, Nepal",
    "neighborhood": "Tathali",
    "street": "MFF3+GWW",
    "city": "Mahamanjushree Nagarkot",
    "postalCode": null,
    "state": null,
    "countryCode": "NP",
    "claimThisBusiness": true,
    "location": {
      "lat": 27.6738658,
      "lng": 85.4548282
    },
    "permanentlyClosed": false,
    "temporarilyClosed": false,
    "placeId": "ChIJiaGXPQAF6zkRiFf8o4iDjT8",
    "categories": [
      "Garden"
    ],
    "fid": "0x39eb05003d97a189:0x3f8d8388a3fc5788",
    "cid": "4579461018995677064",
    "reviewsCount": 0,
    "imagesCount": 1,
    "imageCategories": [],
    "scrapedAt": "2025-11-14T08:41:40.912Z",
    "googleFoodUrl": null,
    "hotelAds": [],
    "openingHours": [],
    "peopleAlsoSearch": [],
    "placesTags": [],
    "reviewsTags": [],
    "gasPrices": [],
    "url": "https://www.google.com/maps/search/?api=1&query=Sita%20House%20Bhaktapur&query_place_id=ChIJiaGXPQAF6zkRiFf8o4iDjT8",
    "searchPageUrl": "https://www.google.com/maps/search/garden/@27.682206976617763,85.45446650592592,17z?hl=en",
    "searchString": "garden",
    "language": "en",
    "rank": 17,
    "isAdvertisement": false,
    "imageUrl": "https://lh3.googleusercontent.com/gps-cs-s/AG0ilSxZcV2HTsErNA4E5v_Hh5lNRET9fcNPvR2sg3FePRyNshvL6DXLFcbONuIxdHUFw0chDzUex0UvPKPJSvfAAgBLo9Hy6kI6Xi0AU5NipkHxbn-MzVqoVcZnei645YsOXo6f108J1BJuGmCj=w408-h306-k-no",
    "kgmid": "/g/11mcpcv0pz"
  },
  {
    "title": "फुलबारी",
    "price": null,
    "categoryName": "Garden",
    "address": "MCCV+4MP, Bhaktapur 44800, Nepal",
    "neighborhood": null,
    "street": "MCCV+4MP",
    "city": "Bhaktapur",
    "postalCode": "44800",
    "state": null,
    "countryCode": "NP",
    "claimThisBusiness": true,
    "location": {
      "lat": 27.6703326,
      "lng": 85.4441932
    },
    "permanentlyClosed": false,
    "temporarilyClosed": false,
    "placeId": "ChIJgavng0gF6zkR18_lehyw_94",
    "categories": [
      "Garden"
    ],
    "fid": "0x39eb054883e7ab81:0xdeffb01c7ae5cfd7",
    "cid": "16068755631848673239",
    "reviewsCount": 0,
    "imagesCount": 37,
    "imageCategories": [],
    "scrapedAt": "2025-11-14T08:42:32.599Z",
    "googleFoodUrl": null,
    "hotelAds": [],
    "openingHours": [],
    "peopleAlsoSearch": [],
    "placesTags": [],
    "reviewsTags": [],
    "additionalInfo": {
      "Children": [
        {
          "Good for kids": true
        }
      ]
    },
    "gasPrices": [],
    "url": "https://www.google.com/maps/search/?api=1&query=%E0%A4%AB%E0%A5%81%E0%A4%B2%E0%A4%AC%E0%A4%BE%E0%A4%B0%E0%A5%80&query_place_id=ChIJgavng0gF6zkR18_lehyw_94",
    "searchPageUrl": "https://www.google.com/maps/search/garden/@27.666993023382226,85.44587990355555,17z?hl=en",
    "searchString": "garden",
    "language": "en",
    "rank": 4,
    "isAdvertisement": false,
    "imageUrl": "https://lh3.googleusercontent.com/gps-cs-s/AG0ilSxVI2wkD1Dcyq4u9mwB_r_2yLZhzdtUUD57j9dF5rDPA5nC9G3gfFHlxiX2-_k7Xje1YdXIYs1vLysygs_QguMbEQpiFPTLg5ZaTxjlxn6pqbXF7KDhxJ1EVaHJcU7rcwj-XH_axw=w408-h306-k-no",
    "kgmid": "/g/11nfln25y5"
  },
  {
    "title": "Acharya Niwas",
    "price": null,
    "categoryName": "Garden",
    "address": "MC8W+WC6, Mahamanjushree Nagarkot 44800, Nepal",
    "neighborhood": "Tathali",
    "street": "MC8W+WC6",
    "city": "Mahamanjushree Nagarkot",
    "postalCode": "44800",
    "state": null,
    "countryCode": "NP",
    "claimThisBusiness": true,
    "location": {
      "lat": 27.6672867,
      "lng": 85.4460104
    },
    "permanentlyClosed": false,
    "temporarilyClosed": false,
    "placeId": "ChIJg5BGIgAF6zkRsyPTO9CkiMc",
    "categories": [
      "Garden"
    ],
    "fid": "0x39eb050022469083:0xc788a4d03bd323b3",
    "cid": "14377923024644154291",
    "reviewsCount": 0,
    "imagesCount": 2,
    "imageCategories": [],
    "scrapedAt": "2025-11-14T08:42:32.599Z",
    "googleFoodUrl": null,
    "hotelAds": [],
    "openingHours": [],
    "peopleAlsoSearch": [],
    "placesTags": [],
    "reviewsTags": [],
    "additionalInfo": {
      "Children": [
        {
          "Good for kids": true
        }
      ]
    },
    "gasPrices": [],
    "url": "https://www.google.com/maps/search/?api=1&query=Acharya%20Niwas&query_place_id=ChIJg5BGIgAF6zkRsyPTO9CkiMc",
    "searchPageUrl": "https://www.google.com/maps/search/garden/@27.666993023382226,85.44587990355555,17z?hl=en",
    "searchString": "garden",
    "language": "en",
    "rank": 8,
    "isAdvertisement": false,
    "imageUrl": "https://streetviewpixels-pa.googleapis.com/v1/thumbnail?panoid=77XpuvAVDLOPksBs0mS2yQ&cb_client=search.gws-prod.gps&w=408&h=240&yaw=175.32391&pitch=0&thumbfov=100",
    "kgmid": "/g/11w25qb1v9"
  },
  {
    "title": "soso home",
    "price": null,
    "categoryName": "Garden",
    "address": "MCHM+H62, Dekocha - Kamalvinayak Rd, Bhaktapur 44800, Nepal",
    "neighborhood": null,
    "street": "MCHM+H62, Dekocha - Kamalvinayak Rd",
    "city": "Bhaktapur",
    "postalCode": "44800",
    "state": null,
    "countryCode": "NP",
    "claimThisBusiness": true,
    "location": {
      "lat": 27.6788988,
      "lng": 85.4330168
    },
    "permanentlyClosed": false,
    "temporarilyClosed": false,
    "placeId": "ChIJW841AwAb6zkRjaqylHJ6R2g",
    "categories": [
      "Garden"
    ],
    "fid": "0x39eb1b000335ce5b:0x68477a7294b2aa8d",
    "cid": "7514109135830559373",
    "reviewsCount": 0,
    "imagesCount": 1,
    "imageCategories": [],
    "scrapedAt": "2025-11-14T08:42:35.840Z",
    "googleFoodUrl": null,
    "hotelAds": [],
    "openingHours": [],
    "peopleAlsoSearch": [],
    "placesTags": [],
    "reviewsTags": [],
    "additionalInfo": {
      "Children": [
        {
          "Good for kids": true
        }
      ]
    },
    "gasPrices": [],
    "url": "https://www.google.com/maps/search/?api=1&query=soso%20home&query_place_id=ChIJW841AwAb6zkRjaqylHJ6R2g",
    "searchPageUrl": "https://www.google.com/maps/search/garden/@27.682206976617763,85.44587990355555,17z?hl=en",
    "searchString": "garden",
    "language": "en",
    "rank": 16,
    "isAdvertisement": false,
    "imageUrl": "https://streetviewpixels-pa.googleapis.com/v1/thumbnail?panoid=KpWosL-NzrykeC-IECJquQ&cb_client=search.gws-prod.gps&w=408&h=240&yaw=97.59956&pitch=0&thumbfov=100",
    "kgmid": "/g/11m5nw0clz"
  },
  {
    "title": "Itapako, taralan chok",
    "price": null,
    "categoryName": "Garden",
    "address": "MCG8+4V4, Nagarkot Rd, Bhaktapur 44800, Nepal",
    "neighborhood": null,
    "street": "MCG8+4V4, Nagarkot Rd",
    "city": "Bhaktapur",
    "postalCode": "44800",
    "state": null,
    "countryCode": "NP",
    "claimThisBusiness": true,
    "location": {
      "lat": 27.6752506,
      "lng": 85.4172172
    },
    "permanentlyClosed": false,
    "temporarilyClosed": false,
    "placeId": "ChIJrw73E7kb6zkRj6RbHbYipqw",
    "categories": [
      "Garden"
    ],
    "fid": "0x39eb1bb913f70eaf:0xaca622b61d5ba48f",
    "cid": "12440669186229511311",
    "reviewsCount": 0,
    "imagesCount": null,
    "imageCategories": [],
    "scrapedAt": "2025-11-14T08:43:25.462Z",
    "googleFoodUrl": null,
    "hotelAds": [],
    "openingHours": [],
    "peopleAlsoSearch": [],
    "placesTags": [],
    "reviewsTags": [],
    "additionalInfo": {
      "Children": [
        {
          "Good for kids": true
        }
      ]
    },
    "gasPrices": [],
    "url": "https://www.google.com/maps/search/?api=1&query=Itapako%2C%20taralan%20chok&query_place_id=ChIJrw73E7kb6zkRj6RbHbYipqw",
    "searchPageUrl": "https://www.google.com/maps/search/garden/@27.674599999999995,85.41153349407406,17z?hl=en",
    "searchString": "garden",
    "language": "en",
    "rank": 21,
    "isAdvertisement": false,
    "kgmid": "/g/11v3jf16vg"
  }
]