[
  {
    "title": "Rastriya Laghu Gharelu Tatha Sana Udhyou",
    "price": null,
    "categoryName": "Government economic program",
    "address": "MC6G+GP6, F099, Suryabinayak 44800, Nepal",
    "neighborhood": "Sipadol",
    "street": "MC6G+GP6, F099",
    "city": "Suryabinayak",
    "postalCode": "44800",
    "state": null,
    "countryCode": "NP",
    "phone": "+977 1-4251538",
    "phoneUnformatted": "+97714251538",
    "claimThisBusiness": true,
    "location": {
      "lat": 27.6612756,
      "lng": 85.4267643
    },
    "totalScore": 5,
    "permanentlyClosed": false,
    "temporarilyClosed": false,
    "placeId": "ChIJ6ReRs7wR6zkRIsAt4berjEs",
    "categories": [
      "Government economic program"
    ],
    "fid": "0x39eb11bcb39117e9:0x4b8cabb7e12dc022",
    "cid": "5443914855829323810",
    "reviewsCount": 1,
    "imagesCount": 1,
    "imageCategories": [],
    "scrapedAt": "2025-11-14T10:22:30.969Z",
    "googleFoodUrl": null,
    "hotelAds": [],
    "openingHours": [],
    "peopleAlsoSearch": [],
    "placesTags": [],
    "reviewsTags": [],
    "gasPrices": [],
    "url": "https://www.google.com/maps/search/?api=1&query=Rastriya%20Laghu%20Gharelu%20Tatha%20Sana%20Udhyou&query_place_id=ChIJ6ReRs7wR6zkRIsAt4berjEs",
    "searchPageUrl": "https://www.google.com/maps/search/government/@27.664893497689192,85.42249999999997,17z?hl=en",
    "searchString": "government",
    "language": "en",
    "rank": 18,
    "isAdvertisement": false,
    "imageUrl": "https://lh3.googleusercontent.com/gps-cs-s/AG0ilSz0JMvTHlzGI_WVLw7qyotiHI2R18NBWhR5mXHHUMZ2jZu4Qz-MGYtuu2Laq42V-Wp2aPyGVgLt6xvTfVIPWYz-7pEimE1km-tNVoP5JSqLN-g6tDzRK8ErGiSTQ9F9o4yf8kaq=w408-h306-k-no",
    "kgmid": "/g/11j7kbvkv1"
  },
  {
    "title": "Rastriya Laghu Gharelu Tatha Sana Udhyou",
    "price": null,
    "categoryName": "Government economic program",
    "address": "MC6G+GP6, F099, Suryabinayak 44800, Nepal",
    "neighborhood": "Sipadol",
    "street": "MC6G+GP6, F099",
    "city": "Suryabinayak",
    "postalCode": "44800",
    "state": null,
    "countryCode": "NP",
    "phone": "+977 1-4251538",
    "phoneUnformatted": "+97714251538",
    "claimThisBusiness": true,
    "location": {
      "lat": 27.6612756,
      "lng": 85.4267643
    },
    "totalScore": 5,
    "permanentlyClosed": false,
    "temporarilyClosed": false,
    "placeId": "ChIJ6ReRs7wR6zkRIsAt4berjEs",
    "categories": [
      "Government economic program"
    ],
    "fid": "0x39eb11bcb39117e9:0x4b8cabb7e12dc022",
    "cid": "5443914855829323810",
    "reviewsCount": 1,
    "reviewsDistribution": {
      "oneStar": 0,
      "twoStar": 0,
      "threeStar": 0,
      "fourStar": 0,
      "fiveStar": 1
    },
    "imagesCount": 1,
    "imageCategories": [],
    "scrapedAt": "2025-11-14T08:27:25.056Z",
    "googleFoodUrl": null,
    "hotelAds": [],
    "openingHours": [],
    "peopleAlsoSearch": [],
    "placesTags": [],
    "reviewsTags": [],
    "gasPrices": [],
    "url": "https://www.google.com/maps/search/?api=1&query=Rastriya%20Laghu%20Gharelu%20Tatha%20Sana%20Udhyou&query_place_id=ChIJ6ReRs7wR6zkRIsAt4berjEs",
    "searchPageUrl": "https://www.google.com/maps/search/government/@27.660086377294068,85.42150000000001,17z?hl=en",
    "searchString": "government",
    "language": "en",
    "rank": 23,
    "isAdvertisement": false,
    "imageUrl": "https://lh3.googleusercontent.com/gps-cs-s/AG0ilSwmVW846YgEfbOGz2lb6IilIGs19x-SPmz7PzPausoxucA0znk65iFgX1Pm1D13KMn98sMCHOdQ5v8KaKY_8kzxbMByi1S_y7aBCBdDXrzTAc_Z2ir0A8yadvSWTHpuOxSDjaUO=w408-h306-k-no",
    "kgmid": "/g/11j7kbvkv1"
  }
]