[
  {
    "title": "Jagat Sundar Statue",
    "price": null,
    "categoryName": "Memorial park",
    "address": "MCCG+XRG, Bhaktapur 44800, Nepal",
    "neighborhood": null,
    "street": "MCCG+XRG",
    "city": "Bhaktapur",
    "postalCode": "44800",
    "state": null,
    "countryCode": "NP",
    "claimThisBusiness": true,
    "location": {
      "lat": 27.6724393,
      "lng": 85.4270837
    },
    "totalScore": 5,
    "permanentlyClosed": false,
    "temporarilyClosed": false,
    "placeId": "ChIJI9R2YKUa6zkRCfVOfDMBalM",
    "categories": [
      "Memorial park"
    ],
    "fid": "0x39eb1aa56076d423:0x536a01337c4ef509",
    "cid": "6010617973319857417",
    "reviewsCount": 1,
    "imagesCount": 3,
    "imageCategories": [],
    "scrapedAt": "2025-11-14T08:13:40.754Z",
    "googleFoodUrl": null,
    "hotelAds": [],
    "openingHours": [],
    "peopleAlsoSearch": [],
    "placesTags": [],
    "reviewsTags": [],
    "additionalInfo": {
      "Children": [
        {
          "Good for kids": true
        }
      ]
    },
    "gasPrices": [],
    "url": "https://www.google.com/maps/search/?api=1&query=Jagat%20Sundar%20Statue&query_place_id=ChIJI9R2YKUa6zkRCfVOfDMBalM",
    "searchPageUrl": "https://www.google.com/maps/search/park/@27.67530454090198,85.43009086349416,17z?hl=en",
    "searchString": "park",
    "language": "en",
    "rank": 4,
    "isAdvertisement": false,
    "imageUrl": "https://lh3.googleusercontent.com/gps-cs-s/AG0ilSxTKrCQP2yTOmMEYX2umtRFrAzHNiUumnTdvSwF6hSY64N2U82bFGouJHGxR5MD6p469c5C7YZ-O03HvmK8yMyLu9Um_lz_AyTstX93QYwSV6qYoCrHSCDUSjY3ZbW7XDKQsj_z=w408-h724-k-no",
    "kgmid": "/g/11f1p9cz24"
  },
  {
    "title": "Jagat Sundar Statue",
    "price": null,
    "categoryName": "Memorial park",
    "address": "MCCG+XRG, Bhaktapur 44800, Nepal",
    "neighborhood": null,
    "street": "MCCG+XRG",
    "city": "Bhaktapur",
    "postalCode": "44800",
    "state": null,
    "countryCode": "NP",
    "claimThisBusiness": true,
    "location": {
      "lat": 27.6724393,
      "lng": 85.4270837
    },
    "totalScore": 5,
    "permanentlyClosed": false,
    "temporarilyClosed": false,
    "placeId": "ChIJI9R2YKUa6zkRCfVOfDMBalM",
    "categories": [
      "Memorial park"
    ],
    "fid": "0x39eb1aa56076d423:0x536a01337c4ef509",
    "cid": "6010617973319857417",
    "reviewsCount": 1,
    "imagesCount": 3,
    "imageCategories": [],
    "scrapedAt": "2025-11-14T08:26:35.433Z",
    "googleFoodUrl": null,
    "hotelAds": [],
    "openingHours": [],
    "peopleAlsoSearch": [],
    "placesTags": [],
    "reviewsTags": [],
    "additionalInfo": {
      "Children": [
        {
          "Good for kids": true
        }
      ]
    },
    "gasPrices": [],
    "url": "https://www.google.com/maps/search/?api=1&query=Jagat%20Sundar%20Statue&query_place_id=ChIJI9R2YKUa6zkRCfVOfDMBalM",
    "searchPageUrl": "https://www.google.com/maps/search/park/@27.67530454090198,85.4386817269883,17z?hl=en",
    "searchString": "park",
    "language": "en",
    "rank": 11,
    "isAdvertisement": false,
    "imageUrl": "https://lh3.googleusercontent.com/gps-cs-s/AG0ilSxTKrCQP2yTOmMEYX2umtRFrAzHNiUumnTdvSwF6hSY64N2U82bFGouJHGxR5MD6p469c5C7YZ-O03HvmK8yMyLu9Um_lz_AyTstX93QYwSV6qYoCrHSCDUSjY3ZbW7XDKQsj_z=w408-h724-k-no",
    "kgmid": "/g/11f1p9cz24"
  }
]