[
  {
    "title": "Nepali military intelligence school",
    "price": null,
    "categoryName": "Military school",
    "address": "MFR5+JX, Changunarayan, Nepal",
    "neighborhood": "Kharipati",
    "street": "MFR5+JX",
    "city": "Changunarayan",
    "postalCode": null,
    "state": null,
    "countryCode": "NP",
    "claimThisBusiness": true,
    "location": {
      "lat": 27.6916117,
      "lng": 85.4598598
    },
    "totalScore": 4,
    "permanentlyClosed": false,
    "temporarilyClosed": false,
    "placeId": "ChIJn3u14LAF6zkRa8Fs6Sqpstw",
    "categories": [
      "Military school"
    ],
    "fid": "0x39eb05b0e0b57b9f:0xdcb2a92ae96cc16b",
    "cid": "15902959235968581995",
    "reviewsCount": 1,
    "imagesCount": null,
    "imageCategories": [],
    "scrapedAt": "2025-11-14T08:40:37.893Z",
    "googleFoodUrl": null,
    "hotelAds": [],
    "openingHours": [],
    "peopleAlsoSearch": [],
    "placesTags": [],
    "reviewsTags": [],
    "gasPrices": [],
    "url": "https://www.google.com/maps/search/?api=1&query=Nepali%20military%20intelligence%20school&query_place_id=ChIJn3u14LAF6zkRa8Fs6Sqpstw",
    "searchPageUrl": "https://www.google.com/maps/search/school/@27.689813953235532,85.45446650592592,17z?hl=en",
    "searchString": "school",
    "language": "en",
    "rank": 2,
    "isAdvertisement": false,
    "kgmid": "/g/11s0trw7wv"
  },
  {
    "title": "Nepali Military Academy, Kharipati",
    "price": null,
    "categoryName": "Military school",
    "address": "MCPW+HV5, Nagarkot Road, Changunarayan, Nepal",
    "neighborhood": "Kharipati",
    "street": "MCPW+HV5, Nagarkot Road",
    "city": "Changunarayan",
    "postalCode": null,
    "state": null,
    "countryCode": "NP",
    "claimThisBusiness": true,
    "location": {
      "lat": 27.6863833,
      "lng": 85.4472205
    },
    "totalScore": 4.5,
    "permanentlyClosed": false,
    "temporarilyClosed": false,
    "placeId": "ChIJ02rYTREF6zkRiOMhu-Ko1Uc",
    "categories": [
      "Military school"
    ],
    "fid": "0x39eb05114dd86ad3:0x47d5a8e2bb21e388",
    "cid": "5176229038487888776",
    "reviewsCount": 10,
    "reviewsDistribution": {
      "oneStar": 1,
      "twoStar": 0,
      "threeStar": 0,
      "fourStar": 1,
      "fiveStar": 8
    },
    "imagesCount": 49,
    "imageCategories": [],
    "scrapedAt": "2025-11-14T08:40:38.516Z",
    "googleFoodUrl": null,
    "hotelAds": [],
    "openingHours": [],
    "peopleAlsoSearch": [],
    "placesTags": [],
    "reviewsTags": [],
    "additionalInfo": {
      "Accessibility": [
        {
          "Wheelchair accessible entrance": true
        },
        {
          "Wheelchair accessible parking lot": true
        }
      ]
    },
    "gasPrices": [],
    "url": "https://www.google.com/maps/search/?api=1&query=Nepali%20Military%20Academy%2C%20Kharipati&query_place_id=ChIJ02rYTREF6zkRiOMhu-Ko1Uc",
    "searchPageUrl": "https://www.google.com/maps/search/school/@27.689813953235532,85.45446650592592,17z?hl=en",
    "searchString": "school",
    "language": "en",
    "rank": 21,
    "isAdvertisement": false,
    "imageUrl": "https://lh3.googleusercontent.com/gps-cs-s/AG0ilSwehDmWM8iTK-2F_0nlHlwh5EaR0MfkXzWztjkRB0txPhBMvS-5jD2tZCta89ZKlD8pwLsDAd84yaDznLPIBjNQgw2s6aO8QCroeeopNcrzTnSvTLNVRDh54oaRUAFJquc-kZ36=w408-h306-k-no",
    "kgmid": "/g/11rbzcsx4m"
  }
]