[
  {
    "title": "Bhaktapur Kickboxing and Muay Thai Club",
    "price": null,
    "categoryName": "Muay Thai boxing gym",
    "address": "MCGM+J2Q, Dekocha Changu Narayan Bus Stop, Nagarkot Rd, Bhaktapur 44800, Nepal",
    "neighborhood": null,
    "street": "MCGM+J2Q, Dekocha Changu Narayan Bus Stop, Nagarkot Rd",
    "city": "Bhaktapur",
    "postalCode": "44800",
    "state": null,
    "countryCode": "NP",
    "claimThisBusiness": true,
    "location": {
      "lat": 27.6765989,
      "lng": 85.4326114
    },
    "totalScore": 3.7,
    "permanentlyClosed": false,
    "temporarilyClosed": false,
    "placeId": "ChIJRU6DTccb6zkRp2s_VXfdJC4",
    "categories": [
      "Muay Thai boxing gym"
    ],
    "fid": "0x39eb1bc74d834e45:0x2e24dd77553f6ba7",
    "cid": "3325025929507335079",
    "reviewsCount": 6,
    "imagesCount": 15,
    "imageCategories": [],
    "scrapedAt": "2025-11-14T08:13:40.921Z",
    "googleFoodUrl": null,
    "hotelAds": [],
    "openingHours": [],
    "peopleAlsoSearch": [],
    "placesTags": [],
    "reviewsTags": [],
    "additionalInfo": {
      "Amenities": [
        {
          "Restroom": true
        }
      ],
      "Children": [
        {
          "Good for kids": true
        }
      ]
    },
    "gasPrices": [],
    "url": "https://www.google.com/maps/search/?api=1&query=Bhaktapur%20Kickboxing%20and%20Muay%20Thai%20Club&query_place_id=ChIJRU6DTccb6zkRp2s_VXfdJC4",
    "searchPageUrl": "https://www.google.com/maps/search/gym/@27.67530454090198,85.43009086349416,17z?hl=en",
    "searchString": "gym",
    "language": "en",
    "rank": 14,
    "isAdvertisement": false,
    "imageUrl": "https://lh3.googleusercontent.com/gps-cs-s/AG0ilSxvKD1lR_SkNTLOOZi89aXdBugtODKRxIZF5y-Na2n26U7DxtXfZbYN4EV8Q970fTP2GhBQG-qVr8j9n7BTc1-vQAFFGpXaT08x3X-mkiXv1WMBFDO4w1SP5yg-1HPBKgonmNnp=w408-h725-k-no",
    "kgmid": "/g/11qptv99q1"
  },
  {
    "title": "Bhaktapur Kickboxing and Muay Thai Club",
    "price": null,
    "categoryName": "Muay Thai boxing gym",
    "address": "MCGM+J2Q, Dekocha Changu Narayan Bus Stop, Nagarkot Rd, Bhaktapur 44800, Nepal",
    "neighborhood": null,
    "street": "MCGM+J2Q, Dekocha Changu Narayan Bus Stop, Nagarkot Rd",
    "city": "Bhaktapur",
    "postalCode": "44800",
    "state": null,
    "countryCode": "NP",
    "claimThisBusiness": true,
    "location": {
      "lat": 27.6765989,
      "lng": 85.4326114
    },
    "totalScore": 3.7,
    "permanentlyClosed": false,
    "temporarilyClosed": false,
    "placeId": "ChIJRU6DTccb6zkRp2s_VXfdJC4",
    "categories": [
      "Muay Thai boxing gym"
    ],
    "fid": "0x39eb1bc74d834e45:0x2e24dd77553f6ba7",
    "cid": "3325025929507335079",
    "reviewsCount": 6,
    "imagesCount": 15,
    "imageCategories": [],
    "scrapedAt": "2025-11-14T10:20:49.447Z",
    "googleFoodUrl": null,
    "hotelAds": [],
    "openingHours": [],
    "peopleAlsoSearch": [],
    "placesTags": [],
    "reviewsTags": [],
    "additionalInfo": {
      "Amenities": [
        {
          "Restroom": true
        }
      ],
      "Children": [
        {
          "Good for kids": true
        }
      ]
    },
    "gasPrices": [],
    "url": "https://www.google.com/maps/search/?api=1&query=Bhaktapur%20Kickboxing%20and%20Muay%20Thai%20Club&query_place_id=ChIJRU6DTccb6zkRp2s_VXfdJC4",
    "searchPageUrl": "https://www.google.com/maps/search/gym/@27.680106502310814,85.43967040879893,17z?hl=en",
    "searchString": "gym",
    "language": "en",
    "rank": 18,
    "isAdvertisement": false,
    "imageUrl": "https://lh3.googleusercontent.com/gps-cs-s/AG0ilSxvKD1lR_SkNTLOOZi89aXdBugtODKRxIZF5y-Na2n26U7DxtXfZbYN4EV8Q970fTP2GhBQG-qVr8j9n7BTc1-vQAFFGpXaT08x3X-mkiXv1WMBFDO4w1SP5yg-1HPBKgonmNnp=w408-h725-k-no",
    "kgmid": "/g/11qptv99q1"
  },
  {
    "title": "Bhaktapur Kickboxing and Muay Thai Club",
    "price": null,
    "categoryName": "Muay Thai boxing gym",
    "address": "MCGM+J2Q, Dekocha Changu Narayan Bus Stop, Nagarkot Rd, Bhaktapur 44800, Nepal",
    "neighborhood": null,
    "street": "MCGM+J2Q, Dekocha Changu Narayan Bus Stop, Nagarkot Rd",
    "city": "Bhaktapur",
    "postalCode": "44800",
    "state": null,
    "countryCode": "NP",
    "claimThisBusiness": true,
    "location": {
      "lat": 27.6765989,
      "lng": 85.4326114
    },
    "totalScore": 3.7,
    "permanentlyClosed": false,
    "temporarilyClosed": false,
    "placeId": "ChIJRU6DTccb6zkRp2s_VXfdJC4",
    "categories": [
      "Muay Thai boxing gym"
    ],
    "fid": "0x39eb1bc74d834e45:0x2e24dd77553f6ba7",
    "cid": "3325025929507335079",
    "reviewsCount": 6,
    "imagesCount": 15,
    "imageCategories": [],
    "scrapedAt": "2025-11-14T08:26:36.882Z",
    "googleFoodUrl": null,
    "hotelAds": [],
    "openingHours": [],
    "peopleAlsoSearch": [],
    "placesTags": [],
    "reviewsTags": [],
    "additionalInfo": {
      "Amenities": [
        {
          "Restroom": true
        }
      ],
      "Children": [
        {
          "Good for kids": true
        }
      ]
    },
    "gasPrices": [],
    "url": "https://www.google.com/maps/search/?api=1&query=Bhaktapur%20Kickboxing%20and%20Muay%20Thai%20Club&query_place_id=ChIJRU6DTccb6zkRp2s_VXfdJC4",
    "searchPageUrl": "https://www.google.com/maps/search/gym/@27.67530454090198,85.4386817269883,17z?hl=en",
    "searchString": "gym",
    "language": "en",
    "rank": 17,
    "isAdvertisement": false,
    "imageUrl": "https://lh3.googleusercontent.com/gps-cs-s/AG0ilSxvKD1lR_SkNTLOOZi89aXdBugtODKRxIZF5y-Na2n26U7DxtXfZbYN4EV8Q970fTP2GhBQG-qVr8j9n7BTc1-vQAFFGpXaT08x3X-mkiXv1WMBFDO4w1SP5yg-1HPBKgonmNnp=w408-h725-k-no",
    "kgmid": "/g/11qptv99q1"
  },
  {
    "title": "Mad Organization",
    "price": null,
    "categoryName": "Muay Thai boxing gym",
    "address": "MCGQ+67P, Kamalbinayak, Bhaktapur 44800, Nepal",
    "neighborhood": null,
    "street": "MCGQ+67P, Kamalbinayak",
    "city": "Bhaktapur",
    "postalCode": null,
    "state": null,
    "countryCode": "NP",
    "claimThisBusiness": true,
    "location": {
      "lat": 27.6755984,
      "lng": 85.4382044
    },
    "permanentlyClosed": false,
    "temporarilyClosed": false,
    "placeId": "ChIJpTAfZAAF6zkRqc2Nx9BZoYA",
    "categories": [
      "Muay Thai boxing gym"
    ],
    "fid": "0x39eb0500641f30a5:0x80a159d0c78dcda9",
    "cid": "9268788261341220265",
    "reviewsCount": 0,
    "imagesCount": null,
    "imageCategories": [],
    "scrapedAt": "2025-11-14T08:26:36.882Z",
    "googleFoodUrl": null,
    "hotelAds": [],
    "openingHours": [],
    "peopleAlsoSearch": [],
    "placesTags": [],
    "reviewsTags": [],
    "gasPrices": [],
    "url": "https://www.google.com/maps/search/?api=1&query=Mad%20Organization&query_place_id=ChIJpTAfZAAF6zkRqc2Nx9BZoYA",
    "searchPageUrl": "https://www.google.com/maps/search/gym/@27.67530454090198,85.4386817269883,17z?hl=en",
    "searchString": "gym",
    "language": "en",
    "rank": 20,
    "isAdvertisement": false,
    "kgmid": "/g/11mlc6vqy8"
  }
]