[
  {
    "title": "Chundevi Moktan Home",
    "price": null,
    "categoryName": "Office supply store",
    "address": "Chundevi, Bhaktapur 44800, Nepal",
    "neighborhood": "Katunje",
    "street": "Chundevi",
    "city": "Bhaktapur",
    "postalCode": null,
    "state": null,
    "countryCode": "NP",
    "claimThisBusiness": false,
    "location": {
      "lat": 27.6664132,
      "lng": 85.4151143
    },
    "totalScore": 5,
    "permanentlyClosed": false,
    "temporarilyClosed": false,
    "placeId": "ChIJXTOO6iYb6zkRmLELUvzBtJA",
    "categories": [
      "Office supply store"
    ],
    "fid": "0x39eb1b26ea8e335d:0x90b4c1fc520bb198",
    "cid": "10427172326721958296",
    "reviewsCount": 1,
    "imagesCount": 2,
    "imageCategories": [],
    "scrapedAt": "2025-11-14T08:13:49.631Z",
    "googleFoodUrl": null,
    "hotelAds": [],
    "openingHours": [],
    "peopleAlsoSearch": [],
    "placesTags": [],
    "reviewsTags": [],
    "gasPrices": [],
    "url": "https://www.google.com/maps/search/?api=1&query=Chundevi%20Moktan%20Home&query_place_id=ChIJXTOO6iYb6zkRmLELUvzBtJA",
    "searchPageUrl": "https://www.google.com/maps/search/office/@27.67530454090198,85.43009086349416,17z?hl=en",
    "searchString": "office",
    "language": "en",
    "rank": 2,
    "isAdvertisement": false,
    "imageUrl": "https://streetviewpixels-pa.googleapis.com/v1/thumbnail?panoid=oWPcEwPGE4u9TLVfE8sL8Q&cb_client=search.gws-prod.gps&w=408&h=240&yaw=110.42596&pitch=0&thumbfov=100",
    "kgmid": "/g/11yjjrsqjj"
  },
  {
    "title": "Shree Ganesh Traders & Suppliers",
    "price": null,
    "categoryName": "Office supply store",
    "address": "101 Araniko Highway, Bhaktapur 44800, Nepal",
    "neighborhood": null,
    "street": "101 Araniko Highway",
    "city": "Bhaktapur",
    "postalCode": "44800",
    "state": null,
    "countryCode": "NP",
    "claimThisBusiness": true,
    "location": {
      "lat": 27.6673765,
      "lng": 85.416931
    },
    "permanentlyClosed": false,
    "temporarilyClosed": false,
    "placeId": "ChIJL-QSydcb6zkRYVzOm72WXBQ",
    "categories": [
      "Office supply store"
    ],
    "fid": "0x39eb1bd7c912e42f:0x145c96bd9bce5c61",
    "cid": "1467213319722916961",
    "reviewsCount": 0,
    "imagesCount": 2,
    "imageCategories": [],
    "scrapedAt": "2025-11-14T08:13:49.631Z",
    "googleFoodUrl": null,
    "hotelAds": [],
    "openingHours": [],
    "peopleAlsoSearch": [],
    "placesTags": [],
    "reviewsTags": [],
    "gasPrices": [],
    "url": "https://www.google.com/maps/search/?api=1&query=Shree%20Ganesh%20Traders%20%26%20Suppliers&query_place_id=ChIJL-QSydcb6zkRYVzOm72WXBQ",
    "searchPageUrl": "https://www.google.com/maps/search/office/@27.67530454090198,85.43009086349416,17z?hl=en",
    "searchString": "office",
    "language": "en",
    "rank": 8,
    "isAdvertisement": false,
    "imageUrl": "https://streetviewpixels-pa.googleapis.com/v1/thumbnail?panoid=UN5WbhiaHZCKBF7T_thEuA&cb_client=search.gws-prod.gps&w=408&h=240&yaw=33.67227&pitch=0&thumbfov=100",
    "kgmid": "/g/11pb9kwz3h"
  },
  {
    "title": "Rusalan Vodka delaer office .",
    "price": null,
    "categoryName": "Office supply store",
    "address": "MC98+H7G, Araniko Highway, Bhaktapur 44800, Nepal",
    "neighborhood": null,
    "street": "MC98+H7G, Araniko Highway",
    "city": "Bhaktapur",
    "postalCode": "44800",
    "state": null,
    "countryCode": "NP",
    "claimThisBusiness": true,
    "location": {
      "lat": 27.6689433,
      "lng": 85.4156909
    },
    "permanentlyClosed": false,
    "temporarilyClosed": false,
    "placeId": "ChIJl0OKv5ga6zkR5LmLWA6SlDg",
    "categories": [
      "Office supply store"
    ],
    "fid": "0x39eb1a98bf8a4397:0x3894920e588bb9e4",
    "cid": "4077044152989891044",
    "reviewsCount": 0,
    "imagesCount": 1,
    "imageCategories": [],
    "scrapedAt": "2025-11-14T08:13:49.631Z",
    "googleFoodUrl": null,
    "hotelAds": [],
    "openingHours": [
      {
        "day": "Monday",
        "hours": "10 AM to 6 PM"
      },
      {
        "day": "Tuesday",
        "hours": "10 AM to 6 PM"
      },
      {
        "day": "Wednesday",
        "hours": "10 AM to 6 PM"
      },
      {
        "day": "Thursday",
        "hours": "10 AM to 6 PM"
      },
      {
        "day": "Friday",
        "hours": "10 AM to 6 PM"
      },
      {
        "day": "Saturday",
        "hours": "Closed"
      },
      {
        "day": "Sunday",
        "hours": "10 AM to 6 PM"
      }
    ],
    "peopleAlsoSearch": [],
    "placesTags": [],
    "reviewsTags": [],
    "gasPrices": [],
    "url": "https://www.google.com/maps/search/?api=1&query=Rusalan%20Vodka%20delaer%20office%20.&query_place_id=ChIJl0OKv5ga6zkR5LmLWA6SlDg",
    "searchPageUrl": "https://www.google.com/maps/search/office/@27.67530454090198,85.43009086349416,17z?hl=en",
    "searchString": "office",
    "language": "en",
    "rank": 14,
    "isAdvertisement": false,
    "imageUrl": "https://streetviewpixels-pa.googleapis.com/v1/thumbnail?panoid=VVR552Wd_p55L9sjDf6VrA&cb_client=search.gws-prod.gps&w=408&h=240&yaw=333.04312&pitch=0&thumbfov=100",
    "kgmid": "/g/11c70j3hq0"
  }
]