[
  {
    "title": "Gundu Photostudio & stationary",
    "price": null,
    "categoryName": "Photography studio",
    "address": "Anantalingeshwar, Nepal",
    "neighborhood": "Gundu",
    "street": null,
    "city": "Anantalingeshwar",
    "postalCode": null,
    "state": null,
    "countryCode": "NP",
    "phone": "+977 986-1155699",
    "phoneUnformatted": "+9779861155699",
    "claimThisBusiness": false,
    "location": {
      "lat": 27.6350017,
      "lng": 85.4192203
    },
    "totalScore": 5,
    "permanentlyClosed": false,
    "temporarilyClosed": false,
    "placeId": "ChIJIeqnCUkR6zkRCLNBlc2iPmw",
    "categories": [
      "Photography studio",
      "Film and photograph library"
    ],
    "fid": "0x39eb114909a7ea21:0x6c3ea2cd9541b308",
    "cid": "7799850608508384008",
    "reviewsCount": 3,
    "reviewsDistribution": {
      "oneStar": 0,
      "twoStar": 0,
      "threeStar": 0,
      "fourStar": 0,
      "fiveStar": 3
    },
    "imagesCount": 16,
    "imageCategories": [],
    "scrapedAt": "2025-11-14T10:21:56.473Z",
    "googleFoodUrl": null,
    "hotelAds": [],
    "openingHours": [
      {
        "day": "Monday",
        "hours": "8 AM to 5 PM"
      },
      {
        "day": "Tuesday",
        "hours": "8 AM to 5 PM"
      },
      {
        "day": "Wednesday",
        "hours": "8 AM to 5 PM"
      },
      {
        "day": "Thursday",
        "hours": "8 AM to 5 PM"
      },
      {
        "day": "Friday",
        "hours": "8 AM to 5 PM"
      },
      {
        "day": "Saturday",
        "hours": "Closed"
      },
      {
        "day": "Sunday",
        "hours": "8 AM to 5 AM"
      }
    ],
    "peopleAlsoSearch": [],
    "placesTags": [],
    "reviewsTags": [],
    "gasPrices": [],
    "url": "https://www.google.com/maps/search/?api=1&query=Gundu%20Photostudio%20%26%20stationary&query_place_id=ChIJIeqnCUkR6zkRCLNBlc2iPmw",
    "searchPageUrl": "https://www.google.com/maps/search/library/@27.63446748844595,85.42249999999997,17z?hl=en",
    "searchString": "library",
    "language": "en",
    "rank": 21,
    "isAdvertisement": false,
    "imageUrl": "https://lh3.googleusercontent.com/p/AF1QipPFa_S1IkiJFX15rkW8DuFLlA8r0JCLk13tmKCi=w426-h240-k-no",
    "kgmid": "/g/11qqwy5wcj"
  }
]