[
  {
    "title": "Nepal Workers' and Peasants' Party",
    "subTitle": "नेपाल मजदुर 'किसान' पार्टी",
    "price": null,
    "categoryName": "Political party office",
    "address": "MCFM+37H, Golmadhi Tole, Bhaktapur 44800, Nepal",
    "neighborhood": null,
    "street": "MCFM+37H, Golmadhi Tole",
    "city": "Bhaktapur",
    "postalCode": "44800",
    "state": null,
    "countryCode": "NP",
    "phone": "+977 1-6610974",
    "phoneUnformatted": "+97716610974",
    "claimThisBusiness": true,
    "location": {
      "lat": 27.6726766,
      "lng": 85.433228
    },
    "totalScore": 3.6,
    "permanentlyClosed": false,
    "temporarilyClosed": false,
    "placeId": "ChIJt27-6a0a6zkRRT0jwzMaU-4",
    "categories": [
      "Political party office"
    ],
    "fid": "0x39eb1aade9fe6eb7:0xee531a33c3233d45",
    "cid": "17173098613713354053",
    "reviewsCount": 7,
    "reviewsDistribution": {
      "oneStar": 2,
      "twoStar": 0,
      "threeStar": 1,
      "fourStar": 0,
      "fiveStar": 4
    },
    "imagesCount": 2,
    "imageCategories": [],
    "scrapedAt": "2025-11-14T08:13:52.955Z",
    "googleFoodUrl": null,
    "hotelAds": [],
    "openingHours": [],
    "peopleAlsoSearch": [],
    "placesTags": [],
    "reviewsTags": [],
    "gasPrices": [],
    "url": "https://www.google.com/maps/search/?api=1&query=Nepal%20Workers'%20and%20Peasants'%20Party&query_place_id=ChIJt27-6a0a6zkRRT0jwzMaU-4",
    "searchPageUrl": "https://www.google.com/maps/search/office/@27.67530454090198,85.43009086349416,17z?hl=en",
    "searchString": "office",
    "language": "en",
    "rank": 74,
    "isAdvertisement": false,
    "imageUrl": "https://lh3.googleusercontent.com/gps-cs-s/AG0ilSw4QkgaL3bCdoq2iNcbg85jcTSr1MwZC6g1kZm6Vy3ofLY0CTZTUnwRDrtzdfhUNh34r-C96-komcH3PUWdfqgKKUfXMFDLyoVP8GHQ-2vcmcrddJWwwXs60PGt3-8Qqv-GqEsJ=w426-h240-k-no",
    "kgmid": "/g/11c6d_cxgd"
  }
]