[
  {
    "title": "Rasilo Agriculture Head office",
    "price": null,
    "categoryName": "State government office",
    "address": "M99P+X87, Thimi-Biruwa Rd, Anantalingeshwar, Nepal",
    "neighborhood": "Balkot",
    "street": "M99P+X87, Thimi-Biruwa Rd",
    "city": "Anantalingeshwar",
    "postalCode": null,
    "state": null,
    "countryCode": "NP",
    "website": "https://www.facebook.com/rasiloagricultre?mibextid=ZbWKwL",
    "phone": "+977 984-4619257",
    "phoneUnformatted": "+9779844619257",
    "claimThisBusiness": true,
    "location": {
      "lat": 27.6698676,
      "lng": 85.3857801
    },
    "totalScore": 5,
    "permanentlyClosed": false,
    "temporarilyClosed": false,
    "placeId": "ChIJs4wRDwAb6zkR-PRzrzXDjuA",
    "categories": [
      "State government office"
    ],
    "fid": "0x39eb1b000f118cb3:0xe08ec335af73f4f8",
    "cid": "16181085146533065976",
    "reviewsCount": 3,
    "imagesCount": 9,
    "imageCategories": [],
    "scrapedAt": "2025-11-14T10:20:20.594Z",
    "googleFoodUrl": null,
    "hotelAds": [],
    "openingHours": [
      {
        "day": "Monday",
        "hours": "Open 24 hours"
      },
      {
        "day": "Tuesday",
        "hours": "Open 24 hours"
      },
      {
        "day": "Wednesday",
        "hours": "Open 24 hours"
      },
      {
        "day": "Thursday",
        "hours": "Open 24 hours"
      },
      {
        "day": "Friday",
        "hours": "Open 24 hours"
      },
      {
        "day": "Saturday",
        "hours": "Closed"
      },
      {
        "day": "Sunday",
        "hours": "Open 24 hours"
      }
    ],
    "peopleAlsoSearch": [],
    "placesTags": [],
    "reviewsTags": [],
    "additionalInfo": {
      "Amenities": [
        {
          "Restroom": true
        }
      ]
    },
    "gasPrices": [],
    "url": "https://www.google.com/maps/search/?api=1&query=Rasilo%20Agriculture%20Head%20office&query_place_id=ChIJs4wRDwAb6zkR-PRzrzXDjuA",
    "searchPageUrl": "https://www.google.com/maps/search/government%20office/@27.664893497689192,85.37957397800257,17z?hl=en",
    "searchString": "government office",
    "language": "en",
    "rank": 9,
    "isAdvertisement": false,
    "imageUrl": "https://lh3.googleusercontent.com/gps-cs-s/AG0ilSxmKwoJ08kJ_xHVMdU0LIc0Sana67gA3b5gjOV5zhJbFDq02N6eCSFiUROaHRJin3mwt_6x6I8s3eQ21Z2U_xTl68ci4i82VCF-WRiYQVfzxy56nrjP6TbhEsoXJVeaSmDr9zMg=w408-h307-k-no",
    "kgmid": "/g/11wxx2f0cn"
  }
]