[
  {
    "title": "Khyo Pond ख्याे: पुखुचा",
    "price": null,
    "categoryName": "Water park",
    "address": "MCGJ+JHM ख: पुखुचा, Bhaktapur 44800, Nepal",
    "neighborhood": null,
    "street": "MCGJ+JHM ख: पुखुचा",
    "city": "Bhaktapur",
    "postalCode": "44800",
    "state": null,
    "countryCode": "NP",
    "claimThisBusiness": true,
    "location": {
      "lat": 27.6765903,
      "lng": 85.4314363
    },
    "totalScore": 4,
    "permanentlyClosed": false,
    "temporarilyClosed": false,
    "placeId": "ChIJIZo7n7Ea6zkRWt6xT1KfaEE",
    "categories": [
      "Water park"
    ],
    "fid": "0x39eb1ab19f3b9a21:0x41689f524fb1de5a",
    "cid": "4713192185916415578",
    "reviewsCount": 22,
    "reviewsDistribution": {
      "oneStar": 3,
      "twoStar": 0,
      "threeStar": 1,
      "fourStar": 7,
      "fiveStar": 11
    },
    "imagesCount": 21,
    "imageCategories": [],
    "scrapedAt": "2025-11-14T08:13:41.422Z",
    "googleFoodUrl": null,
    "hotelAds": [],
    "openingHours": [],
    "peopleAlsoSearch": [],
    "placesTags": [],
    "reviewsTags": [],
    "additionalInfo": {
      "Children": [
        {
          "Good for kids": true
        }
      ]
    },
    "gasPrices": [],
    "url": "https://www.google.com/maps/search/?api=1&query=Khyo%20Pond%20%E0%A4%96%E0%A5%8D%E0%A4%AF%E0%A4%BE%E0%A5%87%3A%20%E0%A4%AA%E0%A5%81%E0%A4%96%E0%A5%81%E0%A4%9A%E0%A4%BE&query_place_id=ChIJIZo7n7Ea6zkRWt6xT1KfaEE",
    "searchPageUrl": "https://www.google.com/maps/search/park/@27.67530454090198,85.43009086349416,17z?hl=en",
    "searchString": "park",
    "language": "en",
    "rank": 33,
    "isAdvertisement": false,
    "imageUrl": "https://lh3.googleusercontent.com/gps-cs-s/AG0ilSxTDn_72VVW8O97jiNX_CFz7AiFXVtulJxlTXoVz-8TF9tE6XxA66taTb3aBAJh82PpDHwB5ytoNKbZVO7dFlTDEYau2a20zcQSpR_Ztlcio01mvlGJbYJfua4dOfv0YfgdnIe4=w408-h572-k-no",
    "kgmid": "/g/11cs5mz_3j"
  },
  {
    "title": "माथिल्लो पँधेरो",
    "price": null,
    "categoryName": "Water park",
    "address": "MC28+67J, Anantalingeshwar, Nepal",
    "neighborhood": "Gundu",
    "street": "MC28+67J",
    "city": "Anantalingeshwar",
    "postalCode": null,
    "state": null,
    "countryCode": "NP",
    "claimThisBusiness": true,
    "location": {
      "lat": 27.650581,
      "lng": 85.4156341
    },
    "permanentlyClosed": false,
    "temporarilyClosed": false,
    "placeId": "ChIJC4RKFAAR6zkRpl_zYDYrsgI",
    "categories": [
      "Water park"
    ],
    "fid": "0x39eb1100144a840b:0x2b22b3660f35fa6",
    "cid": "194265246485143462",
    "reviewsCount": 0,
    "imagesCount": 1,
    "imageCategories": [],
    "scrapedAt": "2025-11-14T10:20:53.405Z",
    "googleFoodUrl": null,
    "hotelAds": [],
    "openingHours": [],
    "peopleAlsoSearch": [],
    "placesTags": [],
    "reviewsTags": [],
    "additionalInfo": {
      "Children": [
        {
          "Good for kids": true
        }
      ]
    },
    "gasPrices": [],
    "url": "https://www.google.com/maps/search/?api=1&query=%E0%A4%AE%E0%A4%BE%E0%A4%A5%E0%A4%BF%E0%A4%B2%E0%A5%8D%E0%A4%B2%E0%A5%8B%20%E0%A4%AA%E0%A4%81%E0%A4%A7%E0%A5%87%E0%A4%B0%E0%A5%8B&query_place_id=ChIJC4RKFAAR6zkRpl_zYDYrsgI",
    "searchPageUrl": "https://www.google.com/maps/search/park/@27.64968049306757,85.41391479560049,17z?hl=en",
    "searchString": "park",
    "language": "en",
    "rank": 25,
    "isAdvertisement": false,
    "imageUrl": "https://streetviewpixels-pa.googleapis.com/v1/thumbnail?panoid=h-KglotDanKw3AegsWtvFQ&cb_client=search.gws-prod.gps&w=408&h=240&yaw=179.98582&pitch=0&thumbfov=100",
    "kgmid": "/g/11wqgmvrwn"
  },
  {
    "title": "Bhajya Pokhari भाज्य पाेखरी",
    "price": null,
    "categoryName": "Water park",
    "address": "MCCC+89C Bhajya Pukhu Coffee, Bhaktapur 44800, Nepal",
    "neighborhood": null,
    "street": "MCCC+89C Bhajya Pukhu Coffee",
    "city": "Bhaktapur",
    "postalCode": "44800",
    "state": null,
    "countryCode": "NP",
    "claimThisBusiness": true,
    "location": {
      "lat": 27.6708137,
      "lng": 85.4208885
    },
    "totalScore": 4.6,
    "permanentlyClosed": false,
    "temporarilyClosed": false,
    "placeId": "ChIJzx3IXzMb6zkR2pTnR4X02M4",
    "categories": [
      "Water park"
    ],
    "fid": "0x39eb1b335fc81dcf:0xced8f48547e794da",
    "cid": "14904931820056843482",
    "reviewsCount": 26,
    "reviewsDistribution": {
      "oneStar": 0,
      "twoStar": 0,
      "threeStar": 1,
      "fourStar": 9,
      "fiveStar": 16
    },
    "imagesCount": 205,
    "imageCategories": [],
    "scrapedAt": "2025-11-14T10:21:10.690Z",
    "googleFoodUrl": null,
    "hotelAds": [],
    "openingHours": [],
    "peopleAlsoSearch": [],
    "placesTags": [],
    "reviewsTags": [],
    "additionalInfo": {
      "Children": [
        {
          "Good for kids": true
        }
      ]
    },
    "gasPrices": [],
    "url": "https://www.google.com/maps/search/?api=1&query=Bhajya%20Pokhari%20%E0%A4%AD%E0%A4%BE%E0%A4%9C%E0%A5%8D%E0%A4%AF%20%E0%A4%AA%E0%A4%BE%E0%A5%87%E0%A4%96%E0%A4%B0%E0%A5%80&query_place_id=ChIJzx3IXzMb6zkR2pTnR4X02M4",
    "searchPageUrl": "https://www.google.com/maps/search/park/@27.672500000000003,85.41391479560049,17z?hl=en",
    "searchString": "park",
    "language": "en",
    "rank": 26,
    "isAdvertisement": false,
    "imageUrl": "https://lh3.googleusercontent.com/gps-cs-s/AG0ilSwg66MuTHfscCcMXiiLDj5V9t3fFQSvC8KgTwUKb82c9qg4NL6pf6yuQauRfS58mSfRnWBDAicQrPcmyl_MdVdPBEYzH8Svc5ajAcb7cpEs4cV7AnFxdeq_CQ_pMI60gL3MRWcCig=w408-h272-k-no",
    "kgmid": "/g/11j84ytp4_"
  },
  {
    "title": "Khyo Pond ख्याे: पुखुचा",
    "price": null,
    "categoryName": "Water park",
    "address": "MCGJ+JHM ख: पुखुचा, Bhaktapur 44800, Nepal",
    "neighborhood": null,
    "street": "MCGJ+JHM ख: पुखुचा",
    "city": "Bhaktapur",
    "postalCode": "44800",
    "state": null,
    "countryCode": "NP",
    "claimThisBusiness": true,
    "location": {
      "lat": 27.6765903,
      "lng": 85.4314363
    },
    "totalScore": 4,
    "permanentlyClosed": false,
    "temporarilyClosed": false,
    "placeId": "ChIJIZo7n7Ea6zkRWt6xT1KfaEE",
    "categories": [
      "Water park"
    ],
    "fid": "0x39eb1ab19f3b9a21:0x41689f524fb1de5a",
    "cid": "4713192185916415578",
    "reviewsCount": 22,
    "reviewsDistribution": {
      "oneStar": 3,
      "twoStar": 0,
      "threeStar": 1,
      "fourStar": 7,
      "fiveStar": 11
    },
    "imagesCount": 21,
    "imageCategories": [],
    "scrapedAt": "2025-11-14T10:21:29.984Z",
    "googleFoodUrl": null,
    "hotelAds": [],
    "openingHours": [],
    "peopleAlsoSearch": [],
    "placesTags": [],
    "reviewsTags": [],
    "additionalInfo": {
      "Children": [
        {
          "Good for kids": true
        }
      ]
    },
    "gasPrices": [],
    "url": "https://www.google.com/maps/search/?api=1&query=Khyo%20Pond%20%E0%A4%96%E0%A5%8D%E0%A4%AF%E0%A4%BE%E0%A5%87%3A%20%E0%A4%AA%E0%A5%81%E0%A4%96%E0%A5%81%E0%A4%9A%E0%A4%BE&query_place_id=ChIJIZo7n7Ea6zkRWt6xT1KfaEE",
    "searchPageUrl": "https://www.google.com/maps/search/park/@27.680106502310814,85.43108520439945,17z?hl=en",
    "searchString": "park",
    "language": "en",
    "rank": 26,
    "isAdvertisement": false,
    "imageUrl": "https://lh3.googleusercontent.com/gps-cs-s/AG0ilSxTDn_72VVW8O97jiNX_CFz7AiFXVtulJxlTXoVz-8TF9tE6XxA66taTb3aBAJh82PpDHwB5ytoNKbZVO7dFlTDEYau2a20zcQSpR_Ztlcio01mvlGJbYJfua4dOfv0YfgdnIe4=w408-h572-k-no",
    "kgmid": "/g/11cs5mz_3j"
  },
  {
    "title": "Kathmandu Fun Valley",
    "subTitle": "काठमाडौं फन भ्याली",
    "price": null,
    "categoryName": "Water park",
    "address": "अरनिको राजमार्ग Bhaktapur, Bhaktapur Araniko Highway, Suryabinayak 44805, Nepal",
    "neighborhood": "Nangkhel",
    "street": "अरनिको राजमार्ग Bhaktapur, Bhaktapur Araniko Highway",
    "city": "Suryabinayak",
    "postalCode": "44805",
    "state": null,
    "countryCode": "NP",
    "website": "https://kathmandufunvalley.fun/",
    "phone": "+977 980-2268244",
    "phoneUnformatted": "+9779802268244",
    "claimThisBusiness": false,
    "location": {
      "lat": 27.6467707,
      "lng": 85.4670261
    },
    "totalScore": 3.8,
    "permanentlyClosed": false,
    "temporarilyClosed": false,
    "placeId": "ChIJcy5iv5AP6zkRdS-eLyrmnTE",
    "categories": [
      "Water park",
      "Tourist attraction"
    ],
    "fid": "0x39eb0f90bf622e73:0x319de62a2f9e2f75",
    "cid": "3575266748063952757",
    "reviewsCount": 849,
    "reviewsDistribution": {
      "oneStar": 74,
      "twoStar": 49,
      "threeStar": 161,
      "fourStar": 215,
      "fiveStar": 350
    },
    "imagesCount": 2829,
    "imageCategories": [],
    "scrapedAt": "2025-11-14T10:21:35.105Z",
    "googleFoodUrl": null,
    "hotelAds": [],
    "openingHours": [
      {
        "day": "Monday",
        "hours": "9 AM to 6 PM"
      },
      {
        "day": "Tuesday",
        "hours": "9 AM to 6 PM"
      },
      {
        "day": "Wednesday",
        "hours": "9 AM to 6 PM"
      },
      {
        "day": "Thursday",
        "hours": "9 AM to 6 PM"
      },
      {
        "day": "Friday",
        "hours": "9 AM to 6 PM"
      },
      {
        "day": "Saturday",
        "hours": "9 AM to 6 PM"
      },
      {
        "day": "Sunday",
        "hours": "9 AM to 6 PM"
      }
    ],
    "peopleAlsoSearch": [],
    "placesTags": [],
    "reviewsTags": [],
    "additionalInfo": {
      "Highlights": [
        {
          "Live performances": true
        }
      ],
      "Accessibility": [
        {
          "Wheelchair accessible entrance": true
        },
        {
          "Wheelchair accessible parking lot": true
        },
        {
          "Wheelchair accessible restroom": true
        }
      ],
      "Offerings": [
        {
          "Arcade games": true
        },
        {
          "Food": true
        }
      ],
      "Amenities": [
        {
          "Baggage storage": true
        },
        {
          "Restaurant": true
        },
        {
          "Restroom": true
        }
      ],
      "Payments": [
        {
          "NFC mobile payments": true
        }
      ],
      "Children": [
        {
          "Good for kids": true
        },
        {
          "Playground": true
        }
      ]
    },
    "gasPrices": [],
    "updatesFromCustomers": {
      "text": "A refreshing evening in the swimming pool, complemented by a wonderful play station for added fun and relaxation.",
      "language": "en",
      "postDate": "5 months ago",
      "postedBy": {
        "name": "Umesh Duwal",
        "url": "https://www.google.com/maps/contrib/101527774341780079897?hl=en-US",
        "title": "Local Guide",
        "totalReviews": 306
      },
      "media": [
        {
          "link": "https://lh3.googleusercontent.com/geougc-cs/AMBA38sWXpuKKHw5JBLAqgY1Vhj71geP0dO2ty2xQWRcl20aAbq-yYwEjcByn8Yg4Jqh2EI9n-fWqLkBz057mfuqzd6c7QY79t04WLnncaODeatWGFiB38mPAMaS2h70HZoImMoUmXcyKA",
          "postDate": "5 months ago"
        },
        {
          "link": "https://lh3.googleusercontent.com/geougc-cs/AMBA38vTpwHct8tR-cNNyhKcZiT_y6gNAL54z0R8CFvoP1UZ3isb0B5rDGJ_GvJc5oQR86Ax4HJzZZqtg5je8xXy597jziRfiK6Cvod7Semvg3TohzQjkinJKICYZ3Fwn02nEcC6nZim",
          "postDate": "5 months ago"
        },
        {
          "link": "https://lh3.googleusercontent.com/geougc-cs/AMBA38v9aqEYABBgI-otGlU-djljhQAB9EhnGxDRgS7qP5o_O9OgkynJ6QWMQpWhiqFnUyC972CdvQ3jh9HNrvGkIE9uUS4fss99NZUJcXzoHJKrf--i1RkRyXpam8dsBq-xpoMb3RK9",
          "postDate": "5 months ago"
        }
      ]
    },
    "url": "https://www.google.com/maps/search/?api=1&query=Kathmandu%20Fun%20Valley&query_place_id=ChIJcy5iv5AP6zkRdS-eLyrmnTE",
    "searchPageUrl": "https://www.google.com/maps/search/gym/@27.64968049306757,85.46542602199737,17z?hl=en",
    "searchString": "gym",
    "language": "en",
    "rank": 21,
    "isAdvertisement": false,
    "imageUrl": "https://lh3.googleusercontent.com/p/AF1QipNCC_FEEI9WADLnNrHL2xppVElm4W2bW-UlPntx=w426-h240-k-no",
    "kgmid": "/g/126243mrz"
  },
  {
    "title": "Gohi Dhara",
    "price": null,
    "categoryName": "Water park",
    "address": "MC7R+RQ6, Bhaktapur 44800, Nepal",
    "neighborhood": null,
    "street": "MC7R+RQ6",
    "city": "Bhaktapur",
    "postalCode": null,
    "state": null,
    "countryCode": "NP",
    "claimThisBusiness": true,
    "location": {
      "lat": 27.6645462,
      "lng": 85.4418845
    },
    "totalScore": 4,
    "permanentlyClosed": false,
    "temporarilyClosed": true,
    "placeId": "ChIJrxCmXtAF6zkRy4AjCn4O3SU",
    "categories": [
      "Water park"
    ],
    "fid": "0x39eb05d05ea610af:0x25dd0e7e0a2380cb",
    "cid": "2728352883755155659",
    "reviewsCount": 1,
    "reviewsDistribution": {
      "oneStar": 0,
      "twoStar": 0,
      "threeStar": 0,
      "fourStar": 1,
      "fiveStar": 0
    },
    "imagesCount": 3,
    "imageCategories": [],
    "scrapedAt": "2025-11-14T10:21:41.569Z",
    "googleFoodUrl": null,
    "hotelAds": [],
    "openingHours": [],
    "peopleAlsoSearch": [],
    "placesTags": [],
    "reviewsTags": [],
    "gasPrices": [],
    "url": "https://www.google.com/maps/search/?api=1&query=Gohi%20Dhara&query_place_id=ChIJrxCmXtAF6zkRy4AjCn4O3SU",
    "searchPageUrl": "https://www.google.com/maps/search/park/@27.664893497689192,85.44825561319841,17z?hl=en",
    "searchString": "park",
    "language": "en",
    "rank": 26,
    "isAdvertisement": false,
    "imageUrl": "https://lh3.googleusercontent.com/gps-cs-s/AG0ilSxpYoijp-8keV-ORJk0rkxNfhBgvkxKfK7q7v3GHCUMlI6cN5IAJTyOY7IPwj5Vaximoohb42m97dSM9F0q4pvKVOCADGzaDAEPjq6Xy6HREt9ZxQpVMDkviPgbFZIcKOc98f71=w408-h544-k-no",
    "kgmid": "/g/11jdmgphgz"
  },
  {
    "title": "Tala dhara",
    "price": null,
    "categoryName": "Water park",
    "address": "MF38+V3, Suryabinayak, Nepal",
    "neighborhood": "Chittapol",
    "street": "MF38+V3",
    "city": "Suryabinayak",
    "postalCode": null,
    "state": null,
    "countryCode": "NP",
    "claimThisBusiness": true,
    "location": {
      "lat": 27.6552385,
      "lng": 85.466075
    },
    "permanentlyClosed": false,
    "temporarilyClosed": false,
    "placeId": "ChIJ7Qo6_T0P6zkRuGqRywGkcXY",
    "categories": [
      "Water park"
    ],
    "fid": "0x39eb0f3dfd3a0aed:0x7671a401cb916ab8",
    "cid": "8534783096461028024",
    "reviewsCount": 0,
    "imagesCount": 1,
    "imageCategories": [],
    "scrapedAt": "2025-11-14T10:21:49.543Z",
    "googleFoodUrl": null,
    "hotelAds": [],
    "openingHours": [],
    "peopleAlsoSearch": [],
    "placesTags": [],
    "reviewsTags": [],
    "additionalInfo": {
      "Children": [
        {
          "Good for kids": true
        }
      ]
    },
    "gasPrices": [],
    "url": "https://www.google.com/maps/search/?api=1&query=Tala%20dhara&query_place_id=ChIJ7Qo6_T0P6zkRuGqRywGkcXY",
    "searchPageUrl": "https://www.google.com/maps/search/park/@27.65728699537838,85.46542602199737,17z?hl=en",
    "searchString": "park",
    "language": "en",
    "rank": 22,
    "isAdvertisement": false,
    "imageUrl": "https://streetviewpixels-pa.googleapis.com/v1/thumbnail?panoid=x3KbHe3QseMMnaOWkb7j0g&cb_client=search.gws-prod.gps&w=408&h=240&yaw=330.73026&pitch=0&thumbfov=100",
    "kgmid": "/g/11t2_9w3f7"
  },
  {
    "title": "Khyo Pond ख्याे: पुखुचा",
    "price": null,
    "categoryName": "Water park",
    "address": "MCGJ+JHM ख: पुखुचा, Bhaktapur 44800, Nepal",
    "neighborhood": null,
    "street": "MCGJ+JHM ख: पुखुचा",
    "city": "Bhaktapur",
    "postalCode": "44800",
    "state": null,
    "countryCode": "NP",
    "claimThisBusiness": true,
    "location": {
      "lat": 27.6765903,
      "lng": 85.4314363
    },
    "totalScore": 4,
    "permanentlyClosed": false,
    "temporarilyClosed": false,
    "placeId": "ChIJIZo7n7Ea6zkRWt6xT1KfaEE",
    "categories": [
      "Water park"
    ],
    "fid": "0x39eb1ab19f3b9a21:0x41689f524fb1de5a",
    "cid": "4713192185916415578",
    "reviewsCount": 22,
    "reviewsDistribution": {
      "oneStar": 3,
      "twoStar": 0,
      "threeStar": 1,
      "fourStar": 7,
      "fiveStar": 11
    },
    "imagesCount": 21,
    "imageCategories": [],
    "scrapedAt": "2025-11-14T08:26:36.580Z",
    "googleFoodUrl": null,
    "hotelAds": [],
    "openingHours": [],
    "peopleAlsoSearch": [],
    "placesTags": [],
    "reviewsTags": [],
    "additionalInfo": {
      "Children": [
        {
          "Good for kids": true
        }
      ]
    },
    "gasPrices": [],
    "url": "https://www.google.com/maps/search/?api=1&query=Khyo%20Pond%20%E0%A4%96%E0%A5%8D%E0%A4%AF%E0%A4%BE%E0%A5%87%3A%20%E0%A4%AA%E0%A5%81%E0%A4%96%E0%A5%81%E0%A4%9A%E0%A4%BE&query_place_id=ChIJIZo7n7Ea6zkRWt6xT1KfaEE",
    "searchPageUrl": "https://www.google.com/maps/search/park/@27.67530454090198,85.4386817269883,17z?hl=en",
    "searchString": "park",
    "language": "en",
    "rank": 29,
    "isAdvertisement": false,
    "imageUrl": "https://lh3.googleusercontent.com/gps-cs-s/AG0ilSxTDn_72VVW8O97jiNX_CFz7AiFXVtulJxlTXoVz-8TF9tE6XxA66taTb3aBAJh82PpDHwB5ytoNKbZVO7dFlTDEYau2a20zcQSpR_Ztlcio01mvlGJbYJfua4dOfv0YfgdnIe4=w408-h572-k-no",
    "kgmid": "/g/11cs5mz_3j"
  },
  {
    "title": "Gaahiti Stone Spout",
    "price": null,
    "categoryName": "Water park",
    "address": "MCCM+444, Bhaktapur 44800, Nepal",
    "neighborhood": null,
    "street": "MCCM+444",
    "city": "Bhaktapur",
    "postalCode": "44800",
    "state": null,
    "countryCode": "NP",
    "claimThisBusiness": true,
    "location": {
      "lat": 27.6702519,
      "lng": 85.4328321
    },
    "totalScore": 4.5,
    "permanentlyClosed": false,
    "temporarilyClosed": true,
    "placeId": "ChIJoxdWOawa6zkRBcBFnR1WegQ",
    "categories": [
      "Water park"
    ],
    "fid": "0x39eb1aac395617a3:0x47a561d9d45c005",
    "cid": "322665008503046149",
    "reviewsCount": 2,
    "reviewsDistribution": {
      "oneStar": 0,
      "twoStar": 0,
      "threeStar": 0,
      "fourStar": 1,
      "fiveStar": 1
    },
    "imagesCount": 4,
    "imageCategories": [],
    "scrapedAt": "2025-11-14T08:27:06.629Z",
    "googleFoodUrl": null,
    "hotelAds": [],
    "openingHours": [],
    "peopleAlsoSearch": [],
    "placesTags": [],
    "reviewsTags": [],
    "gasPrices": [],
    "url": "https://www.google.com/maps/search/?api=1&query=Gaahiti%20Stone%20Spout&query_place_id=ChIJoxdWOawa6zkRBcBFnR1WegQ",
    "searchPageUrl": "https://www.google.com/maps/search/park/@27.667695459098024,85.4386817269883,17z?hl=en",
    "searchString": "park",
    "language": "en",
    "rank": 25,
    "isAdvertisement": false,
    "imageUrl": "https://lh3.googleusercontent.com/gps-cs-s/AG0ilSwUiO889FRDZrtQVtF7HwckgaGB1gE0UEe6b1soWUq8ZxB3u461cHzc2nY19BntP2GwpvG8FDWyTF89raSVyheOVb9RqNKCC-Z_5U8Qk-8emjOsN9c7Z_c1v6viPZIo6iFA2Xy-=w408-h544-k-no",
    "kgmid": "/g/11gd_phrm1"
  },
  {
    "title": "Bhajya Pokhari भाज्य पाेखरी",
    "price": null,
    "categoryName": "Water park",
    "address": "MCCC+89C Bhajya Pukhu Coffee, Bhaktapur 44800, Nepal",
    "neighborhood": null,
    "street": "MCCC+89C Bhajya Pukhu Coffee",
    "city": "Bhaktapur",
    "postalCode": "44800",
    "state": null,
    "countryCode": "NP",
    "claimThisBusiness": true,
    "location": {
      "lat": 27.6708137,
      "lng": 85.4208885
    },
    "totalScore": 4.6,
    "permanentlyClosed": false,
    "temporarilyClosed": false,
    "placeId": "ChIJzx3IXzMb6zkR2pTnR4X02M4",
    "categories": [
      "Water park"
    ],
    "fid": "0x39eb1b335fc81dcf:0xced8f48547e794da",
    "cid": "14904931820056843482",
    "reviewsCount": 26,
    "reviewsDistribution": {
      "oneStar": 0,
      "twoStar": 0,
      "threeStar": 1,
      "fourStar": 9,
      "fiveStar": 16
    },
    "imagesCount": 205,
    "imageCategories": [],
    "scrapedAt": "2025-11-14T08:28:52.447Z",
    "googleFoodUrl": null,
    "hotelAds": [],
    "openingHours": [],
    "peopleAlsoSearch": [],
    "placesTags": [],
    "reviewsTags": [],
    "additionalInfo": {
      "Children": [
        {
          "Good for kids": true
        }
      ]
    },
    "gasPrices": [],
    "url": "https://www.google.com/maps/search/?api=1&query=Bhajya%20Pokhari%20%E0%A4%AD%E0%A4%BE%E0%A4%9C%E0%A5%8D%E0%A4%AF%20%E0%A4%AA%E0%A4%BE%E0%A5%87%E0%A4%96%E0%A4%B0%E0%A5%80&query_place_id=ChIJzx3IXzMb6zkR2pTnR4X02M4",
    "searchPageUrl": "https://www.google.com/maps/search/park/@27.6715355,85.4167828,17.827470077616876z?hl=en",
    "searchString": "park",
    "language": "en",
    "rank": 22,
    "isAdvertisement": false,
    "imageUrl": "https://lh3.googleusercontent.com/gps-cs-s/AG0ilSwg66MuTHfscCcMXiiLDj5V9t3fFQSvC8KgTwUKb82c9qg4NL6pf6yuQauRfS58mSfRnWBDAicQrPcmyl_MdVdPBEYzH8Svc5ajAcb7cpEs4cV7AnFxdeq_CQ_pMI60gL3MRWcCig=w408-h272-k-no",
    "kgmid": "/g/11j84ytp4_"
  }
]