[
  {
    "title": "एक्युपर्‍ेसर अकुपंचर तथा फिजियोथेरापी क्लिनिक",
    "price": null,
    "categoryName": "Acupuncture clinic",
    "address": "MCCC+F6W, Nagarkot Road, Bhaktapur 44800, Nepal",
    "neighborhood": null,
    "street": "MCCC+F6W, Nagarkot Road",
    "city": "Bhaktapur",
    "postalCode": "44800",
    "state": null,
    "countryCode": "NP",
    "phone": "+977 984-1916313",
    "phoneUnformatted": "+9779841916313",
    "claimThisBusiness": true,
    "location": {
      "lat": 27.6712283,
      "lng": 85.4205901
    },
    "totalScore": 1,
    "permanentlyClosed": false,
    "temporarilyClosed": false,
    "placeId": "ChIJCW-6DaMa6zkRZLvDD9hu_PI",
    "categories": [
      "Acupuncture clinic"
    ],
    "fid": "0x39eb1aa30dba6f09:0xf2fc6ed80fc3bb64",
    "cid": "17508991325566122852",
    "reviewsCount": 1,
    "imagesCount": 6,
    "imageCategories": [],
    "scrapedAt": "2025-11-14T08:13:28.439Z",
    "googleFoodUrl": null,
    "hotelAds": [],
    "openingHours": [
      {
        "day": "Monday",
        "hours": "Open 24 hours"
      },
      {
        "day": "Tuesday",
        "hours": "Open 24 hours"
      },
      {
        "day": "Wednesday",
        "hours": "Open 24 hours"
      },
      {
        "day": "Thursday",
        "hours": "Open 24 hours"
      },
      {
        "day": "Friday",
        "hours": "Open 24 hours"
      },
      {
        "day": "Saturday",
        "hours": "Open 24 hours"
      },
      {
        "day": "Sunday",
        "hours": "Open 24 hours"
      }
    ],
    "peopleAlsoSearch": [],
    "placesTags": [],
    "reviewsTags": [],
    "additionalInfo": {
      "Amenities": [
        {
          "Restroom": true
        }
      ]
    },
    "gasPrices": [],
    "url": "https://www.google.com/maps/search/?api=1&query=%E0%A4%8F%E0%A4%95%E0%A5%8D%E0%A4%AF%E0%A5%81%E0%A4%AA%E0%A4%B0%E0%A5%8D%E2%80%8D%E0%A5%87%E0%A4%B8%E0%A4%B0%20%E0%A4%85%E0%A4%95%E0%A5%81%E0%A4%AA%E0%A4%82%E0%A4%9A%E0%A4%B0%20%E0%A4%A4%E0%A4%A5%E0%A4%BE%20%E0%A4%AB%E0%A4%BF%E0%A4%9C%E0%A4%BF%E0%A4%AF%E0%A5%8B%E0%A4%A5%E0%A5%87%E0%A4%B0%E0%A4%BE%E0%A4%AA%E0%A5%80%20%E0%A4%95%E0%A5%8D%E0%A4%B2%E0%A4%BF%E0%A4%A8%E0%A4%BF%E0%A4%95&query_place_id=ChIJCW-6DaMa6zkRZLvDD9hu_PI",
    "searchPageUrl": "https://www.google.com/maps/search/acupuncturist/@27.67530454090198,85.43009086349416,17z?hl=en",
    "searchString": "acupuncturist",
    "language": "en",
    "rank": 1,
    "isAdvertisement": false,
    "imageUrl": "https://lh3.googleusercontent.com/gps-cs-s/AG0ilSyR8dcx0-SmYoSJt0XDU9gn8zkFWvzqS_Wc4tQfxdqcia6q6nufStnQDgwq7bMqTpFea9jPVqo-YQeN6HecKnoF1HYUn5b9KBYCaIqKKu4YYMtxPMCt7L_DFSEXDuWhEvMMnofcjg=w408-h306-k-no",
    "kgmid": "/g/11b6qh8wfv"
  }
]