[
  {
    "title": "Nepal Red Cross Society",
    "subTitle": "नेपाल रेड क्रस सोसाइटी भक्तपुर",
    "price": null,
    "categoryName": "Blood bank",
    "address": "MCCC+XWF, Bhaktapur 44800, Nepal",
    "neighborhood": null,
    "street": "MCCC+XWF",
    "city": "Bhaktapur",
    "postalCode": "44800",
    "state": null,
    "countryCode": "NP",
    "website": "http://www.nrcs.org/",
    "phone": "+977 1-6611661",
    "phoneUnformatted": "+97716611661",
    "claimThisBusiness": true,
    "location": {
      "lat": 27.6724408,
      "lng": 85.4223017
    },
    "totalScore": 3.9,
    "permanentlyClosed": false,
    "temporarilyClosed": false,
    "placeId": "ChIJ2bCmoaQa6zkRbXMX9WgcDxo",
    "categories": [
      "Blood bank",
      "Blood donation center"
    ],
    "fid": "0x39eb1aa4a1a6b0d9:0x1a0f1c68f517736d",
    "cid": "1877750806750917485",
    "reviewsCount": 52,
    "reviewsDistribution": {
      "oneStar": 4,
      "twoStar": 5,
      "threeStar": 9,
      "fourStar": 7,
      "fiveStar": 27
    },
    "imagesCount": 95,
    "imageCategories": [],
    "scrapedAt": "2025-11-14T10:20:32.869Z",
    "googleFoodUrl": null,
    "hotelAds": [],
    "openingHours": [
      {
        "day": "Monday",
        "hours": "Open 24 hours"
      },
      {
        "day": "Tuesday",
        "hours": "Open 24 hours"
      },
      {
        "day": "Wednesday",
        "hours": "Open 24 hours"
      },
      {
        "day": "Thursday",
        "hours": "Open 24 hours"
      },
      {
        "day": "Friday",
        "hours": "Open 24 hours"
      },
      {
        "day": "Saturday",
        "hours": "Open 24 hours"
      },
      {
        "day": "Sunday",
        "hours": "Open 24 hours"
      }
    ],
    "peopleAlsoSearch": [],
    "placesTags": [],
    "reviewsTags": [],
    "additionalInfo": {
      "Accessibility": [
        {
          "Wheelchair accessible entrance": true
        },
        {
          "Wheelchair accessible parking lot": true
        }
      ]
    },
    "gasPrices": [],
    "url": "https://www.google.com/maps/search/?api=1&query=Nepal%20Red%20Cross%20Society&query_place_id=ChIJ2bCmoaQa6zkRbXMX9WgcDxo",
    "searchPageUrl": "https://www.google.com/maps/search/bank/@27.672500000000003,85.42249999999997,17z?hl=en",
    "searchString": "bank",
    "language": "en",
    "rank": 43,
    "isAdvertisement": false,
    "imageUrl": "https://lh3.googleusercontent.com/gps-cs-s/AG0ilSxrqFWQiYztUzuXL-KbUPUm5CKWKOJrGCh4xVbqrZLa96rZl6HFoiwcG8CzLEa6ErtJENzPcAWmkTKKsO6fKwMMqgynDXQ-DrX621eVRBEKT8avqPw5-D2KbyZR1QZccz-1kkeH9g=w408-h249-k-no",
    "kgmid": "/g/1tg7_wwl"
  },
  {
    "title": "Nepal Red Cross Society",
    "subTitle": "नेपाल रेड क्रस सोसाइटी भक्तपुर",
    "price": null,
    "categoryName": "Blood bank",
    "address": "MCCC+XWF, Bhaktapur 44800, Nepal",
    "neighborhood": null,
    "street": "MCCC+XWF",
    "city": "Bhaktapur",
    "postalCode": "44800",
    "state": null,
    "countryCode": "NP",
    "website": "http://www.nrcs.org/",
    "phone": "+977 1-6611661",
    "phoneUnformatted": "+97716611661",
    "claimThisBusiness": true,
    "location": {
      "lat": 27.6724408,
      "lng": 85.4223017
    },
    "totalScore": 3.9,
    "permanentlyClosed": false,
    "temporarilyClosed": false,
    "placeId": "ChIJ2bCmoaQa6zkRbXMX9WgcDxo",
    "categories": [
      "Blood bank",
      "Blood donation center"
    ],
    "fid": "0x39eb1aa4a1a6b0d9:0x1a0f1c68f517736d",
    "cid": "1877750806750917485",
    "reviewsCount": 52,
    "reviewsDistribution": {
      "oneStar": 4,
      "twoStar": 5,
      "threeStar": 9,
      "fourStar": 7,
      "fiveStar": 27
    },
    "imagesCount": 95,
    "imageCategories": [],
    "scrapedAt": "2025-11-14T08:27:54.744Z",
    "googleFoodUrl": null,
    "hotelAds": [],
    "openingHours": [
      {
        "day": "Monday",
        "hours": "Open 24 hours"
      },
      {
        "day": "Tuesday",
        "hours": "Open 24 hours"
      },
      {
        "day": "Wednesday",
        "hours": "Open 24 hours"
      },
      {
        "day": "Thursday",
        "hours": "Open 24 hours"
      },
      {
        "day": "Friday",
        "hours": "Open 24 hours"
      },
      {
        "day": "Saturday",
        "hours": "Open 24 hours"
      },
      {
        "day": "Sunday",
        "hours": "Open 24 hours"
      }
    ],
    "peopleAlsoSearch": [],
    "placesTags": [],
    "reviewsTags": [],
    "additionalInfo": {
      "Accessibility": [
        {
          "Wheelchair accessible entrance": true
        },
        {
          "Wheelchair accessible parking lot": true
        }
      ]
    },
    "gasPrices": [],
    "url": "https://www.google.com/maps/search/?api=1&query=Nepal%20Red%20Cross%20Society&query_place_id=ChIJ2bCmoaQa6zkRbXMX9WgcDxo",
    "searchPageUrl": "https://www.google.com/maps/search/bank/@27.67530454090198,85.42150000000001,17z?hl=en",
    "searchString": "bank",
    "language": "en",
    "rank": 34,
    "isAdvertisement": false,
    "imageUrl": "https://lh3.googleusercontent.com/gps-cs-s/AG0ilSxrqFWQiYztUzuXL-KbUPUm5CKWKOJrGCh4xVbqrZLa96rZl6HFoiwcG8CzLEa6ErtJENzPcAWmkTKKsO6fKwMMqgynDXQ-DrX621eVRBEKT8avqPw5-D2KbyZR1QZccz-1kkeH9g=w408-h249-k-no",
    "kgmid": "/g/1tg7_wwl"
  }
]