[
  {
    "title": "Bhaktapur Cancer Hospital",
    "subTitle": "भक्तपुर क्यान्सर अस्पताल",
    "price": null,
    "categoryName": "Cancer treatment center",
    "address": "MCFC+7W8, Bhaktapur 44800, Nepal",
    "neighborhood": null,
    "street": "MCFC+7W8",
    "city": "Bhaktapur",
    "postalCode": "44800",
    "state": null,
    "countryCode": "NP",
    "website": "http://www.bch.org.np/",
    "phone": "+977 1-6611532",
    "phoneUnformatted": "+97716611532",
    "claimThisBusiness": true,
    "location": {
      "lat": 27.6731739,
      "lng": 85.4223213
    },
    "totalScore": 3.9,
    "permanentlyClosed": false,
    "temporarilyClosed": false,
    "placeId": "ChIJp1EoX6Ma6zkRqdmvSsdAo4A",
    "categories": [
      "Cancer treatment center"
    ],
    "fid": "0x39eb1aa35f2851a7:0x80a340c74aafd9a9",
    "cid": "9269323682754320809",
    "reviewsCount": 155,
    "imagesCount": 338,
    "imageCategories": [],
    "scrapedAt": "2025-11-14T08:13:19.563Z",
    "googleFoodUrl": null,
    "hotelAds": [],
    "openingHours": [
      {
        "day": "Monday",
        "hours": "Open 24 hours"
      },
      {
        "day": "Tuesday",
        "hours": "Open 24 hours"
      },
      {
        "day": "Wednesday",
        "hours": "Open 24 hours"
      },
      {
        "day": "Thursday",
        "hours": "Open 24 hours"
      },
      {
        "day": "Friday",
        "hours": "Open 24 hours"
      },
      {
        "day": "Saturday",
        "hours": "Open 24 hours"
      },
      {
        "day": "Sunday",
        "hours": "Open 24 hours"
      }
    ],
    "peopleAlsoSearch": [],
    "placesTags": [],
    "reviewsTags": [],
    "additionalInfo": {
      "Accessibility": [
        {
          "Wheelchair accessible entrance": true
        },
        {
          "Wheelchair accessible parking lot": true
        },
        {
          "Wheelchair accessible restroom": true
        }
      ],
      "Amenities": [
        {
          "Restroom": true
        }
      ],
      "Planning": [
        {
          "Appointments recommended": true
        }
      ],
      "Payments": [
        {
          "NFC mobile payments": true
        }
      ]
    },
    "gasPrices": [],
    "url": "https://www.google.com/maps/search/?api=1&query=Bhaktapur%20Cancer%20Hospital&query_place_id=ChIJp1EoX6Ma6zkRqdmvSsdAo4A",
    "searchPageUrl": "https://www.google.com/maps/search/hospital/@27.67530454090198,85.43009086349416,17z?hl=en",
    "searchString": "hospital",
    "language": "en",
    "rank": 3,
    "isAdvertisement": false,
    "imageUrl": "https://lh3.googleusercontent.com/gps-cs-s/AG0ilSxv4P3e-3HtVjOxXHjBSus_Pj3s5v1Np6B9ZKUJ0Rky73puLO2scGHtZs64wNPDvZuik_8Hf80WTqqzqrRjKeFI_jlbktlWBVQanpolSFT7_Npq6yXMN-nrVqGQF2Hoj_3iL0C0fw=w408-h306-k-no",
    "kgmid": "/m/0495x_6"
  }
]