[
  {
    "title": "Children Care Bhaktapur",
    "price": null,
    "categoryName": "Child health care center",
    "address": "MCCC+32Q, Nagarkot Road, Bhaktapur 44800, Nepal",
    "neighborhood": null,
    "street": "MCCC+32Q, Nagarkot Road",
    "city": "Bhaktapur",
    "postalCode": "44800",
    "state": null,
    "countryCode": "NP",
    "claimThisBusiness": true,
    "location": {
      "lat": 27.6706495,
      "lng": 85.4201496
    },
    "totalScore": 5,
    "permanentlyClosed": false,
    "temporarilyClosed": false,
    "placeId": "ChIJF6i0q2ob6zkRYGclOqZJOLw",
    "categories": [
      "Child health care center"
    ],
    "fid": "0x39eb1b6aabb4a817:0xbc3849a63a256760",
    "cid": "13562671256115177312",
    "reviewsCount": 1,
    "imagesCount": 4,
    "imageCategories": [],
    "scrapedAt": "2025-11-14T08:13:53.262Z",
    "googleFoodUrl": null,
    "hotelAds": [],
    "openingHours": [],
    "peopleAlsoSearch": [],
    "placesTags": [],
    "reviewsTags": [],
    "additionalInfo": {
      "Accessibility": [
        {
          "Wheelchair accessible restroom": true
        }
      ],
      "Amenities": [
        {
          "Restroom": true
        }
      ]
    },
    "gasPrices": [],
    "url": "https://www.google.com/maps/search/?api=1&query=Children%20Care%20Bhaktapur&query_place_id=ChIJF6i0q2ob6zkRYGclOqZJOLw",
    "searchPageUrl": "https://www.google.com/maps/search/clinic/@27.667695459098024,85.42150000000001,17z?hl=en",
    "searchString": "clinic",
    "language": "en",
    "rank": 4,
    "isAdvertisement": false,
    "imageUrl": "https://lh3.googleusercontent.com/gps-cs-s/AG0ilSzlqcOAiRIeoRqMeJGRxJCNRKo2xwwfnil9W-SXu4jKaWbKYuJ6vYDNb8c0TXbtmd_6qSlCG949qS_7CVOt40-VDIJQALcQdxgbJK7LpTfmweKj26w7zGh_Xzop38ih6ow1Wq4h=w408-h306-k-no",
    "kgmid": "/g/11jzx0s9tv"
  }
]