[
  {
    "title": "Aesthetic Oro-Dental and Implantology Clinic",
    "price": null,
    "categoryName": "Dentist",
    "address": "Nagarkot Road, Bhaktapur 44800, Nepal",
    "neighborhood": null,
    "street": "Nagarkot Road",
    "city": "Bhaktapur",
    "postalCode": "44800",
    "state": null,
    "countryCode": "NP",
    "website": "https://aestheticorodental.com.np/",
    "phone": "+977 980-2062626",
    "phoneUnformatted": "+9779802062626",
    "claimThisBusiness": false,
    "location": {
      "lat": 27.6750699,
      "lng": 85.4094876
    },
    "totalScore": 5,
    "permanentlyClosed": false,
    "temporarilyClosed": false,
    "placeId": "ChIJXUcpI_sb6zkRNDorLF8TCb4",
    "categories": [
      "Dentist",
      "Dental hygienist",
      "Dental clinic",
      "Teeth whitening service"
    ],
    "fid": "0x39eb1bfb2329475d:0xbe09135f2c2b3a34",
    "cid": "13693497441480555060",
    "reviewsCount": 20,
    "imagesCount": 4,
    "imageCategories": [],
    "scrapedAt": "2025-11-14T08:40:33.846Z",
    "googleFoodUrl": null,
    "hotelAds": [],
    "openingHours": [],
    "peopleAlsoSearch": [],
    "placesTags": [],
    "reviewsTags": [],
    "additionalInfo": {
      "Amenities": [
        {
          "Restroom": true
        }
      ],
      "Planning": [
        {
          "Appointments recommended": true
        }
      ],
      "Payments": [
        {
          "NFC mobile payments": true
        }
      ]
    },
    "gasPrices": [],
    "url": "https://www.google.com/maps/search/?api=1&query=Aesthetic%20Oro-Dental%20and%20Implantology%20Clinic&query_place_id=ChIJXUcpI_sb6zkRNDorLF8TCb4",
    "searchPageUrl": "https://www.google.com/maps/search/dentist/@27.689813953235532,85.45446650592592,17z?hl=en",
    "searchString": "dentist",
    "language": "en",
    "rank": 15,
    "isAdvertisement": false,
    "imageUrl": "https://lh3.googleusercontent.com/gps-cs-s/AG0ilSw6wsQLdylSv6lhQeDKIF3J6t9tni8YFSBVqVye1UeisV2Y2hiXbWQtm9S2t2xHMYoDmXwGilcftMdTAjElke6uMU4msPsVfurro2dM2lB7XVYfQZdVz5iCvrmhswEpwjEc-Jwkfw=w533-h240-k-no",
    "kgmid": "/g/11kjp1fpr5"
  },
  {
    "title": "Dental Department of Changunarayan Hospital",
    "price": null,
    "categoryName": "Dentist",
    "address": "Changu road, Bhaktapur 44800, Nepal",
    "neighborhood": "Chhaling",
    "street": "Changu road",
    "city": "Bhaktapur",
    "postalCode": "44800",
    "state": null,
    "countryCode": "NP",
    "phone": "+977 1-5711012",
    "phoneUnformatted": "+97715711012",
    "claimThisBusiness": false,
    "location": {
      "lat": 27.7077516,
      "lng": 85.4402298
    },
    "totalScore": 5,
    "permanentlyClosed": false,
    "temporarilyClosed": false,
    "placeId": "ChIJFRV-e0EF6zkR-zfYJtLu7HM",
    "categories": [
      "Dentist"
    ],
    "fid": "0x39eb05417b7e1515:0x73eceed226d837fb",
    "cid": "8353313995227674619",
    "reviewsCount": 3,
    "imagesCount": 5,
    "imageCategories": [],
    "scrapedAt": "2025-11-14T08:41:11.548Z",
    "googleFoodUrl": null,
    "hotelAds": [],
    "openingHours": [
      {
        "day": "Monday",
        "hours": "10 AM to 2 PM"
      },
      {
        "day": "Tuesday",
        "hours": "10 AM to 2 PM"
      },
      {
        "day": "Wednesday",
        "hours": "10 AM to 2 PM"
      },
      {
        "day": "Thursday",
        "hours": "10 AM to 2 PM"
      },
      {
        "day": "Friday",
        "hours": "10 AM to 2 PM"
      },
      {
        "day": "Saturday",
        "hours": "Closed"
      },
      {
        "day": "Sunday",
        "hours": "10 AM to 2 PM"
      }
    ],
    "peopleAlsoSearch": [],
    "placesTags": [],
    "reviewsTags": [],
    "additionalInfo": {
      "Amenities": [
        {
          "Restroom": true
        }
      ],
      "Planning": [
        {
          "Appointments recommended": true
        }
      ]
    },
    "gasPrices": [],
    "url": "https://www.google.com/maps/search/?api=1&query=Dental%20Department%20of%20Changunarayan%20Hospital&query_place_id=ChIJFRV-e0EF6zkR-zfYJtLu7HM",
    "searchPageUrl": "https://www.google.com/maps/search/dentist/@27.71263488308884,85.43729330118518,17z?hl=en",
    "searchString": "dentist",
    "language": "en",
    "rank": 1,
    "isAdvertisement": false,
    "imageUrl": "https://lh3.googleusercontent.com/p/AF1QipPtejINcYAdUj_VOgCiZE32X3EjVBnTneC-Lrja=w408-h272-k-no",
    "kgmid": "/g/11vk717vr4"
  },
  {
    "title": "बिराज डेन्टल प्रा.लि.",
    "price": null,
    "categoryName": "Dentist",
    "address": "MCC5+9WV, Bhaktapur 44800, Nepal",
    "neighborhood": null,
    "street": "MCC5+9WV",
    "city": "Bhaktapur",
    "postalCode": "44800",
    "state": null,
    "countryCode": "NP",
    "claimThisBusiness": true,
    "location": {
      "lat": 27.6709639,
      "lng": 85.4098039
    },
    "permanentlyClosed": false,
    "temporarilyClosed": false,
    "placeId": "ChIJ7Ur0lLwb6zkRyfZHKdOL-V8",
    "categories": [
      "Dentist"
    ],
    "fid": "0x39eb1bbc94f44aed:0x5ff98bd32947f6c9",
    "cid": "6915712441851049673",
    "reviewsCount": 0,
    "imagesCount": 1,
    "imageCategories": [],
    "scrapedAt": "2025-11-14T08:41:16.145Z",
    "googleFoodUrl": null,
    "hotelAds": [],
    "openingHours": [],
    "peopleAlsoSearch": [],
    "placesTags": [],
    "reviewsTags": [],
    "additionalInfo": {
      "Amenities": [
        {
          "Restroom": true
        }
      ]
    },
    "gasPrices": [],
    "url": "https://www.google.com/maps/search/?api=1&query=%E0%A4%AC%E0%A4%BF%E0%A4%B0%E0%A4%BE%E0%A4%9C%20%E0%A4%A1%E0%A5%87%E0%A4%A8%E0%A5%8D%E0%A4%9F%E0%A4%B2%20%E0%A4%AA%E0%A5%8D%E0%A4%B0%E0%A4%BE.%E0%A4%B2%E0%A4%BF.&query_place_id=ChIJ7Ur0lLwb6zkRyfZHKdOL-V8",
    "searchPageUrl": "https://www.google.com/maps/search/dentist/@27.659386046764457,85.42012009644444,17z?hl=en",
    "searchString": "dentist",
    "language": "en",
    "rank": 14,
    "isAdvertisement": false,
    "imageUrl": "https://streetviewpixels-pa.googleapis.com/v1/thumbnail?panoid=rSPlH8OzaLsVcEFArwgFRw&cb_client=search.gws-prod.gps&w=408&h=240&yaw=2.9314754&pitch=0&thumbfov=100",
    "kgmid": "/g/11vb6f03vk"
  }
]