[
  {
    "title": "Suryabinayak Mission Hospital Pvt.Ltd.",
    "price": null,
    "categoryName": "General hospital",
    "address": "MF35+GRV, Suryabinayak, Nepal",
    "neighborhood": "Nalinchok",
    "street": "MF35+GRV",
    "city": "Suryabinayak",
    "postalCode": null,
    "state": null,
    "countryCode": "NP",
    "phone": "+977 980-7084858",
    "phoneUnformatted": "+9779807084858",
    "claimThisBusiness": true,
    "location": {
      "lat": 27.6538571,
      "lng": 85.4595581
    },
    "totalScore": 4,
    "permanentlyClosed": false,
    "temporarilyClosed": false,
    "placeId": "ChIJ6dJweQAP6zkRcavs7expo1g",
    "categories": [
      "General hospital"
    ],
    "fid": "0x39eb0f007970d2e9:0x58a369ecedecab71",
    "cid": "6387065162866404209",
    "reviewsCount": 6,
    "imagesCount": 6,
    "imageCategories": [],
    "scrapedAt": "2025-11-14T08:40:32.384Z",
    "googleFoodUrl": null,
    "hotelAds": [],
    "openingHours": [
      {
        "day": "Monday",
        "hours": "Open 24 hours"
      },
      {
        "day": "Tuesday",
        "hours": "Open 24 hours"
      },
      {
        "day": "Wednesday",
        "hours": "Open 24 hours"
      },
      {
        "day": "Thursday",
        "hours": "Open 24 hours"
      },
      {
        "day": "Friday",
        "hours": "Open 24 hours"
      },
      {
        "day": "Saturday",
        "hours": "Open 24 hours"
      },
      {
        "day": "Sunday",
        "hours": "Open 24 hours"
      }
    ],
    "peopleAlsoSearch": [],
    "placesTags": [],
    "reviewsTags": [],
    "additionalInfo": {
      "Accessibility": [
        {
          "Wheelchair accessible entrance": true
        },
        {
          "Wheelchair accessible parking lot": true
        }
      ],
      "Amenities": [
        {
          "Restroom": true
        }
      ],
      "Payments": [
        {
          "NFC mobile payments": true
        }
      ]
    },
    "gasPrices": [],
    "url": "https://www.google.com/maps/search/?api=1&query=Suryabinayak%20Mission%20Hospital%20Pvt.Ltd.&query_place_id=ChIJ6dJweQAP6zkRcavs7expo1g",
    "searchPageUrl": "https://www.google.com/maps/search/hospital/@27.689813953235532,85.45446650592592,17z?hl=en",
    "searchString": "hospital",
    "language": "en",
    "rank": 4,
    "isAdvertisement": false,
    "imageUrl": "https://lh3.googleusercontent.com/gps-cs-s/AG0ilSwXHqZxWTTJBrQeyM_XSjoHjzcUusVVlTY9uv9tm1F7Z-lQnQUNVjMm9fsvu3yvsd-xAb5ggL7b5Lf_PxxvFpNehrT8OtXOMFA53_mI-WN8LRVeiwFUF7-HJKNvYdij6Xba7qGD4sRt3sHB=w408-h408-k-no",
    "kgmid": "/g/11lcpvz5nt"
  }
]