[
  {
    "title": "nagar swasthya kendra balkot",
    "price": null,
    "categoryName": "Government hospital",
    "address": "Madhyapur Thimi, Nepal",
    "neighborhood": "Balkot",
    "street": null,
    "city": "Madhyapur Thimi",
    "postalCode": null,
    "state": null,
    "countryCode": "NP",
    "claimThisBusiness": false,
    "location": {
      "lat": 27.6725093,
      "lng": 85.3858673
    },
    "permanentlyClosed": false,
    "temporarilyClosed": false,
    "placeId": "ChIJZ2MPYuYb6zkRdcLDVYBCSQ0",
    "categories": [
      "Government hospital"
    ],
    "fid": "0x39eb1be6620f6367:0xd49428055c3c275",
    "cid": "957369514755080821",
    "reviewsCount": 0,
    "imagesCount": 1,
    "imageCategories": [],
    "scrapedAt": "2025-11-14T10:19:33.774Z",
    "googleFoodUrl": null,
    "hotelAds": [],
    "openingHours": [],
    "peopleAlsoSearch": [],
    "placesTags": [],
    "reviewsTags": [],
    "additionalInfo": {
      "Amenities": [
        {
          "Restroom": true
        }
      ]
    },
    "gasPrices": [],
    "url": "https://www.google.com/maps/search/?api=1&query=nagar%20swasthya%20kendra%20balkot&query_place_id=ChIJZ2MPYuYb6zkRdcLDVYBCSQ0",
    "searchPageUrl": "https://www.google.com/maps/search/government%20hospital/@27.695319506932435,85.38815918240205,17z?hl=en",
    "searchString": "government hospital",
    "language": "en",
    "rank": 11,
    "isAdvertisement": false,
    "imageUrl": "https://streetviewpixels-pa.googleapis.com/v1/thumbnail?panoid=Jep28_82-NOSmEIhyUDIrg&cb_client=search.gws-prod.gps&w=408&h=240&yaw=36.317234&pitch=0&thumbfov=100",
    "kgmid": "/g/11k4ps60df"
  },
  {
    "title": "National Tuberculosis Control Center",
    "subTitle": "राष्ट्रिय क्षयरोग नियन्त्रण केन्द्र",
    "price": null,
    "categoryName": "Government hospital",
    "address": "Araniko Highway, Madhyapur Thimi 44600, Nepal",
    "neighborhood": null,
    "street": "Araniko Highway",
    "city": "Madhyapur Thimi",
    "postalCode": "44600",
    "state": null,
    "countryCode": "NP",
    "website": "https://nepalntp.gov.np/",
    "phone": "+977 1-6630706",
    "phoneUnformatted": "+97716630706",
    "claimThisBusiness": true,
    "location": {
      "lat": 27.6738782,
      "lng": 85.381163
    },
    "totalScore": 4,
    "permanentlyClosed": false,
    "temporarilyClosed": false,
    "placeId": "ChIJ7U56a24a6zkR9zZo_vHgl4I",
    "categories": [
      "Government hospital"
    ],
    "fid": "0x39eb1a6e6b7a4eed:0x8297e0f1fe6836f7",
    "cid": "9410237276373923575",
    "reviewsCount": 66,
    "imagesCount": 251,
    "imageCategories": [],
    "scrapedAt": "2025-11-14T10:19:33.774Z",
    "googleFoodUrl": null,
    "hotelAds": [],
    "openingHours": [
      {
        "day": "Monday",
        "hours": "10 AM to 5 PM"
      },
      {
        "day": "Tuesday",
        "hours": "10 AM to 5 PM"
      },
      {
        "day": "Wednesday",
        "hours": "10 AM to 5 PM"
      },
      {
        "day": "Thursday",
        "hours": "10 AM to 5 PM"
      },
      {
        "day": "Friday",
        "hours": "10 AM to 3 PM"
      },
      {
        "day": "Saturday",
        "hours": "Closed"
      },
      {
        "day": "Sunday",
        "hours": "10 AM to 5 PM"
      }
    ],
    "peopleAlsoSearch": [],
    "placesTags": [],
    "reviewsTags": [],
    "additionalInfo": {
      "Accessibility": [
        {
          "Wheelchair accessible entrance": true
        },
        {
          "Wheelchair accessible parking lot": true
        }
      ],
      "Amenities": [
        {
          "Restroom": true
        }
      ],
      "Payments": [
        {
          "NFC mobile payments": true
        }
      ]
    },
    "gasPrices": [],
    "url": "https://www.google.com/maps/search/?api=1&query=National%20Tuberculosis%20Control%20Center&query_place_id=ChIJ7U56a24a6zkR9zZo_vHgl4I",
    "searchPageUrl": "https://www.google.com/maps/search/government%20hospital/@27.695319506932435,85.38815918240205,17z?hl=en",
    "searchString": "government hospital",
    "language": "en",
    "rank": 12,
    "isAdvertisement": false,
    "imageUrl": "https://lh3.googleusercontent.com/gps-cs-s/AG0ilSxFKjq3Mm7sXL9ZfnIEplNpks5wVq5GSoiip8A7AR0gfRG7ypPLnCzD0uMwlj8aorbJ5s73AvTmauDMtYDr--L1cLGh3bmVY61A7ReRFcYK5f0TJgUr0D1D8ewzauRDZ_vdmp3q=w408-h306-k-no",
    "kgmid": "/g/1w0hz0hk"
  },
  {
    "title": "Shahid Dharmabhakta National Transplant Center (शहिद धर्मभक्त राष्ट्रिय प्रत्यारोपण केन्द्र)",
    "price": null,
    "categoryName": "Government hospital",
    "address": "MCFC+2VC, Bhaktapur 44800, Nepal",
    "neighborhood": null,
    "street": "MCFC+2VC",
    "city": "Bhaktapur",
    "postalCode": null,
    "state": null,
    "countryCode": "NP",
    "website": "http://www.hotc.org.np/",
    "phone": "+977 1-6614709",
    "phoneUnformatted": "+97716614709",
    "claimThisBusiness": true,
    "location": {
      "lat": 27.6725668,
      "lng": 85.4221436
    },
    "totalScore": 4,
    "permanentlyClosed": false,
    "temporarilyClosed": false,
    "placeId": "ChIJEcoScwAb6zkRQCQcPQ7Dnxw",
    "categories": [
      "Government hospital"
    ],
    "fid": "0x39eb1b007312ca11:0x1c9fc30e3d1c2440",
    "cid": "2062581620281189440",
    "reviewsCount": 4,
    "imagesCount": 54,
    "imageCategories": [],
    "scrapedAt": "2025-11-14T10:19:48.595Z",
    "googleFoodUrl": null,
    "hotelAds": [],
    "openingHours": [
      {
        "day": "Monday",
        "hours": "Open 24 hours"
      },
      {
        "day": "Tuesday",
        "hours": "Open 24 hours"
      },
      {
        "day": "Wednesday",
        "hours": "Open 24 hours"
      },
      {
        "day": "Thursday",
        "hours": "Open 24 hours"
      },
      {
        "day": "Friday",
        "hours": "Open 24 hours"
      },
      {
        "day": "Saturday",
        "hours": "Open 24 hours"
      },
      {
        "day": "Sunday",
        "hours": "Open 24 hours"
      }
    ],
    "peopleAlsoSearch": [],
    "placesTags": [],
    "reviewsTags": [],
    "additionalInfo": {
      "Accessibility": [
        {
          "Wheelchair accessible entrance": true
        },
        {
          "Wheelchair accessible parking lot": true
        }
      ],
      "Amenities": [
        {
          "Restroom": true
        }
      ]
    },
    "gasPrices": [],
    "url": "https://www.google.com/maps/search/?api=1&query=Shahid%20Dharmabhakta%20National%20Transplant%20Center%20(%E0%A4%B6%E0%A4%B9%E0%A4%BF%E0%A4%A6%20%E0%A4%A7%E0%A4%B0%E0%A5%8D%E0%A4%AE%E0%A4%AD%E0%A4%95%E0%A5%8D%E0%A4%A4%20%E0%A4%B0%E0%A4%BE%E0%A4%B7%E0%A5%8D%E0%A4%9F%E0%A5%8D%E0%A4%B0%E0%A4%BF%E0%A4%AF%20%E0%A4%AA%E0%A5%8D%E0%A4%B0%E0%A4%A4%E0%A5%8D%E0%A4%AF%E0%A4%BE%E0%A4%B0%E0%A5%8B%E0%A4%AA%E0%A4%A3%20%E0%A4%95%E0%A5%87%E0%A4%A8%E0%A5%8D%E0%A4%A6%E0%A5%8D%E0%A4%B0)&query_place_id=ChIJEcoScwAb6zkRQCQcPQ7Dnxw",
    "searchPageUrl": "https://www.google.com/maps/search/government%20hospital/@27.672500000000003,85.42249999999997,17z?hl=en",
    "searchString": "government hospital",
    "language": "en",
    "rank": 2,
    "isAdvertisement": false,
    "imageUrl": "https://lh3.googleusercontent.com/gps-cs-s/AG0ilSwJqpvbIOkJQDf9lLQm0bWjUAhCdY6wnI-c4bI8dynmZjAmJBkYWGgovY7iwqPOBew1f6um0iAcvrcTY062uMgpYPhKfduEyx1xzfFBLeo0GuqsM4WhHXdGkbTGe1kPKNQA7TfX=w408-h544-k-no",
    "kgmid": "/g/11vyx66cwp"
  },
  {
    "title": "Shahid Dharmabhakta National Transplant Center (शहिद धर्मभक्त राष्ट्रिय प्रत्यारोपण केन्द्र)",
    "price": null,
    "categoryName": "Government hospital",
    "address": "MCFC+2VC, Bhaktapur 44800, Nepal",
    "neighborhood": null,
    "street": "MCFC+2VC",
    "city": "Bhaktapur",
    "postalCode": null,
    "state": null,
    "countryCode": "NP",
    "website": "http://www.hotc.org.np/",
    "phone": "+977 1-6614709",
    "phoneUnformatted": "+97716614709",
    "claimThisBusiness": true,
    "location": {
      "lat": 27.6725668,
      "lng": 85.4221436
    },
    "totalScore": 4,
    "permanentlyClosed": false,
    "temporarilyClosed": false,
    "placeId": "ChIJEcoScwAb6zkRQCQcPQ7Dnxw",
    "categories": [
      "Government hospital"
    ],
    "fid": "0x39eb1b007312ca11:0x1c9fc30e3d1c2440",
    "cid": "2062581620281189440",
    "reviewsCount": 4,
    "reviewsDistribution": {
      "oneStar": 1,
      "twoStar": 0,
      "threeStar": 0,
      "fourStar": 0,
      "fiveStar": 3
    },
    "imagesCount": 54,
    "imageCategories": [],
    "scrapedAt": "2025-11-14T08:43:27.181Z",
    "googleFoodUrl": null,
    "hotelAds": [],
    "openingHours": [
      {
        "day": "Monday",
        "hours": "Open 24 hours"
      },
      {
        "day": "Tuesday",
        "hours": "Open 24 hours"
      },
      {
        "day": "Wednesday",
        "hours": "Open 24 hours"
      },
      {
        "day": "Thursday",
        "hours": "Open 24 hours"
      },
      {
        "day": "Friday",
        "hours": "Open 24 hours"
      },
      {
        "day": "Saturday",
        "hours": "Open 24 hours"
      },
      {
        "day": "Sunday",
        "hours": "Open 24 hours"
      }
    ],
    "peopleAlsoSearch": [],
    "placesTags": [],
    "reviewsTags": [],
    "additionalInfo": {
      "Accessibility": [
        {
          "Wheelchair accessible entrance": true
        },
        {
          "Wheelchair accessible parking lot": true
        }
      ],
      "Amenities": [
        {
          "Restroom": true
        }
      ]
    },
    "gasPrices": [],
    "url": "https://www.google.com/maps/search/?api=1&query=Shahid%20Dharmabhakta%20National%20Transplant%20Center%20(%E0%A4%B6%E0%A4%B9%E0%A4%BF%E0%A4%A6%20%E0%A4%A7%E0%A4%B0%E0%A5%8D%E0%A4%AE%E0%A4%AD%E0%A4%95%E0%A5%8D%E0%A4%A4%20%E0%A4%B0%E0%A4%BE%E0%A4%B7%E0%A5%8D%E0%A4%9F%E0%A5%8D%E0%A4%B0%E0%A4%BF%E0%A4%AF%20%E0%A4%AA%E0%A5%8D%E0%A4%B0%E0%A4%A4%E0%A5%8D%E0%A4%AF%E0%A4%BE%E0%A4%B0%E0%A5%8B%E0%A4%AA%E0%A4%A3%20%E0%A4%95%E0%A5%87%E0%A4%A8%E0%A5%8D%E0%A4%A6%E0%A5%8D%E0%A4%B0)&query_place_id=ChIJEcoScwAb6zkRQCQcPQ7Dnxw",
    "searchPageUrl": "https://www.google.com/maps/search/hospital/@27.674599999999995,85.4287066988148,17z?hl=en",
    "searchString": "hospital",
    "language": "en",
    "rank": 29,
    "isAdvertisement": false,
    "imageUrl": "https://lh3.googleusercontent.com/gps-cs-s/AG0ilSx1nr1cTBq2t0vaQdVwQEU2etVbUy1fVRnY8oaNjYfP-1JWwD5VKcgUXP5XCsNq55WEqllkj3bE8a8GFBbJmeVVZFMVBGAAPkEAUowS_xqqAsZAq0VcB4w8uLg2axw8PWhRyy0t=w408-h906-k-no",
    "kgmid": "/g/11vyx66cwp"
  },
  {
    "title": "Shahid Dharmabhakta National Transplant Center (शहिद धर्मभक्त राष्ट्रिय प्रत्यारोपण केन्द्र)",
    "price": null,
    "categoryName": "Government hospital",
    "address": "MCFC+2VC, Bhaktapur 44800, Nepal",
    "neighborhood": null,
    "street": "MCFC+2VC",
    "city": "Bhaktapur",
    "postalCode": null,
    "state": null,
    "countryCode": "NP",
    "website": "http://www.hotc.org.np/",
    "phone": "+977 1-6614709",
    "phoneUnformatted": "+97716614709",
    "claimThisBusiness": true,
    "location": {
      "lat": 27.6725668,
      "lng": 85.4221436
    },
    "totalScore": 4,
    "permanentlyClosed": false,
    "temporarilyClosed": false,
    "placeId": "ChIJEcoScwAb6zkRQCQcPQ7Dnxw",
    "categories": [
      "Government hospital"
    ],
    "fid": "0x39eb1b007312ca11:0x1c9fc30e3d1c2440",
    "cid": "2062581620281189440",
    "reviewsCount": 4,
    "reviewsDistribution": {
      "oneStar": 1,
      "twoStar": 0,
      "threeStar": 0,
      "fourStar": 0,
      "fiveStar": 3
    },
    "imagesCount": 54,
    "imageCategories": [],
    "scrapedAt": "2025-11-14T08:27:54.838Z",
    "googleFoodUrl": null,
    "hotelAds": [],
    "openingHours": [
      {
        "day": "Monday",
        "hours": "Open 24 hours"
      },
      {
        "day": "Tuesday",
        "hours": "Open 24 hours"
      },
      {
        "day": "Wednesday",
        "hours": "Open 24 hours"
      },
      {
        "day": "Thursday",
        "hours": "Open 24 hours"
      },
      {
        "day": "Friday",
        "hours": "Open 24 hours"
      },
      {
        "day": "Saturday",
        "hours": "Open 24 hours"
      },
      {
        "day": "Sunday",
        "hours": "Open 24 hours"
      }
    ],
    "peopleAlsoSearch": [],
    "placesTags": [],
    "reviewsTags": [],
    "additionalInfo": {
      "Accessibility": [
        {
          "Wheelchair accessible entrance": true
        },
        {
          "Wheelchair accessible parking lot": true
        }
      ],
      "Amenities": [
        {
          "Restroom": true
        }
      ]
    },
    "gasPrices": [],
    "url": "https://www.google.com/maps/search/?api=1&query=Shahid%20Dharmabhakta%20National%20Transplant%20Center%20(%E0%A4%B6%E0%A4%B9%E0%A4%BF%E0%A4%A6%20%E0%A4%A7%E0%A4%B0%E0%A5%8D%E0%A4%AE%E0%A4%AD%E0%A4%95%E0%A5%8D%E0%A4%A4%20%E0%A4%B0%E0%A4%BE%E0%A4%B7%E0%A5%8D%E0%A4%9F%E0%A5%8D%E0%A4%B0%E0%A4%BF%E0%A4%AF%20%E0%A4%AA%E0%A5%8D%E0%A4%B0%E0%A4%A4%E0%A5%8D%E0%A4%AF%E0%A4%BE%E0%A4%B0%E0%A5%8B%E0%A4%AA%E0%A4%A3%20%E0%A4%95%E0%A5%87%E0%A4%A8%E0%A5%8D%E0%A4%A6%E0%A5%8D%E0%A4%B0)&query_place_id=ChIJEcoScwAb6zkRQCQcPQ7Dnxw",
    "searchPageUrl": "https://www.google.com/maps/search/government/@27.67530454090198,85.42150000000001,17z?hl=en",
    "searchString": "government",
    "language": "en",
    "rank": 47,
    "isAdvertisement": false,
    "imageUrl": "https://lh3.googleusercontent.com/gps-cs-s/AG0ilSzE4V9vi9eDIAOFvEmlPabj6wrJoddEKXUx0iU2Ts-CWkKKk2iU4eYy_0_zAbFVrsg8x1FudM4G4nGuum7amtFJuhudn3w5Z95Xclgy1dIZGfji-t21Sc8w1eEsP6eDA_ncBHWj=w533-h240-k-no",
    "kgmid": "/g/11vyx66cwp"
  }
]