[
  {
    "title": "Reliable nepal life insurance limited",
    "price": null,
    "categoryName": "Health insurance agency",
    "address": "MC8C+H2W, Bhaktapur 44800, Nepal",
    "neighborhood": null,
    "street": "MC8C+H2W",
    "city": "Bhaktapur",
    "postalCode": null,
    "state": null,
    "countryCode": "NP",
    "website": "https://reliablelife.com.np/",
    "phone": "+977 1-6616398",
    "phoneUnformatted": "+97716616398",
    "claimThisBusiness": true,
    "location": {
      "lat": 27.6664834,
      "lng": 85.4200751
    },
    "totalScore": 5,
    "permanentlyClosed": false,
    "temporarilyClosed": false,
    "placeId": "ChIJix2FJAAb6zkRyl-GdZSWhE8",
    "categories": [
      "Health insurance agency"
    ],
    "fid": "0x39eb1b0024851d8b:0x4f84969475865fca",
    "cid": "5729870190293180362",
    "reviewsCount": 1,
    "reviewsDistribution": {
      "oneStar": 0,
      "twoStar": 0,
      "threeStar": 0,
      "fourStar": 0,
      "fiveStar": 1
    },
    "imagesCount": 1,
    "imageCategories": [],
    "scrapedAt": "2025-11-14T08:13:58.953Z",
    "googleFoodUrl": null,
    "hotelAds": [],
    "openingHours": [
      {
        "day": "Monday",
        "hours": "Closed"
      },
      {
        "day": "Tuesday",
        "hours": "9:30 AM to 5:30 PM"
      },
      {
        "day": "Wednesday",
        "hours": "9:30 AM to 5:30 PM"
      },
      {
        "day": "Thursday",
        "hours": "9:30 AM to 5:30 PM"
      },
      {
        "day": "Friday",
        "hours": "9:30 AM to 3:30 PM"
      },
      {
        "day": "Saturday",
        "hours": "Closed"
      },
      {
        "day": "Sunday",
        "hours": "9:30 AM to 5:30 PM"
      }
    ],
    "peopleAlsoSearch": [],
    "placesTags": [],
    "reviewsTags": [],
    "gasPrices": [],
    "url": "https://www.google.com/maps/search/?api=1&query=Reliable%20nepal%20life%20insurance%20limited&query_place_id=ChIJix2FJAAb6zkRyl-GdZSWhE8",
    "searchPageUrl": "https://www.google.com/maps/search/health/@27.667695459098024,85.42150000000001,17z?hl=en",
    "searchString": "health",
    "language": "en",
    "rank": 60,
    "isAdvertisement": false,
    "imageUrl": "https://streetviewpixels-pa.googleapis.com/v1/thumbnail?panoid=66aDdmwxY57lTc8V42JrJQ&cb_client=search.gws-prod.gps&w=408&h=240&yaw=3.9109879&pitch=0&thumbfov=100",
    "kgmid": "/g/11wh18wf51"
  }
]