[
  {
    "title": "Puspa Curd Factory",
    "price": null,
    "categoryName": "Health food store",
    "address": "MCFH+5R9, Bhaktapur 44800, Nepal",
    "neighborhood": null,
    "street": "MCFH+5R9",
    "city": "Bhaktapur",
    "postalCode": "44800",
    "state": null,
    "countryCode": "NP",
    "claimThisBusiness": true,
    "location": {
      "lat": 27.6729058,
      "lng": 85.4296225
    },
    "permanentlyClosed": false,
    "temporarilyClosed": false,
    "placeId": "ChIJy7BjzK8a6zkRtPwnHL6QHpo",
    "categories": [
      "Health food store"
    ],
    "fid": "0x39eb1aafcc63b0cb:0x9a1e90be1c27fcb4",
    "cid": "11105472877332790452",
    "reviewsCount": 0,
    "imagesCount": 1,
    "imageCategories": [],
    "scrapedAt": "2025-11-14T08:13:32.079Z",
    "googleFoodUrl": null,
    "hotelAds": [],
    "openingHours": [],
    "peopleAlsoSearch": [],
    "placesTags": [],
    "reviewsTags": [],
    "gasPrices": [],
    "url": "https://www.google.com/maps/search/?api=1&query=Puspa%20Curd%20Factory&query_place_id=ChIJy7BjzK8a6zkRtPwnHL6QHpo",
    "searchPageUrl": "https://www.google.com/maps/search/health/@27.67530454090198,85.43009086349416,17z?hl=en",
    "searchString": "health",
    "language": "en",
    "rank": 58,
    "isAdvertisement": false,
    "imageUrl": "https://streetviewpixels-pa.googleapis.com/v1/thumbnail?panoid=xFN8uvCBQOzl41sMDPYnRw&cb_client=search.gws-prod.gps&w=408&h=240&yaw=310.327&pitch=0&thumbfov=100",
    "kgmid": "/g/11cmj2n8hf"
  }
]