[
  {
    "title": "KIRAN koju",
    "price": null,
    "categoryName": "Home health care service",
    "address": "MCCG+32R, Bhaktapur 44800, Nepal",
    "neighborhood": null,
    "street": "MCCG+32R",
    "city": "Bhaktapur",
    "postalCode": "44800",
    "state": null,
    "countryCode": "NP",
    "claimThisBusiness": true,
    "location": {
      "lat": 27.670355,
      "lng": 85.424952
    },
    "permanentlyClosed": false,
    "temporarilyClosed": false,
    "placeId": "ChIJQwMUEAAb6zkRbnwN8NIWbZA",
    "categories": [
      "Home health care service"
    ],
    "fid": "0x39eb1b0010140343:0x906d16d2f00d7c6e",
    "cid": "10406999409149443182",
    "reviewsCount": 0,
    "imagesCount": 1,
    "imageCategories": [],
    "scrapedAt": "2025-11-14T08:13:58.953Z",
    "googleFoodUrl": null,
    "hotelAds": [],
    "openingHours": [],
    "peopleAlsoSearch": [],
    "placesTags": [],
    "reviewsTags": [],
    "gasPrices": [],
    "url": "https://www.google.com/maps/search/?api=1&query=KIRAN%20koju&query_place_id=ChIJQwMUEAAb6zkRbnwN8NIWbZA",
    "searchPageUrl": "https://www.google.com/maps/search/health/@27.667695459098024,85.42150000000001,17z?hl=en",
    "searchString": "health",
    "language": "en",
    "rank": 51,
    "isAdvertisement": false,
    "imageUrl": "https://streetviewpixels-pa.googleapis.com/v1/thumbnail?panoid=_05ZubKnrDSSuNgqIrHHaQ&cb_client=search.gws-prod.gps&w=408&h=240&yaw=265.82272&pitch=0&thumbfov=100",
    "kgmid": "/g/11xv4r_5bw"
  }
]