[
  {
    "title": "Stepup Hospitality Management",
    "price": null,
    "categoryName": "Hospitality and tourism school",
    "address": "MC7G+F7G Laxmi complex, Suryabinayak 44800, Nepal",
    "neighborhood": null,
    "street": "MC7G+F7G Laxmi complex",
    "city": "Suryabinayak",
    "postalCode": "44800",
    "state": null,
    "countryCode": "NP",
    "phone": "+977 985-1207431",
    "phoneUnformatted": "+9779851207431",
    "claimThisBusiness": true,
    "location": {
      "lat": 27.6636788,
      "lng": 85.4257096
    },
    "permanentlyClosed": false,
    "temporarilyClosed": false,
    "placeId": "ChIJZ429QCAb6zkR9rbsaoI0Cb4",
    "categories": [
      "Hospitality and tourism school"
    ],
    "fid": "0x39eb1b2040bd8d67:0xbe0934826aecb6f6",
    "cid": "13693533876740994806",
    "reviewsCount": 0,
    "imagesCount": 1,
    "imageCategories": [],
    "scrapedAt": "2025-11-14T08:41:00.191Z",
    "googleFoodUrl": null,
    "hotelAds": [],
    "openingHours": [],
    "peopleAlsoSearch": [],
    "placesTags": [],
    "reviewsTags": [],
    "gasPrices": [],
    "url": "https://www.google.com/maps/search/?api=1&query=Stepup%20Hospitality%20Management&query_place_id=ChIJZ429QCAb6zkR9rbsaoI0Cb4",
    "searchPageUrl": "https://www.google.com/maps/search/school/@27.666993023382226,85.4287066988148,17z?hl=en",
    "searchString": "school",
    "language": "en",
    "rank": 85,
    "isAdvertisement": false,
    "imageUrl": "https://streetviewpixels-pa.googleapis.com/v1/thumbnail?panoid=-ZRUG0Jtf6d2OSmldaXiFw&cb_client=search.gws-prod.gps&w=408&h=240&yaw=267.46997&pitch=0&thumbfov=100",
    "kgmid": "/g/11f73_n5lf"
  },
  {
    "title": "Karma Hospitality",
    "price": null,
    "categoryName": "Hospitality and tourism school",
    "address": "MC7G+5FC, Suryabinayak 44800, Nepal",
    "neighborhood": "Sipadol",
    "street": "MC7G+5FC",
    "city": "Suryabinayak",
    "postalCode": null,
    "state": null,
    "countryCode": "NP",
    "website": "http://hospitalitykarma.com/",
    "phone": "+977 980-2357441",
    "phoneUnformatted": "+9779802357441",
    "claimThisBusiness": true,
    "location": {
      "lat": 27.6629418,
      "lng": 85.4261432
    },
    "permanentlyClosed": false,
    "temporarilyClosed": false,
    "placeId": "ChIJVTIjLQAb6zkRYWlRHO4-nNA",
    "categories": [
      "Hospitality and tourism school"
    ],
    "fid": "0x39eb1b002d233255:0xd09c3eee1c516961",
    "cid": "15031958848654109025",
    "reviewsCount": 0,
    "imagesCount": 4,
    "imageCategories": [],
    "scrapedAt": "2025-11-14T08:41:37.097Z",
    "googleFoodUrl": null,
    "hotelAds": [],
    "openingHours": [],
    "peopleAlsoSearch": [],
    "placesTags": [],
    "reviewsTags": [],
    "gasPrices": [],
    "url": "https://www.google.com/maps/search/?api=1&query=Karma%20Hospitality&query_place_id=ChIJVTIjLQAb6zkRYWlRHO4-nNA",
    "searchPageUrl": "https://www.google.com/maps/search/school/@27.659386046764457,85.42012009644444,17z?hl=en",
    "searchString": "school",
    "language": "en",
    "rank": 34,
    "isAdvertisement": false,
    "imageUrl": "https://lh3.googleusercontent.com/gps-cs-s/AG0ilSxXq0PBXGcZy9WvRbsNeDAXLzGDXjhgCowgmWoUw2vZe8fHAhV2pdE-tfoCuTn3e5qyanvOK6y1X4gKgL-Hfc2gvBVcCL4dFbKwo_F9iUelongMZuH81xp48fxZHEFC95qSpLkm=w408-h612-k-no",
    "kgmid": "/g/11vq29kg_5"
  },
  {
    "title": "Bhaktapur Academy of Tourism & Hospitality Management",
    "price": null,
    "categoryName": "Hospitality and tourism school",
    "address": "01 Sallaghari, Bhaktapur 44800, Nepal",
    "neighborhood": null,
    "street": "01 Sallaghari",
    "city": "Bhaktapur",
    "postalCode": "44800",
    "state": null,
    "countryCode": "NP",
    "website": "http://www.bathm.edu.np/",
    "phone": "+977 1-6620963",
    "phoneUnformatted": "+97716620963",
    "claimThisBusiness": false,
    "location": {
      "lat": 27.6743114,
      "lng": 85.4095029
    },
    "totalScore": 4.9,
    "permanentlyClosed": false,
    "temporarilyClosed": false,
    "placeId": "ChIJ83IPj8Ib6zkRsRMAgToSBkI",
    "categories": [
      "Hospitality and tourism school"
    ],
    "fid": "0x39eb1bc28f0f72f3:0x4206123a810013b1",
    "cid": "4757510098845176753",
    "reviewsCount": 138,
    "reviewsDistribution": {
      "oneStar": 1,
      "twoStar": 0,
      "threeStar": 1,
      "fourStar": 5,
      "fiveStar": 131
    },
    "imagesCount": 10,
    "imageCategories": [],
    "scrapedAt": "2025-11-14T08:43:01.056Z",
    "googleFoodUrl": null,
    "hotelAds": [],
    "openingHours": [],
    "peopleAlsoSearch": [],
    "placesTags": [],
    "reviewsTags": [],
    "gasPrices": [],
    "url": "https://www.google.com/maps/search/?api=1&query=Bhaktapur%20Academy%20of%20Tourism%20%26%20Hospitality%20Management&query_place_id=ChIJ83IPj8Ib6zkRsRMAgToSBkI",
    "searchPageUrl": "https://www.google.com/maps/search/school/@27.674599999999995,85.40294689170369,17z?hl=en",
    "searchString": "school",
    "language": "en",
    "rank": 36,
    "isAdvertisement": false,
    "imageUrl": "https://lh3.googleusercontent.com/gps-cs-s/AG0ilSxaM0eAtAOSpwKF7b3yE-RkgHLJvc2DVnIqZUca5qeAqt1oW7TGUoGbXraETB6j5kTMNkv648z5wBsJXUMzpewQlQRpaE0sjyHw2ORJdAnDJr24mP-62R14vydTdcowe3o3wPSVV9mxQab9=w408-h544-k-no",
    "kgmid": "/g/11h7dckf4b"
  }
]