[
  {
    "title": "FOW-NEPAL Friends of Ostomates Worldwide-Nepal",
    "price": null,
    "categoryName": "Hospital equipment and supplies",
    "address": "MCFF+MC7, Bhaktapur 44800, Nepal",
    "neighborhood": null,
    "street": "MCFF+MC7",
    "city": "Bhaktapur",
    "postalCode": "44800",
    "state": null,
    "countryCode": "NP",
    "phone": "+977 981-8122350",
    "phoneUnformatted": "+9779818122350",
    "claimThisBusiness": true,
    "location": {
      "lat": 27.6741634,
      "lng": 85.4235578
    },
    "totalScore": 5,
    "permanentlyClosed": false,
    "temporarilyClosed": false,
    "placeId": "ChIJ7bPG_fwb6zkR-Y9XGTuXOkI",
    "categories": [
      "Hospital equipment and supplies"
    ],
    "fid": "0x39eb1bfcfdc6b3ed:0x423a973b19578ff9",
    "cid": "4772293035236495353",
    "reviewsCount": 1,
    "reviewsDistribution": {
      "oneStar": 0,
      "twoStar": 0,
      "threeStar": 0,
      "fourStar": 0,
      "fiveStar": 1
    },
    "imagesCount": 3,
    "imageCategories": [],
    "scrapedAt": "2025-11-14T08:13:20.487Z",
    "googleFoodUrl": null,
    "hotelAds": [],
    "openingHours": [
      {
        "day": "Monday",
        "hours": "Closed"
      },
      {
        "day": "Tuesday",
        "hours": "Closed"
      },
      {
        "day": "Wednesday",
        "hours": "Closed"
      },
      {
        "day": "Thursday",
        "hours": "9 AM to 5 PM"
      },
      {
        "day": "Friday",
        "hours": "Closed"
      },
      {
        "day": "Saturday",
        "hours": "Closed"
      },
      {
        "day": "Sunday",
        "hours": "Closed"
      }
    ],
    "peopleAlsoSearch": [],
    "placesTags": [],
    "reviewsTags": [],
    "gasPrices": [],
    "url": "https://www.google.com/maps/search/?api=1&query=FOW-NEPAL%20Friends%20of%20Ostomates%20Worldwide-Nepal&query_place_id=ChIJ7bPG_fwb6zkR-Y9XGTuXOkI",
    "searchPageUrl": "https://www.google.com/maps/search/hospital/@27.67530454090198,85.43009086349416,17z?hl=en",
    "searchString": "hospital",
    "language": "en",
    "rank": 36,
    "isAdvertisement": false,
    "imageUrl": "https://lh3.googleusercontent.com/gps-cs-s/AG0ilSzK0795NiGX4KS7PRf5-kGnRdq53yVfSHItvJufvK2ik1Obh3W8a0y9JByFA4X-73XsIrS_5Gwofwb2Rahe8Wr28Oss8NLdHbtxsMVgBcOQQ91LKfxbfOQEi_Gxo_nU-ZsyiZbp=w408-h884-k-no",
    "kgmid": "/g/11jp86gbgv"
  }
]