[
  {
    "title": "AyurSadan Pvt. Ltd.",
    "price": null,
    "categoryName": "Naturopathic practitioner",
    "address": "near Suvakamana Savings and Credits Corporation, 100 m South from Suryabinayak chowk towards Suryabinayak Temple Ayur Marga, Bhaktapur 44800, Nepal",
    "neighborhood": "Katunje",
    "street": "near Suvakamana Savings and Credits Corporation, 100 m South from Suryabinayak chowk towards Suryabinayak Temple Ayur Marga",
    "city": "Bhaktapur",
    "postalCode": "44800",
    "state": null,
    "countryCode": "NP",
    "website": "http://www.ayursadan.com.np/",
    "phone": "+977 985-1046024",
    "phoneUnformatted": "+9779851046024",
    "claimThisBusiness": false,
    "location": {
      "lat": 27.6644304,
      "lng": 85.4251361
    },
    "totalScore": 4.9,
    "permanentlyClosed": false,
    "temporarilyClosed": false,
    "placeId": "ChIJnaqFG_cZ6zkRwrs7baAb-70",
    "categories": [
      "Naturopathic practitioner",
      "Alternative medicine practitioner",
      "Business to business service",
      "Health consultant",
      "Nutritionist",
      "Organic farm"
    ],
    "fid": "0x39eb19f71b85aa9d:0xbdfb1ba06d3bbbc2",
    "cid": "13689565868164103106",
    "reviewsCount": 37,
    "reviewsDistribution": {
      "oneStar": 0,
      "twoStar": 0,
      "threeStar": 0,
      "fourStar": 3,
      "fiveStar": 34
    },
    "imagesCount": 13,
    "imageCategories": [],
    "scrapedAt": "2025-11-14T08:13:57.887Z",
    "googleFoodUrl": null,
    "hotelAds": [],
    "openingHours": [
      {
        "day": "Monday",
        "hours": "8:30 AM to 6 PM"
      },
      {
        "day": "Tuesday",
        "hours": "8:30 AM to 6 PM"
      },
      {
        "day": "Wednesday",
        "hours": "8:30 AM to 6 PM"
      },
      {
        "day": "Thursday",
        "hours": "8:30 AM to 6 PM"
      },
      {
        "day": "Friday",
        "hours": "8:30 AM to 6 PM"
      },
      {
        "day": "Saturday",
        "hours": "Closed"
      },
      {
        "day": "Sunday",
        "hours": "8:30 AM to 6 PM"
      }
    ],
    "peopleAlsoSearch": [],
    "placesTags": [],
    "reviewsTags": [],
    "additionalInfo": {
      "Service options": [
        {
          "Onsite services": true
        }
      ],
      "Amenities": [
        {
          "Gender-neutral restroom": true
        },
        {
          "Restroom": true
        }
      ],
      "Crowd": [
        {
          "Transgender safespace": true
        }
      ],
      "Planning": [
        {
          "Appointment required": true
        }
      ]
    },
    "gasPrices": [],
    "url": "https://www.google.com/maps/search/?api=1&query=AyurSadan%20Pvt.%20Ltd.&query_place_id=ChIJnaqFG_cZ6zkRwrs7baAb-70",
    "searchPageUrl": "https://www.google.com/maps/search/health/@27.667695459098024,85.42150000000001,17z?hl=en",
    "searchString": "health",
    "language": "en",
    "rank": 40,
    "isAdvertisement": false,
    "imageUrl": "https://lh3.googleusercontent.com/p/AF1QipN_qBydReyrwcPY_1wdZQoMb6VsTP2qzsJWt7Aa=w576-h240-k-no",
    "kgmid": "/g/11c6q71p3h"
  }
]