[
  {
    "title": "Bhaktapur Cancer Hospital: Dr. Bishnu Shrestha",
    "price": null,
    "categoryName": "Pain management physician",
    "address": "Bhaktapur 44800, Nepal",
    "neighborhood": null,
    "street": null,
    "city": "Bhaktapur",
    "postalCode": "44800",
    "state": null,
    "countryCode": "NP",
    "phone": "+977 970-5006775",
    "phoneUnformatted": "+9779705006775",
    "claimThisBusiness": false,
    "location": {
      "lat": 27.6731991,
      "lng": 85.4223223
    },
    "permanentlyClosed": false,
    "temporarilyClosed": false,
    "placeId": "ChIJCU90kEHp6SgRLMQUqWmnRIA",
    "categories": [
      "Pain management physician",
      "Doctor",
      "Home health care service",
      "Pain control clinic"
    ],
    "fid": "0x28e9e94190744f09:0x8044a769a914c42c",
    "cid": "9242696407521215532",
    "reviewsCount": 0,
    "imagesCount": 2,
    "imageCategories": [],
    "scrapedAt": "2025-11-14T08:13:27.149Z",
    "googleFoodUrl": null,
    "hotelAds": [],
    "openingHours": [
      {
        "day": "Monday",
        "hours": "9 AM to 4 PM"
      },
      {
        "day": "Tuesday",
        "hours": "9 AM to 4 PM"
      },
      {
        "day": "Wednesday",
        "hours": "9 AM to 4 PM"
      },
      {
        "day": "Thursday",
        "hours": "9 AM to 4 PM"
      },
      {
        "day": "Friday",
        "hours": "9 AM to 4 PM"
      },
      {
        "day": "Saturday",
        "hours": "Closed"
      },
      {
        "day": "Sunday",
        "hours": "9 AM to 4 PM"
      }
    ],
    "peopleAlsoSearch": [],
    "placesTags": [],
    "reviewsTags": [],
    "additionalInfo": {
      "Service options": [
        {
          "Onsite services": true
        }
      ],
      "Accessibility": [
        {
          "Wheelchair accessible restroom": true
        },
        {
          "Wheelchair accessible seating": true
        }
      ],
      "Amenities": [
        {
          "Restroom": true
        }
      ],
      "Crowd": [
        {
          "LGBTQ+ friendly": true
        },
        {
          "Transgender safespace": true
        }
      ],
      "Parking": [
        {
          "Free parking lot": true
        },
        {
          "On-site parking": true
        },
        {
          "Paid parking lot": true
        },
        {
          "Paid street parking": true
        }
      ]
    },
    "gasPrices": [],
    "url": "https://www.google.com/maps/search/?api=1&query=Bhaktapur%20Cancer%20Hospital%3A%20Dr.%20Bishnu%20Shrestha&query_place_id=ChIJCU90kEHp6SgRLMQUqWmnRIA",
    "searchPageUrl": "https://www.google.com/maps/search/cancer%20treatment%20center/@27.67530454090198,85.43009086349416,17z?hl=en",
    "searchString": "cancer treatment center",
    "language": "en",
    "rank": 7,
    "isAdvertisement": false,
    "imageUrl": "https://streetviewpixels-pa.googleapis.com/v1/thumbnail?panoid=0sjFP3SLD_oPzL020Ayl3Q&cb_client=search.gws-prod.gps&w=408&h=240&yaw=322.0363&pitch=0&thumbfov=100",
    "kgmid": "/g/11lm9nmp53"
  },
  {
    "title": "Bhaktapur Cancer Hospital: Dr. Bishnu Shrestha",
    "price": null,
    "categoryName": "Pain management physician",
    "address": "Bhaktapur 44800, Nepal",
    "neighborhood": null,
    "street": null,
    "city": "Bhaktapur",
    "postalCode": "44800",
    "state": null,
    "countryCode": "NP",
    "phone": "+977 970-5006775",
    "phoneUnformatted": "+9779705006775",
    "claimThisBusiness": false,
    "location": {
      "lat": 27.6731991,
      "lng": 85.4223223
    },
    "permanentlyClosed": false,
    "temporarilyClosed": false,
    "placeId": "ChIJCU90kEHp6SgRLMQUqWmnRIA",
    "categories": [
      "Pain management physician",
      "Doctor",
      "Home health care service",
      "Pain control clinic"
    ],
    "fid": "0x28e9e94190744f09:0x8044a769a914c42c",
    "cid": "9242696407521215532",
    "reviewsCount": 0,
    "imagesCount": 2,
    "imageCategories": [],
    "scrapedAt": "2025-11-14T08:43:04.112Z",
    "googleFoodUrl": null,
    "hotelAds": [],
    "openingHours": [
      {
        "day": "Monday",
        "hours": "9 AM to 4 PM"
      },
      {
        "day": "Tuesday",
        "hours": "9 AM to 4 PM"
      },
      {
        "day": "Wednesday",
        "hours": "9 AM to 4 PM"
      },
      {
        "day": "Thursday",
        "hours": "9 AM to 4 PM"
      },
      {
        "day": "Friday",
        "hours": "9 AM to 4 PM"
      },
      {
        "day": "Saturday",
        "hours": "Closed"
      },
      {
        "day": "Sunday",
        "hours": "9 AM to 4 PM"
      }
    ],
    "peopleAlsoSearch": [],
    "placesTags": [],
    "reviewsTags": [],
    "additionalInfo": {
      "Service options": [
        {
          "Onsite services": true
        }
      ],
      "Accessibility": [
        {
          "Wheelchair accessible restroom": true
        },
        {
          "Wheelchair accessible seating": true
        }
      ],
      "Amenities": [
        {
          "Restroom": true
        }
      ],
      "Crowd": [
        {
          "LGBTQ+ friendly": true
        },
        {
          "Transgender safespace": true
        }
      ],
      "Parking": [
        {
          "Free parking lot": true
        },
        {
          "On-site parking": true
        },
        {
          "Paid parking lot": true
        },
        {
          "Paid street parking": true
        }
      ]
    },
    "gasPrices": [],
    "url": "https://www.google.com/maps/search/?api=1&query=Bhaktapur%20Cancer%20Hospital%3A%20Dr.%20Bishnu%20Shrestha&query_place_id=ChIJCU90kEHp6SgRLMQUqWmnRIA",
    "searchPageUrl": "https://www.google.com/maps/search/clinic/@27.674599999999995,85.4287066988148,17z?hl=en",
    "searchString": "clinic",
    "language": "en",
    "rank": 37,
    "isAdvertisement": false,
    "imageUrl": "https://streetviewpixels-pa.googleapis.com/v1/thumbnail?panoid=0sjFP3SLD_oPzL020Ayl3Q&cb_client=search.gws-prod.gps&w=408&h=240&yaw=322.0363&pitch=0&thumbfov=100",
    "kgmid": "/g/11lm9nmp53"
  }
]