[
  {
    "title": "Nepal Outdoor Expeditions - Trekking, Climbing, Tours and Travels",
    "price": null,
    "categoryName": "Tour operator",
    "address": "Hanumante River Side, Madhyapur Thimi, Kathmandu 44800, Nepal",
    "neighborhood": "Balkot",
    "street": "Hanumante River Side, Madhyapur Thimi",
    "city": "Kathmandu",
    "postalCode": "44800",
    "state": null,
    "countryCode": "NP",
    "website": "https://nepaloutdoorexpeditions.com/",
    "phone": "+977 976-7998270",
    "phoneUnformatted": "+9779767998270",
    "claimThisBusiness": false,
    "location": {
      "lat": 27.6700201,
      "lng": 85.3640178
    },
    "totalScore": 4.9,
    "permanentlyClosed": false,
    "temporarilyClosed": false,
    "placeId": "ChIJ9RErM48b6zkRWnyu2O-lqGk",
    "categories": [
      "Tour operator",
      "Adventure sports center",
      "Hiking area",
      "Hiking guide",
      "Tour agency",
      "Tourist attraction",
      "Travel agency"
    ],
    "fid": "0x39eb1b8f332b11f5:0x69a8a5efd8ae7c5a",
    "cid": "7613517619620904026",
    "reviewsCount": 39,
    "imagesCount": 49,
    "imageCategories": [],
    "scrapedAt": "2025-11-14T10:20:42.577Z",
    "googleFoodUrl": null,
    "hotelAds": [],
    "openingHours": [
      {
        "day": "Monday",
        "hours": "9 AM to 6 PM"
      },
      {
        "day": "Tuesday",
        "hours": "9 AM to 6 PM"
      },
      {
        "day": "Wednesday",
        "hours": "9 AM to 6 PM"
      },
      {
        "day": "Thursday",
        "hours": "9 AM to 6 PM"
      },
      {
        "day": "Friday",
        "hours": "9 AM to 6 PM"
      },
      {
        "day": "Saturday",
        "hours": "Closed"
      },
      {
        "day": "Sunday",
        "hours": "9 AM to 6 PM"
      }
    ],
    "peopleAlsoSearch": [],
    "placesTags": [],
    "reviewsTags": [],
    "additionalInfo": {
      "Service options": [
        {
          "Onsite services": true
        }
      ],
      "Accessibility": [
        {
          "Assistive hearing loop": true
        },
        {
          "Wheelchair accessible restroom": true
        },
        {
          "Wheelchair accessible seating": true
        }
      ],
      "Children": [
        {
          "Discounts for kids": true
        },
        {
          "Family discount": true
        }
      ],
      "Parking": [
        {
          "Free parking garage": true
        },
        {
          "Free parking lot": true
        },
        {
          "Free street parking": true
        },
        {
          "On-site parking": true
        },
        {
          "Paid street parking": true
        }
      ]
    },
    "gasPrices": [],
    "url": "https://www.google.com/maps/search/?api=1&query=Nepal%20Outdoor%20Expeditions%20-%20Trekking%2C%20Climbing%2C%20Tours%20and%20Travels&query_place_id=ChIJ9RErM48b6zkRWnyu2O-lqGk",
    "searchPageUrl": "https://www.google.com/maps/search/tourist%20attraction/@27.664893497689192,85.37098877360309,17z?hl=en",
    "searchString": "tourist attraction",
    "language": "en",
    "rank": 6,
    "isAdvertisement": false,
    "imageUrl": "https://lh3.googleusercontent.com/p/AF1QipOHd7q5XTASkgyP3iQLYwrtWePurTcDg292Xefb=w408-h408-k-no",
    "kgmid": "/g/11yc0xlpv5"
  }
]