[
  {
    "title": "Namaste Tours Services Pvt.ltd",
    "price": null,
    "categoryName": "Travel agency",
    "address": "Bhaktapur 04 Bhulancha, Bhaktapur 44800, Nepal",
    "neighborhood": null,
    "street": "Bhaktapur 04 Bhulancha",
    "city": "Bhaktapur",
    "postalCode": "44800",
    "state": null,
    "countryCode": "NP",
    "phone": "+977 985-1320915",
    "phoneUnformatted": "+9779851320915",
    "claimThisBusiness": false,
    "location": {
      "lat": 27.6656748,
      "lng": 85.4273518
    },
    "totalScore": 5,
    "permanentlyClosed": false,
    "temporarilyClosed": false,
    "placeId": "ChIJWfVhtecb6zkR-uESZNkgJFU",
    "categories": [
      "Travel agency",
      "Adventure sports center",
      "Bus tour agency",
      "Pilgrimage place",
      "Tour agency",
      "Tour operator",
      "Tourist attraction",
      "Tourist information center"
    ],
    "fid": "0x39eb1be7b561f559:0x552420d96412e1fa",
    "cid": "6135064710444409338",
    "reviewsCount": 2,
    "reviewsDistribution": {
      "oneStar": 0,
      "twoStar": 0,
      "threeStar": 0,
      "fourStar": 0,
      "fiveStar": 2
    },
    "imagesCount": 19,
    "imageCategories": [],
    "scrapedAt": "2025-11-14T10:22:30.816Z",
    "googleFoodUrl": null,
    "hotelAds": [],
    "openingHours": [
      {
        "day": "Monday",
        "hours": "9:30 AM to 6:30 PM"
      },
      {
        "day": "Tuesday",
        "hours": "9:30 AM to 6:30 PM"
      },
      {
        "day": "Wednesday",
        "hours": "9:30 AM to 6:30 PM"
      },
      {
        "day": "Thursday",
        "hours": "9:30 AM to 6:30 PM"
      },
      {
        "day": "Friday",
        "hours": "9:30 AM to 6:30 PM"
      },
      {
        "day": "Saturday",
        "hours": "9:30 AM to 6:30 PM"
      },
      {
        "day": "Sunday",
        "hours": "9:30 AM to 6:30 PM"
      }
    ],
    "peopleAlsoSearch": [],
    "placesTags": [],
    "reviewsTags": [],
    "additionalInfo": {
      "Service options": [
        {
          "Online appointments": true
        },
        {
          "Onsite services": true
        }
      ],
      "Children": [
        {
          "Family discount": true
        }
      ]
    },
    "gasPrices": [],
    "url": "https://www.google.com/maps/search/?api=1&query=Namaste%20Tours%20Services%20Pvt.ltd&query_place_id=ChIJWfVhtecb6zkR-uESZNkgJFU",
    "searchPageUrl": "https://www.google.com/maps/search/tourist%20attraction/@27.664893497689192,85.42249999999997,17z?hl=en",
    "searchString": "tourist attraction",
    "language": "en",
    "rank": 25,
    "isAdvertisement": false,
    "imageUrl": "https://lh3.googleusercontent.com/p/AF1QipMRg4nM5D_ga9TSeRq5uLXoebY27y52iDvjtH-L=w426-h240-k-no",
    "kgmid": "/g/11s46xvc9x"
  },
  {
    "title": "Namaste Tours Services Pvt.ltd",
    "price": null,
    "categoryName": "Travel agency",
    "address": "Bhaktapur 04 Bhulancha, Bhaktapur 44800, Nepal",
    "neighborhood": null,
    "street": "Bhaktapur 04 Bhulancha",
    "city": "Bhaktapur",
    "postalCode": "44800",
    "state": null,
    "countryCode": "NP",
    "phone": "+977 985-1320915",
    "phoneUnformatted": "+9779851320915",
    "claimThisBusiness": false,
    "location": {
      "lat": 27.6656748,
      "lng": 85.4273518
    },
    "totalScore": 5,
    "permanentlyClosed": false,
    "temporarilyClosed": false,
    "placeId": "ChIJWfVhtecb6zkR-uESZNkgJFU",
    "categories": [
      "Travel agency",
      "Adventure sports center",
      "Bus tour agency",
      "Pilgrimage place",
      "Tour agency",
      "Tour operator",
      "Tourist attraction",
      "Tourist information center"
    ],
    "fid": "0x39eb1be7b561f559:0x552420d96412e1fa",
    "cid": "6135064710444409338",
    "reviewsCount": 2,
    "reviewsDistribution": {
      "oneStar": 0,
      "twoStar": 0,
      "threeStar": 0,
      "fourStar": 0,
      "fiveStar": 2
    },
    "imagesCount": 19,
    "imageCategories": [],
    "scrapedAt": "2025-11-14T08:27:40.595Z",
    "googleFoodUrl": null,
    "hotelAds": [],
    "openingHours": [
      {
        "day": "Monday",
        "hours": "9:30 AM to 6:30 PM"
      },
      {
        "day": "Tuesday",
        "hours": "9:30 AM to 6:30 PM"
      },
      {
        "day": "Wednesday",
        "hours": "9:30 AM to 6:30 PM"
      },
      {
        "day": "Thursday",
        "hours": "9:30 AM to 6:30 PM"
      },
      {
        "day": "Friday",
        "hours": "9:30 AM to 6:30 PM"
      },
      {
        "day": "Saturday",
        "hours": "9:30 AM to 6:30 PM"
      },
      {
        "day": "Sunday",
        "hours": "9:30 AM to 6:30 PM"
      }
    ],
    "peopleAlsoSearch": [],
    "placesTags": [],
    "reviewsTags": [],
    "additionalInfo": {
      "Service options": [
        {
          "Online appointments": true
        },
        {
          "Onsite services": true
        }
      ],
      "Children": [
        {
          "Family discount": true
        }
      ]
    },
    "gasPrices": [],
    "url": "https://www.google.com/maps/search/?api=1&query=Namaste%20Tours%20Services%20Pvt.ltd&query_place_id=ChIJWfVhtecb6zkR-uESZNkgJFU",
    "searchPageUrl": "https://www.google.com/maps/search/tourist%20attraction/@27.667695459098024,85.42150000000001,17z?hl=en",
    "searchString": "tourist attraction",
    "language": "en",
    "rank": 23,
    "isAdvertisement": false,
    "imageUrl": "https://lh3.googleusercontent.com/p/AF1QipMRg4nM5D_ga9TSeRq5uLXoebY27y52iDvjtH-L=w426-h240-k-no",
    "kgmid": "/g/11s46xvc9x"
  }
]