[
  {
    "title": "Khushi Khaja Ghar",
    "price": null,
    "categoryName": "Asian restaurant",
    "address": "MC86+82F, Unnamed Road, Suryabinayak 44800, Nepal",
    "neighborhood": "Katunje",
    "street": "MC86+82F, Unnamed Road",
    "city": "Suryabinayak",
    "postalCode": "44800",
    "state": null,
    "countryCode": "NP",
    "claimThisBusiness": true,
    "location": {
      "lat": 27.6658123,
      "lng": 85.4100564
    },
    "totalScore": 5,
    "permanentlyClosed": false,
    "temporarilyClosed": false,
    "placeId": "ChIJaYewU4Mb6zkRTYlp7CnzlHU",
    "categories": [
      "Asian restaurant"
    ],
    "fid": "0x39eb1b8353b08769:0x7594f329ec69894d",
    "cid": "8472664160376293709",
    "reviewsCount": 2,
    "imagesCount": 3,
    "imageCategories": [],
    "scrapedAt": "2025-11-14T07:37:28.403Z",
    "googleFoodUrl": null,
    "hotelAds": [],
    "openingHours": [
      {
        "day": "Monday",
        "hours": "8 AM to 8 PM"
      },
      {
        "day": "Tuesday",
        "hours": "8 AM to 8 PM"
      },
      {
        "day": "Wednesday",
        "hours": "8 AM to 8 PM"
      },
      {
        "day": "Thursday",
        "hours": "8 AM to 8 PM"
      },
      {
        "day": "Friday",
        "hours": "8 AM to 8 PM"
      },
      {
        "day": "Saturday",
        "hours": "8 AM to 8 PM"
      },
      {
        "day": "Sunday",
        "hours": "8 AM to 8 PM"
      }
    ],
    "peopleAlsoSearch": [],
    "placesTags": [],
    "reviewsTags": [],
    "additionalInfo": {
      "Service options": [
        {
          "Takeout": true
        },
        {
          "Dine-in": true
        }
      ],
      "Popular for": [
        {
          "Solo dining": true
        }
      ],
      "Offerings": [
        {
          "Quick bite": true
        },
        {
          "Small plates": true
        }
      ],
      "Dining options": [
        {
          "Lunch": true
        }
      ],
      "Atmosphere": [
        {
          "Casual": true
        }
      ],
      "Crowd": [
        {
          "Groups": true
        }
      ],
      "Children": [
        {
          "Good for kids": true
        }
      ]
    },
    "gasPrices": [],
    "url": "https://www.google.com/maps/search/?api=1&query=Khushi%20Khaja%20Ghar&query_place_id=ChIJaYewU4Mb6zkRTYlp7CnzlHU",
    "searchPageUrl": "https://www.google.com/maps/search/restaurant/@27.667695459098024,85.41290913650586,17z?hl=en",
    "searchString": "restaurant",
    "language": "en",
    "rank": 2,
    "isAdvertisement": false,
    "imageUrl": "https://lh3.googleusercontent.com/gps-cs-s/AG0ilSx7ED9nlEE2KtNLpGx6H4-8zHUIIPi7z2MEFMDA-QWYsGa5ouNwBR6V815T8fY6wYaDgFbylSanF89QIKg5hXVBTxSvzv1dR8zGYG7rF-jqAkO4bWK8jRSgMPq6I04GpWeqhhU=w408-h725-k-no",
    "kgmid": "/g/11pq2113dv"
  },
  {
    "title": "Crave Corner",
    "price": null,
    "categoryName": "Asian restaurant",
    "address": "MCC5+4R7, Suryabinayak 44800, Nepal",
    "neighborhood": "Katunje",
    "street": "MCC5+4R7",
    "city": "Suryabinayak",
    "postalCode": "44800",
    "state": null,
    "countryCode": "NP",
    "phone": "+977 986-0356866",
    "phoneUnformatted": "+9779860356866",
    "claimThisBusiness": true,
    "location": {
      "lat": 27.6704538,
      "lng": 85.409407
    },
    "totalScore": 5,
    "permanentlyClosed": false,
    "temporarilyClosed": false,
    "placeId": "ChIJ3_D1bQAb6zkRU9GrKTF7ltc",
    "categories": [
      "Asian restaurant"
    ],
    "fid": "0x39eb1b006df5f0df:0xd7967b3129abd153",
    "cid": "15534739415743844691",
    "reviewsCount": 1,
    "imagesCount": 1,
    "imageCategories": [],
    "scrapedAt": "2025-11-14T07:37:28.403Z",
    "googleFoodUrl": null,
    "hotelAds": [],
    "openingHours": [],
    "peopleAlsoSearch": [],
    "placesTags": [],
    "reviewsTags": [],
    "gasPrices": [],
    "url": "https://www.google.com/maps/search/?api=1&query=Crave%20Corner&query_place_id=ChIJ3_D1bQAb6zkRU9GrKTF7ltc",
    "searchPageUrl": "https://www.google.com/maps/search/restaurant/@27.667695459098024,85.41290913650586,17z?hl=en",
    "searchString": "restaurant",
    "language": "en",
    "rank": 3,
    "isAdvertisement": false,
    "imageUrl": "https://streetviewpixels-pa.googleapis.com/v1/thumbnail?panoid=okwf-4gBC2ixAey1mHMDcQ&cb_client=search.gws-prod.gps&w=408&h=240&yaw=222.94012&pitch=0&thumbfov=100",
    "kgmid": "/g/11xrfffqkx"
  },
  {
    "title": "J.K. Rimjhim Food Stick",
    "price": null,
    "categoryName": "Asian restaurant",
    "address": "MC86+R59, Unnamed Road, Suryabinayak 44800, Nepal",
    "neighborhood": "Katunje",
    "street": "MC86+R59, Unnamed Road",
    "city": "Suryabinayak",
    "postalCode": "44800",
    "state": null,
    "countryCode": "NP",
    "phone": "+977 984-6803676",
    "phoneUnformatted": "+9779846803676",
    "claimThisBusiness": true,
    "location": {
      "lat": 27.6670465,
      "lng": 85.4104814
    },
    "permanentlyClosed": false,
    "temporarilyClosed": false,
    "placeId": "ChIJFQsVBwkb6zkRCDLs8epHc2Y",
    "categories": [
      "Asian restaurant"
    ],
    "fid": "0x39eb1b0907150b15:0x667347eaf1ec3208",
    "cid": "7382323288597082632",
    "reviewsCount": 0,
    "imagesCount": 6,
    "imageCategories": [],
    "scrapedAt": "2025-11-14T07:37:29.112Z",
    "googleFoodUrl": null,
    "hotelAds": [],
    "openingHours": [],
    "peopleAlsoSearch": [],
    "placesTags": [],
    "reviewsTags": [],
    "additionalInfo": {
      "Service options": [
        {
          "Takeout": true
        },
        {
          "Dine-in": true
        }
      ],
      "Popular for": [
        {
          "Solo dining": true
        }
      ],
      "Offerings": [
        {
          "Quick bite": true
        },
        {
          "Small plates": true
        }
      ],
      "Dining options": [
        {
          "Breakfast": true
        },
        {
          "Brunch": true
        },
        {
          "Lunch": true
        },
        {
          "Dinner": true
        },
        {
          "Table service": true
        }
      ],
      "Amenities": [
        {
          "Restroom": true
        }
      ],
      "Atmosphere": [
        {
          "Casual": true
        }
      ],
      "Crowd": [
        {
          "Groups": true
        }
      ],
      "Planning": [
        {
          "Accepts reservations": true
        }
      ],
      "Children": [
        {
          "Good for kids": true
        }
      ]
    },
    "gasPrices": [],
    "url": "https://www.google.com/maps/search/?api=1&query=J.K.%20Rimjhim%20Food%20Stick&query_place_id=ChIJFQsVBwkb6zkRCDLs8epHc2Y",
    "searchPageUrl": "https://www.google.com/maps/search/restaurant/@27.667695459098024,85.41290913650586,17z?hl=en",
    "searchString": "restaurant",
    "language": "en",
    "rank": 38,
    "isAdvertisement": false,
    "imageUrl": "https://lh3.googleusercontent.com/gps-cs-s/AG0ilSwWdzmpVhcJxAhost4KI8_HyWx0frJvqt76WOdarUchEmrkmp_2adO9g_zOAc1RvXOva3BVOtIOPAoMJ9YC12MGNKPMdMW8InyI6mytXYb8fRG_CfyiETHl0cEf6Vm5oDpyNh_n=w426-h240-k-no",
    "kgmid": "/g/11qyd9jr47"
  },
  {
    "title": "Subecchya Restaurant (Shree Ram Birbal)",
    "price": null,
    "categoryName": "Asian restaurant",
    "address": "MCG4+M7W, Bhaktapur 44800, Nepal",
    "neighborhood": null,
    "street": "MCG4+M7W",
    "city": "Bhaktapur",
    "postalCode": null,
    "state": null,
    "countryCode": "NP",
    "claimThisBusiness": true,
    "location": {
      "lat": 27.6767355,
      "lng": 85.4056893
    },
    "totalScore": 4,
    "permanentlyClosed": false,
    "temporarilyClosed": false,
    "placeId": "ChIJbVQ5SQAb6zkR_B_tSuVKyD8",
    "categories": [
      "Asian restaurant"
    ],
    "fid": "0x39eb1b004939546d:0x3fc84ae54aed1ffc",
    "cid": "4596005768396611580",
    "reviewsCount": 1,
    "imagesCount": 1,
    "imageCategories": [],
    "scrapedAt": "2025-11-14T07:37:43.080Z",
    "googleFoodUrl": null,
    "hotelAds": [],
    "openingHours": [],
    "peopleAlsoSearch": [],
    "placesTags": [],
    "reviewsTags": [],
    "additionalInfo": {
      "Service options": [
        {
          "Takeout": true
        },
        {
          "Dine-in": true
        }
      ],
      "Popular for": [
        {
          "Solo dining": true
        }
      ],
      "Offerings": [
        {
          "Quick bite": true
        },
        {
          "Small plates": true
        }
      ],
      "Dining options": [
        {
          "Table service": true
        }
      ],
      "Amenities": [
        {
          "Restroom": true
        }
      ],
      "Atmosphere": [
        {
          "Casual": true
        }
      ],
      "Crowd": [
        {
          "Groups": true
        }
      ],
      "Children": [
        {
          "Good for kids": true
        }
      ]
    },
    "gasPrices": [],
    "url": "https://www.google.com/maps/search/?api=1&query=Subecchya%20Restaurant%20(Shree%20Ram%20Birbal)&query_place_id=ChIJbVQ5SQAb6zkR_B_tSuVKyD8",
    "searchPageUrl": "https://www.google.com/maps/search/restaurant/@27.67530454090198,85.41290913650586,17z?hl=en",
    "searchString": "restaurant",
    "language": "en",
    "rank": 8,
    "isAdvertisement": false,
    "imageUrl": "https://streetviewpixels-pa.googleapis.com/v1/thumbnail?panoid=K_L70VUObz2ncoL3ImBQ3A&cb_client=search.gws-prod.gps&w=408&h=240&yaw=170.18375&pitch=0&thumbfov=100",
    "kgmid": "/g/11vjvm27sm"
  },
  {
    "title": "Travellers Bistro",
    "price": null,
    "categoryName": "Asian restaurant",
    "address": "MCFP+83V Travellers Bistro, Nagarkot Rd, Bhaktapur 44800, Nepal",
    "neighborhood": null,
    "street": "MCFP+83V Travellers Bistro, Nagarkot Rd",
    "city": "Bhaktapur",
    "postalCode": "44800",
    "state": null,
    "countryCode": "NP",
    "claimThisBusiness": true,
    "location": {
      "lat": 27.6733506,
      "lng": 85.4351605
    },
    "permanentlyClosed": false,
    "temporarilyClosed": false,
    "placeId": "ChIJz6eBSQAb6zkRTEtatxOaKWw",
    "categories": [
      "Asian restaurant"
    ],
    "fid": "0x39eb1b004981a7cf:0x6c299a13b75a4b4c",
    "cid": "7793930039612558156",
    "reviewsCount": 0,
    "imagesCount": null,
    "imageCategories": [],
    "scrapedAt": "2025-11-14T07:37:58.988Z",
    "googleFoodUrl": null,
    "hotelAds": [],
    "openingHours": [],
    "peopleAlsoSearch": [],
    "placesTags": [],
    "reviewsTags": [],
    "gasPrices": [],
    "url": "https://www.google.com/maps/search/?api=1&query=Travellers%20Bistro&query_place_id=ChIJz6eBSQAb6zkRTEtatxOaKWw",
    "searchPageUrl": "https://www.google.com/maps/search/cafe/@27.67530454090198,85.43009086349416,17z?hl=en",
    "searchString": "cafe",
    "language": "en",
    "rank": 112,
    "isAdvertisement": false,
    "kgmid": "/g/11ynvnq39k"
  },
  {
    "title": "Sunrise resturant and guest house",
    "price": null,
    "categoryName": "Asian restaurant",
    "address": "MCFG+WWM, Bhaktapur 44800, Nepal",
    "neighborhood": null,
    "street": "MCFG+WWM",
    "city": "Bhaktapur",
    "postalCode": "44800",
    "state": null,
    "countryCode": "NP",
    "claimThisBusiness": true,
    "location": {
      "lat": 27.6748464,
      "lng": 85.4273098
    },
    "permanentlyClosed": false,
    "temporarilyClosed": false,
    "placeId": "ChIJM4VaVQAb6zkRrnqRUuU9GGg",
    "categories": [
      "Asian restaurant"
    ],
    "fid": "0x39eb1b00555a8533:0x68183de552917aae",
    "cid": "7500813234527632046",
    "reviewsCount": 0,
    "imagesCount": 1,
    "imageCategories": [],
    "scrapedAt": "2025-11-14T07:38:07.696Z",
    "googleFoodUrl": null,
    "hotelStars": "Asian restaurant",
    "checkInDate": "2025-12-11",
    "checkOutDate": "2025-12-12",
    "hotelAds": [],
    "openingHours": [],
    "peopleAlsoSearch": [],
    "placesTags": [],
    "reviewsTags": [],
    "gasPrices": [],
    "url": "https://www.google.com/maps/search/?api=1&query=Sunrise%20resturant%20and%20guest%20house&query_place_id=ChIJM4VaVQAb6zkRrnqRUuU9GGg",
    "searchPageUrl": "https://www.google.com/maps/search/restaurant/@27.67530454090198,85.43009086349416,17z?hl=en",
    "searchString": "restaurant",
    "language": "en",
    "rank": 75,
    "isAdvertisement": false,
    "imageUrl": "https://streetviewpixels-pa.googleapis.com/v1/thumbnail?panoid=PlHsj_YSXllbzpMQ0vhY5A&cb_client=search.gws-prod.gps&w=408&h=240&yaw=231.49887&pitch=0&thumbfov=100",
    "kgmid": "/g/11ygk_995t"
  },
  {
    "title": "Dreamland Kitchen Restaurant",
    "price": null,
    "categoryName": "Asian restaurant",
    "address": "MC9G+36Q, Bhaktapur 44800, Nepal",
    "neighborhood": null,
    "street": "MC9G+36Q",
    "city": "Bhaktapur",
    "postalCode": "44800",
    "state": null,
    "countryCode": "NP",
    "phone": "+977 986-0687640",
    "phoneUnformatted": "+9779860687640",
    "claimThisBusiness": true,
    "location": {
      "lat": 27.6677053,
      "lng": 85.4255981
    },
    "totalScore": 5,
    "permanentlyClosed": false,
    "temporarilyClosed": false,
    "placeId": "ChIJBbGqMwAb6zkREsUdPrg8XNc",
    "categories": [
      "Asian restaurant"
    ],
    "fid": "0x39eb1b0033aab105:0xd75c3cb83e1dc512",
    "cid": "15518345178025674002",
    "reviewsCount": 2,
    "imagesCount": 4,
    "imageCategories": [],
    "scrapedAt": "2025-11-14T07:38:11.197Z",
    "googleFoodUrl": null,
    "hotelAds": [],
    "openingHours": [],
    "peopleAlsoSearch": [],
    "placesTags": [],
    "reviewsTags": [],
    "additionalInfo": {
      "Service options": [
        {
          "Dine-in": true
        }
      ],
      "Popular for": [
        {
          "Solo dining": true
        }
      ],
      "Offerings": [
        {
          "Alcohol": true
        },
        {
          "Beer": true
        },
        {
          "Quick bite": true
        },
        {
          "Small plates": true
        }
      ],
      "Dining options": [
        {
          "Lunch": true
        },
        {
          "Table service": true
        }
      ],
      "Amenities": [
        {
          "Bar onsite": true
        },
        {
          "Restroom": true
        }
      ],
      "Atmosphere": [
        {
          "Casual": true
        }
      ],
      "Crowd": [
        {
          "Groups": true
        }
      ],
      "Children": [
        {
          "Good for kids": true
        }
      ]
    },
    "gasPrices": [],
    "url": "https://www.google.com/maps/search/?api=1&query=Dreamland%20Kitchen%20Restaurant&query_place_id=ChIJBbGqMwAb6zkREsUdPrg8XNc",
    "searchPageUrl": "https://www.google.com/maps/search/restaurant/@27.660086377294068,85.43009086349416,17z?hl=en",
    "searchString": "restaurant",
    "language": "en",
    "rank": 14,
    "isAdvertisement": false,
    "imageUrl": "https://lh3.googleusercontent.com/gps-cs-s/AG0ilSzcSLb0qja5dI2ftK86Z8Ba1zNCfb9EstO7YgBV5JHkRCP3_agEEnNmDybbqKHzRzbKF_H6fI3uwp8C1Rx_nl85hDC6PeHjzeTpYGWOy5nURj7qCT80tL66Qa3cR7JHLKcEtarN1_2391IX=w408-h725-k-no",
    "kgmid": "/g/11ybnjfs1d"
  },
  {
    "title": "AYUSH GHASA CHHE",
    "price": null,
    "categoryName": "Asian restaurant",
    "address": "101 Araniko Highway, Bhaktapur 44800, Nepal",
    "neighborhood": "Sipadol",
    "street": "101 Araniko Highway",
    "city": "Bhaktapur",
    "postalCode": "44800",
    "state": null,
    "countryCode": "NP",
    "claimThisBusiness": false,
    "location": {
      "lat": 27.6652493,
      "lng": 85.4270454
    },
    "permanentlyClosed": false,
    "temporarilyClosed": false,
    "placeId": "ChIJ9xUUaecb6zkROm0S5Lrl1FM",
    "categories": [
      "Asian restaurant",
      "Food court"
    ],
    "fid": "0x39eb1be7691415f7:0x53d4e5bae4126d3a",
    "cid": "6040705591063768378",
    "reviewsCount": 0,
    "imagesCount": 7,
    "imageCategories": [],
    "scrapedAt": "2025-11-14T07:38:15.785Z",
    "googleFoodUrl": null,
    "hotelAds": [],
    "openingHours": [
      {
        "day": "Monday",
        "hours": "6 AM to 9:30 PM"
      },
      {
        "day": "Tuesday",
        "hours": "6 AM to 9:30 PM"
      },
      {
        "day": "Wednesday",
        "hours": "6 AM to 9:30 PM"
      },
      {
        "day": "Thursday",
        "hours": "6 AM to 9:30 PM"
      },
      {
        "day": "Friday",
        "hours": "6 AM to 9:30 PM"
      },
      {
        "day": "Saturday",
        "hours": "6 AM to 9:30 PM"
      },
      {
        "day": "Sunday",
        "hours": "6 AM to 9:30 PM"
      }
    ],
    "peopleAlsoSearch": [],
    "placesTags": [],
    "reviewsTags": [],
    "additionalInfo": {
      "From the business": [
        {
          "Identifies as women-owned": true
        }
      ],
      "Service options": [
        {
          "Delivery": true
        },
        {
          "Takeout": true
        },
        {
          "Dine-in": true
        }
      ],
      "Popular for": [
        {
          "Solo dining": true
        }
      ],
      "Offerings": [
        {
          "Quick bite": true
        },
        {
          "Small plates": true
        }
      ],
      "Dining options": [
        {
          "Breakfast": true
        },
        {
          "Lunch": true
        },
        {
          "Dinner": true
        },
        {
          "Table service": true
        }
      ],
      "Amenities": [
        {
          "Restroom": true
        }
      ],
      "Atmosphere": [
        {
          "Casual": true
        }
      ],
      "Crowd": [
        {
          "Groups": true
        }
      ],
      "Children": [
        {
          "Good for kids": true
        }
      ],
      "Parking": [
        {
          "Free street parking": true
        }
      ]
    },
    "gasPrices": [],
    "url": "https://www.google.com/maps/search/?api=1&query=AYUSH%20GHASA%20CHHE&query_place_id=ChIJ9xUUaecb6zkROm0S5Lrl1FM",
    "searchPageUrl": "https://www.google.com/maps/search/breakfast%20restaurant/@27.660086377294068,85.43009086349416,17z?hl=en",
    "searchString": "breakfast restaurant",
    "language": "en",
    "rank": 20,
    "isAdvertisement": false,
    "imageUrl": "https://lh3.googleusercontent.com/gps-cs-s/AG0ilSxFD_NHQ6UvAzcN5ot55fLs-Fz9R_AoqxoMRLmaSJckc0gwXvxSmw9d5p50vtm1dzntaPUX8VURqfWarE3YN1uZ_QnU-jU2AF2-BRDNXdZnvfxXyjGEf7Fq_PGiuWaCPwdWpewDWYz2VI4=w426-h240-k-no",
    "kgmid": "/g/11t0snnlp1"
  },
  {
    "title": "The 1990 Yummy Laphing & Momo Center",
    "price": null,
    "categoryName": "Asian restaurant",
    "address": "बाराही मन्दिर, Road, Bhaktapur 44800, Nepal",
    "neighborhood": null,
    "street": "बाराही मन्दिर, Road",
    "city": "Bhaktapur",
    "postalCode": "44800",
    "state": null,
    "countryCode": "NP",
    "phone": "+977 981-0060572",
    "phoneUnformatted": "+9779810060572",
    "claimThisBusiness": true,
    "location": {
      "lat": 27.6692533,
      "lng": 85.4250107
    },
    "totalScore": 4.3,
    "permanentlyClosed": false,
    "temporarilyClosed": false,
    "placeId": "ChIJb5gn1owb6zkRb0CkcCwlU9c",
    "categories": [
      "Asian restaurant"
    ],
    "fid": "0x39eb1b8cd627986f:0xd753252c70a4406f",
    "cid": "15515786014020092015",
    "reviewsCount": 247,
    "imagesCount": 78,
    "imageCategories": [],
    "scrapedAt": "2025-11-14T07:38:18.346Z",
    "googleFoodUrl": null,
    "hotelAds": [],
    "openingHours": [
      {
        "day": "Monday",
        "hours": "9 AM to 8 PM"
      },
      {
        "day": "Tuesday",
        "hours": "9 AM to 8 PM"
      },
      {
        "day": "Wednesday",
        "hours": "9 AM to 8 PM"
      },
      {
        "day": "Thursday",
        "hours": "9 AM to 8 PM"
      },
      {
        "day": "Friday",
        "hours": "9 AM to 8 PM"
      },
      {
        "day": "Saturday",
        "hours": "9 AM to 8 PM"
      },
      {
        "day": "Sunday",
        "hours": "9 AM to 8 PM"
      }
    ],
    "peopleAlsoSearch": [],
    "placesTags": [],
    "reviewsTags": [],
    "additionalInfo": {
      "Service options": [
        {
          "Takeout": true
        },
        {
          "Dine-in": true
        }
      ],
      "Popular for": [
        {
          "Lunch": true
        },
        {
          "Solo dining": true
        }
      ],
      "Accessibility": [
        {
          "Wheelchair accessible entrance": false
        },
        {
          "Wheelchair accessible parking lot": false
        },
        {
          "Wheelchair accessible seating": false
        }
      ],
      "Offerings": [
        {
          "Quick bite": true
        },
        {
          "Small plates": true
        }
      ],
      "Dining options": [
        {
          "Lunch": true
        },
        {
          "Table service": true
        }
      ],
      "Amenities": [
        {
          "Restroom": true
        }
      ],
      "Atmosphere": [
        {
          "Casual": true
        },
        {
          "Trendy": true
        }
      ],
      "Crowd": [
        {
          "College students": true
        },
        {
          "Groups": true
        }
      ],
      "Planning": [
        {
          "Accepts reservations": false
        }
      ],
      "Children": [
        {
          "Good for kids": true
        }
      ],
      "Parking": [
        {
          "Free parking lot": true
        },
        {
          "Free street parking": true
        },
        {
          "Usually difficult to find a space": true
        }
      ]
    },
    "gasPrices": [],
    "url": "https://www.google.com/maps/search/?api=1&query=The%201990%20Yummy%20Laphing%20%26%20Momo%20Center&query_place_id=ChIJb5gn1owb6zkRb0CkcCwlU9c",
    "searchPageUrl": "https://www.google.com/maps/search/restaurant/@27.667695459098024,85.42150000000001,17z?hl=en",
    "searchString": "restaurant",
    "language": "en",
    "rank": 3,
    "isAdvertisement": false,
    "imageUrl": "https://lh3.googleusercontent.com/gps-cs-s/AG0ilSw1uuCbq0BDCLxZaWMXm7CVS2HyZAdV9P_MP1424NqEfWBVXjh9W_ZrlDZMvF9tYvjaEHbP4Q_SHmrR-euXqjOZ_xiAiBV7LwJAVMVGCbHTTw824G99H6qoV0LyrUE6sMKHX1UWpg=w408-h725-k-no",
    "kgmid": "/g/11rs9mdxps"
  },
  {
    "title": "Delhi Alkarim Biryani and Fast Food",
    "price": null,
    "categoryName": "Asian restaurant",
    "address": "MC9H+F5W, Durbar Square Road, Bhaktapur 44800, Nepal",
    "neighborhood": null,
    "street": "MC9H+F5W, Durbar Square Road",
    "city": "Bhaktapur",
    "postalCode": "44800",
    "state": null,
    "countryCode": "NP",
    "phone": "+977 976-2636520",
    "phoneUnformatted": "+9779762636520",
    "claimThisBusiness": true,
    "location": {
      "lat": 27.6687485,
      "lng": 85.4279453
    },
    "totalScore": 4.2,
    "permanentlyClosed": false,
    "temporarilyClosed": false,
    "placeId": "ChIJB5x1MgAb6zkRfXnnjGwk7m0",
    "categories": [
      "Asian restaurant"
    ],
    "fid": "0x39eb1b0032759c07:0x6dee246c8ce7797d",
    "cid": "7921308843230329213",
    "reviewsCount": 6,
    "reviewsDistribution": {
      "oneStar": 0,
      "twoStar": 1,
      "threeStar": 1,
      "fourStar": 0,
      "fiveStar": 4
    },
    "imagesCount": 17,
    "imageCategories": [],
    "scrapedAt": "2025-11-14T07:38:19.742Z",
    "googleFoodUrl": null,
    "hotelAds": [],
    "openingHours": [],
    "peopleAlsoSearch": [],
    "placesTags": [],
    "reviewsTags": [],
    "gasPrices": [],
    "url": "https://www.google.com/maps/search/?api=1&query=Delhi%20Alkarim%20Biryani%20and%20Fast%20Food&query_place_id=ChIJB5x1MgAb6zkRfXnnjGwk7m0",
    "searchPageUrl": "https://www.google.com/maps/search/restaurant/@27.667695459098024,85.42150000000001,17z?hl=en",
    "searchString": "restaurant",
    "language": "en",
    "rank": 48,
    "isAdvertisement": false,
    "imageUrl": "https://lh3.googleusercontent.com/gps-cs-s/AG0ilSyc1-iWjuvGDH9L-PdmDvWOzoDH3fKiHjjBJGzYCH9MKhmKyhPjlgvaGIO_TMYF4sHvQsJvX5ah8LV-AyaynzWRcF73T7J2rPPjiDl6-K49pFSAozsBwe4mtbeqYDCNOoRj6F6MTWDGofI=w408-h544-k-no",
    "kgmid": "/g/11ycft79mv"
  },
  {
    "title": "Yumari food cafe",
    "price": null,
    "categoryName": "Asian restaurant",
    "address": "MCCH+9WW, Bhaktapur 44800, Nepal",
    "neighborhood": null,
    "street": "MCCH+9WW",
    "city": "Bhaktapur",
    "postalCode": null,
    "state": null,
    "countryCode": "NP",
    "claimThisBusiness": true,
    "location": {
      "lat": 27.670994,
      "lng": 85.4298429
    },
    "permanentlyClosed": false,
    "temporarilyClosed": false,
    "placeId": "ChIJu48mWQAb6zkR29TA_ErDnlI",
    "categories": [
      "Asian restaurant"
    ],
    "fid": "0x39eb1b0059268fbb:0x529ec34afcc0d4db",
    "cid": "5953410484265866459",
    "reviewsCount": 0,
    "imagesCount": 1,
    "imageCategories": [],
    "scrapedAt": "2025-11-14T07:39:22.314Z",
    "googleFoodUrl": null,
    "hotelAds": [],
    "openingHours": [
      {
        "day": "Monday",
        "hours": "9 AM to 9 PM"
      },
      {
        "day": "Tuesday",
        "hours": "9 AM to 9 PM"
      },
      {
        "day": "Wednesday",
        "hours": "9 AM to 9 PM"
      },
      {
        "day": "Thursday",
        "hours": "9 AM to 9 PM"
      },
      {
        "day": "Friday",
        "hours": "9 AM to 9 PM"
      },
      {
        "day": "Saturday",
        "hours": "9 AM to 9 PM"
      },
      {
        "day": "Sunday",
        "hours": "9 AM to 9 PM"
      }
    ],
    "peopleAlsoSearch": [],
    "placesTags": [],
    "reviewsTags": [],
    "additionalInfo": {
      "Service options": [
        {
          "Takeout": true
        },
        {
          "Dine-in": true
        }
      ],
      "Popular for": [
        {
          "Solo dining": true
        }
      ],
      "Offerings": [
        {
          "Quick bite": true
        },
        {
          "Small plates": true
        }
      ],
      "Dining options": [
        {
          "Lunch": true
        },
        {
          "Table service": true
        }
      ],
      "Amenities": [
        {
          "Restroom": true
        }
      ],
      "Atmosphere": [
        {
          "Casual": true
        }
      ],
      "Crowd": [
        {
          "Groups": true
        }
      ],
      "Children": [
        {
          "Good for kids": true
        }
      ]
    },
    "gasPrices": [],
    "url": "https://www.google.com/maps/search/?api=1&query=Yumari%20food%20cafe&query_place_id=ChIJu48mWQAb6zkR29TA_ErDnlI",
    "searchPageUrl": "https://www.google.com/maps/search/restaurant/@27.6722911,85.426915,17.827460100721463z?hl=en",
    "searchString": "restaurant",
    "language": "en",
    "rank": 60,
    "isAdvertisement": false,
    "imageUrl": "https://streetviewpixels-pa.googleapis.com/v1/thumbnail?panoid=Xiwkb2LIzRqxgf6gIkv8Jw&cb_client=search.gws-prod.gps&w=408&h=240&yaw=356.4451&pitch=0&thumbfov=100",
    "kgmid": "/g/11vm2x5hhc"
  },
  {
    "title": "Purushottam Newa Khaja Ghar Restro",
    "price": null,
    "categoryName": "Asian restaurant",
    "address": "Nagarkot Rd, Bhaktapur 44800, Nepal",
    "neighborhood": null,
    "street": "Nagarkot Rd",
    "city": "Bhaktapur",
    "postalCode": "44800",
    "state": null,
    "countryCode": "NP",
    "phone": "+977 984-1214224",
    "phoneUnformatted": "+9779841214224",
    "claimThisBusiness": false,
    "location": {
      "lat": 27.6788682,
      "lng": 85.4413761
    },
    "totalScore": 4,
    "permanentlyClosed": false,
    "temporarilyClosed": false,
    "placeId": "ChIJcZo1FUwF6zkR2nNw7Ze-3BM",
    "categories": [
      "Asian restaurant"
    ],
    "fid": "0x39eb054c15359a71:0x13dcbe97ed7073da",
    "cid": "1431228341329884122",
    "reviewsCount": 108,
    "imagesCount": 89,
    "imageCategories": [],
    "scrapedAt": "2025-11-14T07:51:19.072Z",
    "googleFoodUrl": null,
    "hotelAds": [],
    "openingHours": [
      {
        "day": "Monday",
        "hours": "9 AM to 8 PM"
      },
      {
        "day": "Tuesday",
        "hours": "9 AM to 8 PM"
      },
      {
        "day": "Wednesday",
        "hours": "9 AM to 8 PM"
      },
      {
        "day": "Thursday",
        "hours": "9 AM to 8 PM"
      },
      {
        "day": "Friday",
        "hours": "9 AM to 8 PM"
      },
      {
        "day": "Saturday",
        "hours": "9 AM to 8 PM"
      },
      {
        "day": "Sunday",
        "hours": "9 AM to 8 PM"
      }
    ],
    "peopleAlsoSearch": [],
    "placesTags": [],
    "reviewsTags": [],
    "additionalInfo": {
      "Service options": [
        {
          "Takeout": true
        },
        {
          "Dine-in": true
        },
        {
          "Delivery": false
        }
      ],
      "Highlights": [
        {
          "Great beer selection": true
        },
        {
          "Great wine list": true
        }
      ],
      "Popular for": [
        {
          "Lunch": true
        },
        {
          "Solo dining": true
        }
      ],
      "Accessibility": [
        {
          "Wheelchair accessible seating": false
        }
      ],
      "Offerings": [
        {
          "Alcohol": true
        },
        {
          "Beer": true
        },
        {
          "Cocktails": true
        },
        {
          "Hard liquor": true
        },
        {
          "Quick bite": true
        },
        {
          "Small plates": true
        },
        {
          "Vegan options": true
        },
        {
          "Vegetarian options": true
        },
        {
          "Wine": true
        }
      ],
      "Dining options": [
        {
          "Brunch": true
        },
        {
          "Lunch": true
        },
        {
          "Catering": true
        },
        {
          "Counter service": true
        },
        {
          "Seating": true
        },
        {
          "Table service": true
        }
      ],
      "Amenities": [
        {
          "Bar onsite": true
        },
        {
          "Restroom": true
        },
        {
          "Wi-Fi": true
        },
        {
          "Free Wi-Fi": true
        }
      ],
      "Atmosphere": [
        {
          "Casual": true
        },
        {
          "Trendy": true
        }
      ],
      "Crowd": [
        {
          "College students": true
        },
        {
          "Family-friendly": true
        },
        {
          "Groups": true
        }
      ],
      "Planning": [
        {
          "Accepts reservations": true
        }
      ],
      "Payments": [
        {
          "Credit cards": true
        },
        {
          "Debit cards": true
        },
        {
          "Credit cards": true
        }
      ],
      "Children": [
        {
          "Good for kids": true
        },
        {
          "Has changing table(s)": true
        },
        {
          "High chairs": true
        }
      ],
      "Parking": [
        {
          "Free street parking": true
        },
        {
          "Paid parking lot": true
        }
      ]
    },
    "gasPrices": [],
    "url": "https://www.google.com/maps/search/?api=1&query=Purushottam%20Newa%20Khaja%20Ghar%20Restro&query_place_id=ChIJcZo1FUwF6zkR2nNw7Ze-3BM",
    "searchPageUrl": "https://www.google.com/maps/search/restaurant%20or%20cafe/@27.682206976617763,85.43917320490378,17z?hl=en",
    "searchString": "restaurant or cafe",
    "language": "en",
    "rank": 9,
    "isAdvertisement": false,
    "imageUrl": "https://lh3.googleusercontent.com/p/AF1QipPhyYvE09LJEMod1GjxenOfzNsVdNMzwWJqr_vO=w408-h291-k-no",
    "kgmid": "/g/11bc8d6ckn"
  },
  {
    "title": "Vintuna Khaja ghar",
    "price": null,
    "categoryName": "Asian restaurant",
    "address": "MCJV+8MR, Bhaktapur 44800, Nepal",
    "neighborhood": null,
    "street": "MCJV+8MR",
    "city": "Bhaktapur",
    "postalCode": null,
    "state": null,
    "countryCode": "NP",
    "claimThisBusiness": true,
    "location": {
      "lat": 27.6808625,
      "lng": 85.4441406
    },
    "permanentlyClosed": false,
    "temporarilyClosed": false,
    "placeId": "ChIJ8WH6MAAF6zkRFK6iYmVooeM",
    "categories": [
      "Asian restaurant"
    ],
    "fid": "0x39eb050030fa61f1:0xe3a1686562a2ae14",
    "cid": "16402506102515871252",
    "reviewsCount": 0,
    "imagesCount": null,
    "imageCategories": [],
    "scrapedAt": "2025-11-14T07:51:19.867Z",
    "googleFoodUrl": null,
    "hotelAds": [],
    "openingHours": [
      {
        "day": "Monday",
        "hours": "10 AM to 10 PM"
      },
      {
        "day": "Tuesday",
        "hours": "10 AM to 10 PM"
      },
      {
        "day": "Wednesday",
        "hours": "10 AM to 10 PM"
      },
      {
        "day": "Thursday",
        "hours": "10 AM to 10 PM"
      },
      {
        "day": "Friday",
        "hours": "10 AM to 10 PM"
      },
      {
        "day": "Saturday",
        "hours": "10 AM to 10 PM"
      },
      {
        "day": "Sunday",
        "hours": "10 AM to 10 PM"
      }
    ],
    "peopleAlsoSearch": [],
    "placesTags": [],
    "reviewsTags": [],
    "gasPrices": [],
    "url": "https://www.google.com/maps/search/?api=1&query=Vintuna%20Khaja%20ghar&query_place_id=ChIJ8WH6MAAF6zkRFK6iYmVooeM",
    "searchPageUrl": "https://www.google.com/maps/search/restaurant%20or%20cafe/@27.682206976617763,85.43917320490378,17z?hl=en",
    "searchString": "restaurant or cafe",
    "language": "en",
    "rank": 23,
    "isAdvertisement": false,
    "kgmid": "/g/11mld56pvv"
  },
  {
    "title": "Thakali Station",
    "price": null,
    "categoryName": "Asian restaurant",
    "address": "Jagati-KamalBinayak Rd, Bhaktapur 44800, Nepal",
    "neighborhood": null,
    "street": "Jagati-KamalBinayak Rd",
    "city": "Bhaktapur",
    "postalCode": "44800",
    "state": null,
    "countryCode": "NP",
    "phone": "+977 985-1356364",
    "phoneUnformatted": "+9779851356364",
    "claimThisBusiness": false,
    "location": {
      "lat": 27.6783117,
      "lng": 85.4407716
    },
    "totalScore": 3.6,
    "permanentlyClosed": false,
    "temporarilyClosed": false,
    "placeId": "ChIJKfQQGAYF6zkRqGOVHC0Agjc",
    "categories": [
      "Asian restaurant"
    ],
    "fid": "0x39eb05061810f429:0x3782002d1c9563a8",
    "cid": "3999759612811502504",
    "reviewsCount": 99,
    "imagesCount": 81,
    "imageCategories": [],
    "scrapedAt": "2025-11-14T07:51:20.308Z",
    "googleFoodUrl": null,
    "hotelAds": [],
    "openingHours": [
      {
        "day": "Monday",
        "hours": "9 AM to 9:30 PM"
      },
      {
        "day": "Tuesday",
        "hours": "9 AM to 9:30 PM"
      },
      {
        "day": "Wednesday",
        "hours": "9 AM to 9:30 PM"
      },
      {
        "day": "Thursday",
        "hours": "9 AM to 9:30 PM"
      },
      {
        "day": "Friday",
        "hours": "9 AM to 9:30 PM"
      },
      {
        "day": "Saturday",
        "hours": "9 AM to 9:30 PM"
      },
      {
        "day": "Sunday",
        "hours": "9 AM to 9:30 PM"
      }
    ],
    "additionalOpeningHours": {
      "Delivery": [
        {
          "day": "Monday",
          "hours": "9 AM–5 PM"
        },
        {
          "day": "Tuesday",
          "hours": "9 AM–5 PM"
        },
        {
          "day": "Wednesday",
          "hours": "9 AM–5 PM"
        },
        {
          "day": "Thursday",
          "hours": "9 AM–5 PM"
        },
        {
          "day": "Friday",
          "hours": "9 AM–5 PM"
        },
        {
          "day": "Saturday",
          "hours": "9 AM–5 PM"
        },
        {
          "day": "Sunday",
          "hours": "9 AM–5 PM"
        }
      ],
      "Kitchen": [
        {
          "day": "Monday",
          "hours": "9 AM–9 PM"
        },
        {
          "day": "Tuesday",
          "hours": "9 AM–9 PM"
        },
        {
          "day": "Wednesday",
          "hours": "9 AM–9 PM"
        },
        {
          "day": "Thursday",
          "hours": "9 AM–9 PM"
        },
        {
          "day": "Friday",
          "hours": "9 AM–9 PM"
        },
        {
          "day": "Saturday",
          "hours": "9 AM–9 PM"
        },
        {
          "day": "Sunday",
          "hours": "9 AM–9 PM"
        }
      ]
    },
    "peopleAlsoSearch": [],
    "placesTags": [],
    "reviewsTags": [],
    "additionalInfo": {
      "Service options": [
        {
          "Delivery": true
        },
        {
          "Takeout": true
        },
        {
          "Dine-in": true
        }
      ],
      "Highlights": [
        {
          "Great beer selection": true
        },
        {
          "Great dessert": true
        },
        {
          "Great tea selection": true
        }
      ],
      "Popular for": [
        {
          "Lunch": true
        },
        {
          "Dinner": true
        },
        {
          "Solo dining": true
        }
      ],
      "Accessibility": [
        {
          "Wheelchair accessible seating": false
        }
      ],
      "Offerings": [
        {
          "Alcohol": true
        },
        {
          "All you can eat": true
        },
        {
          "Beer": true
        },
        {
          "Coffee": true
        },
        {
          "Hard liquor": true
        },
        {
          "Private dining room": true
        },
        {
          "Quick bite": true
        },
        {
          "Small plates": true
        },
        {
          "Wine": true
        }
      ],
      "Dining options": [
        {
          "Breakfast": true
        },
        {
          "Lunch": true
        },
        {
          "Dinner": true
        },
        {
          "Dessert": true
        },
        {
          "Table service": true
        }
      ],
      "Amenities": [
        {
          "Bar onsite": true
        },
        {
          "Restroom": true
        }
      ],
      "Atmosphere": [
        {
          "Casual": true
        },
        {
          "Cozy": true
        },
        {
          "Quiet": true
        },
        {
          "Trendy": true
        },
        {
          "Upscale": true
        }
      ],
      "Crowd": [
        {
          "Groups": true
        },
        {
          "Tourists": true
        }
      ],
      "Planning": [
        {
          "Dinner reservations recommended": true
        },
        {
          "Accepts reservations": true
        }
      ],
      "Payments": [
        {
          "Credit cards": true
        },
        {
          "NFC mobile payments": true
        }
      ],
      "Children": [
        {
          "Good for kids": true
        },
        {
          "Good for kids birthday": true
        }
      ],
      "Parking": [
        {
          "Free parking lot": true
        },
        {
          "Free street parking": true
        }
      ]
    },
    "gasPrices": [],
    "url": "https://www.google.com/maps/search/?api=1&query=Thakali%20Station&query_place_id=ChIJKfQQGAYF6zkRqGOVHC0Agjc",
    "searchPageUrl": "https://www.google.com/maps/search/restaurant/@27.682206976617763,85.43917320490378,17z?hl=en",
    "searchString": "restaurant",
    "language": "en",
    "rank": 5,
    "isAdvertisement": false,
    "imageUrl": "https://lh3.googleusercontent.com/gps-cs-s/AG0ilSzS1xKb3KuZpAuW8L-c3CZanddhWasoeNmiuCq09xo2m4TPIlrXpLGQawiti1KYXPOzWbzJtd_hjxfdcgIhujeH3qCBvBEMieov28GiyJADEAwJdJFkHwlzqei2KNLDd0UCHPzP=w426-h240-k-no",
    "kgmid": "/g/11q8whbwdl"
  },
  {
    "title": "Tapaiko food corner",
    "price": null,
    "categoryName": "Asian restaurant",
    "address": "M9JR+MHX, Bhaktapur Road, Madhyapur Thimi 44600, Nepal",
    "neighborhood": null,
    "street": "M9JR+MHX, Bhaktapur Road",
    "city": "Madhyapur Thimi",
    "postalCode": "44600",
    "state": null,
    "countryCode": "NP",
    "phone": "+977 976-4771363",
    "phoneUnformatted": "+9779764771363",
    "claimThisBusiness": true,
    "location": {
      "lat": 27.6817462,
      "lng": 85.3914961
    },
    "totalScore": 5,
    "permanentlyClosed": false,
    "temporarilyClosed": false,
    "placeId": "ChIJozGYcwAb6zkREKwwjEjJK7E",
    "categories": [
      "Asian restaurant"
    ],
    "fid": "0x39eb1b00739831a3:0xb12bc9488c30ac10",
    "cid": "12766518882138631184",
    "reviewsCount": 4,
    "reviewsDistribution": {
      "oneStar": 0,
      "twoStar": 0,
      "threeStar": 0,
      "fourStar": 0,
      "fiveStar": 4
    },
    "imagesCount": 10,
    "imageCategories": [],
    "scrapedAt": "2025-11-14T09:52:07.650Z",
    "googleFoodUrl": null,
    "hotelAds": [],
    "openingHours": [
      {
        "day": "Monday",
        "hours": "6 AM to 8 PM"
      },
      {
        "day": "Tuesday",
        "hours": "6 AM to 8 PM"
      },
      {
        "day": "Wednesday",
        "hours": "6 AM to 8 PM"
      },
      {
        "day": "Thursday",
        "hours": "6 AM to 8 PM"
      },
      {
        "day": "Friday",
        "hours": "6 AM to 8 PM"
      },
      {
        "day": "Saturday",
        "hours": "6 AM to 8 PM"
      },
      {
        "day": "Sunday",
        "hours": "6 AM to 8 PM"
      }
    ],
    "peopleAlsoSearch": [],
    "placesTags": [],
    "reviewsTags": [],
    "gasPrices": [],
    "url": "https://www.google.com/maps/search/?api=1&query=Tapaiko%20food%20corner&query_place_id=ChIJozGYcwAb6zkREKwwjEjJK7E",
    "searchPageUrl": "https://www.google.com/maps/search/restaurant/@27.680106502310814,85.39674438680153,17z?hl=en",
    "searchString": "restaurant",
    "language": "en",
    "rank": 41,
    "isAdvertisement": false,
    "imageUrl": "https://lh3.googleusercontent.com/gps-cs-s/AG0ilSzBWQ3gEGB7Z15KyUaUqtWv2hqgYa1i5pFA1qL27UIyEmd90u9-zvtDCvK-cXeU1ojoTK0cbcdXy0bsw_U6ELykMcv9Iur3MZOE0talqK8UO5nL47YbYET3t-tJnCwkIhSi6yHlGma9ai6y=w408-h408-k-no",
    "kgmid": "/g/11x669hkw_"
  },
  {
    "title": "Mutton Hub Pvt. Ltd.",
    "price": null,
    "categoryName": "Asian restaurant",
    "address": "Madhyapur Thimi, Nepal",
    "neighborhood": "Nikoshera",
    "street": null,
    "city": "Madhyapur Thimi",
    "postalCode": null,
    "state": null,
    "countryCode": "NP",
    "phone": "+977 985-1168060",
    "phoneUnformatted": "+9779851168060",
    "claimThisBusiness": false,
    "location": {
      "lat": 27.6794842,
      "lng": 85.4003572
    },
    "totalScore": 4.1,
    "permanentlyClosed": false,
    "temporarilyClosed": false,
    "placeId": "ChIJBc1D_Mwb6zkRMLc6-LMvAE0",
    "categories": [
      "Asian restaurant"
    ],
    "fid": "0x39eb1bccfc43cd05:0x4d002fb3f83ab730",
    "cid": "5548487190930700080",
    "reviewsCount": 8,
    "reviewsDistribution": {
      "oneStar": 1,
      "twoStar": 0,
      "threeStar": 1,
      "fourStar": 1,
      "fiveStar": 5
    },
    "imagesCount": 36,
    "imageCategories": [],
    "scrapedAt": "2025-11-14T09:52:07.650Z",
    "googleFoodUrl": null,
    "hotelAds": [],
    "openingHours": [
      {
        "day": "Monday",
        "hours": "9 AM to 9 PM"
      },
      {
        "day": "Tuesday",
        "hours": "9 AM to 9 PM"
      },
      {
        "day": "Wednesday",
        "hours": "9 AM to 9 PM"
      },
      {
        "day": "Thursday",
        "hours": "9 AM to 9 PM"
      },
      {
        "day": "Friday",
        "hours": "9 AM to 9 PM"
      },
      {
        "day": "Saturday",
        "hours": "9 AM to 9 PM"
      },
      {
        "day": "Sunday",
        "hours": "9 AM to 9 PM"
      }
    ],
    "additionalOpeningHours": {
      "Delivery": [
        {
          "day": "Monday",
          "hours": "10 AM–5 PM"
        },
        {
          "day": "Tuesday",
          "hours": "10 AM–5 PM"
        },
        {
          "day": "Wednesday",
          "hours": "10 AM–5 PM"
        },
        {
          "day": "Thursday",
          "hours": "10 AM–5 PM"
        },
        {
          "day": "Friday",
          "hours": "10 AM–5 PM"
        },
        {
          "day": "Saturday",
          "hours": "10 AM–5 PM"
        },
        {
          "day": "Sunday",
          "hours": "10 AM–5 PM"
        }
      ],
      "Breakfast": [
        {
          "day": "Monday",
          "hours": "9 AM–5 PM"
        },
        {
          "day": "Tuesday",
          "hours": "9 AM–5 PM"
        },
        {
          "day": "Wednesday",
          "hours": "9 AM–5 PM"
        },
        {
          "day": "Thursday",
          "hours": "9 AM–5 PM"
        },
        {
          "day": "Friday",
          "hours": "9 AM–5 PM"
        },
        {
          "day": "Saturday",
          "hours": "9 AM–5 PM"
        },
        {
          "day": "Sunday",
          "hours": "9 AM–5 PM"
        }
      ],
      "Lunch": [
        {
          "day": "Monday",
          "hours": "9 AM–9 PM"
        },
        {
          "day": "Tuesday",
          "hours": "9 AM–9 PM"
        },
        {
          "day": "Wednesday",
          "hours": "9 AM–9 PM"
        },
        {
          "day": "Thursday",
          "hours": "9 AM–9 PM"
        },
        {
          "day": "Friday",
          "hours": "9 AM–9 PM"
        },
        {
          "day": "Saturday",
          "hours": "9 AM–9 PM"
        },
        {
          "day": "Sunday",
          "hours": "9 AM–9 PM"
        }
      ],
      "Dinner": [
        {
          "day": "Monday",
          "hours": "9 AM–5 PM"
        },
        {
          "day": "Tuesday",
          "hours": "9 AM–5 PM"
        },
        {
          "day": "Wednesday",
          "hours": "9 AM–5 PM"
        },
        {
          "day": "Thursday",
          "hours": "9 AM–5 PM"
        },
        {
          "day": "Friday",
          "hours": "9 AM–5 PM"
        },
        {
          "day": "Saturday",
          "hours": "9 AM–5 PM"
        },
        {
          "day": "Sunday",
          "hours": "9 AM–5 PM"
        }
      ]
    },
    "peopleAlsoSearch": [],
    "placesTags": [],
    "reviewsTags": [],
    "additionalInfo": {
      "Service options": [
        {
          "Delivery": true
        },
        {
          "Takeout": true
        },
        {
          "Dine-in": true
        }
      ],
      "Highlights": [
        {
          "Rooftop seating": true
        },
        {
          "Sports": true
        }
      ],
      "Popular for": [
        {
          "Lunch": true
        },
        {
          "Solo dining": true
        }
      ],
      "Accessibility": [
        {
          "Wheelchair accessible restroom": true
        }
      ],
      "Offerings": [
        {
          "Alcohol": true
        },
        {
          "Quick bite": true
        },
        {
          "Small plates": true
        }
      ],
      "Dining options": [
        {
          "Breakfast": true
        },
        {
          "Lunch": true
        },
        {
          "Dinner": true
        },
        {
          "Dessert": true
        },
        {
          "Table service": true
        }
      ],
      "Amenities": [
        {
          "Restroom": true
        },
        {
          "Wi-Fi": true
        },
        {
          "Free Wi-Fi": true
        }
      ],
      "Atmosphere": [
        {
          "Casual": true
        }
      ],
      "Crowd": [
        {
          "Groups": true
        }
      ],
      "Payments": [
        {
          "NFC mobile payments": true
        }
      ],
      "Children": [
        {
          "Good for kids": true
        }
      ]
    },
    "gasPrices": [],
    "url": "https://www.google.com/maps/search/?api=1&query=Mutton%20Hub%20Pvt.%20Ltd.&query_place_id=ChIJBc1D_Mwb6zkRMLc6-LMvAE0",
    "searchPageUrl": "https://www.google.com/maps/search/restaurant/@27.680106502310814,85.39674438680153,17z?hl=en",
    "searchString": "restaurant",
    "language": "en",
    "rank": 45,
    "isAdvertisement": false,
    "imageUrl": "https://lh3.googleusercontent.com/p/AF1QipPLPDOhuyfZWdDaK8BdTFXN24uLfBnYNZXGT40d=w408-h272-k-no",
    "kgmid": "/g/11t0rs_3bd"
  },
  {
    "title": "Duwakot",
    "price": null,
    "categoryName": "Asian restaurant",
    "address": "MCH2+MXH, Bhaktapur Road, Changunarayan, Nepal",
    "neighborhood": "Duwakot",
    "street": "MCH2+MXH, Bhaktapur Road",
    "city": "Changunarayan",
    "postalCode": null,
    "state": null,
    "countryCode": "NP",
    "claimThisBusiness": true,
    "location": {
      "lat": 27.6792,
      "lng": 85.4024919
    },
    "permanentlyClosed": false,
    "temporarilyClosed": false,
    "placeId": "ChIJz4d3KQAb6zkRidkzBf_mg6w",
    "categories": [
      "Asian restaurant"
    ],
    "fid": "0x39eb1b00297787cf:0xac83e6ff0533d989",
    "cid": "12431033379451033993",
    "reviewsCount": 0,
    "imagesCount": 1,
    "imageCategories": [],
    "scrapedAt": "2025-11-14T09:52:08.325Z",
    "googleFoodUrl": null,
    "hotelAds": [],
    "openingHours": [],
    "peopleAlsoSearch": [],
    "placesTags": [],
    "reviewsTags": [],
    "additionalInfo": {
      "Service options": [
        {
          "Dine-in": true
        }
      ],
      "Popular for": [
        {
          "Solo dining": true
        }
      ],
      "Offerings": [
        {
          "Quick bite": true
        },
        {
          "Small plates": true
        }
      ],
      "Dining options": [
        {
          "Table service": true
        }
      ],
      "Atmosphere": [
        {
          "Casual": true
        }
      ],
      "Crowd": [
        {
          "Groups": true
        }
      ],
      "Children": [
        {
          "Good for kids": true
        }
      ]
    },
    "gasPrices": [],
    "url": "https://www.google.com/maps/search/?api=1&query=Duwakot&query_place_id=ChIJz4d3KQAb6zkRidkzBf_mg6w",
    "searchPageUrl": "https://www.google.com/maps/search/restaurant/@27.680106502310814,85.39674438680153,17z?hl=en",
    "searchString": "restaurant",
    "language": "en",
    "rank": 61,
    "isAdvertisement": false,
    "imageUrl": "https://streetviewpixels-pa.googleapis.com/v1/thumbnail?panoid=rIWVO0mnoG-a_ivlfc6O2g&cb_client=search.gws-prod.gps&w=408&h=240&yaw=6.135653&pitch=0&thumbfov=100",
    "kgmid": "/g/11lyspdldv"
  },
  {
    "title": "Thakali Station",
    "price": null,
    "categoryName": "Asian restaurant",
    "address": "Jagati-KamalBinayak Rd, Bhaktapur 44800, Nepal",
    "neighborhood": null,
    "street": "Jagati-KamalBinayak Rd",
    "city": "Bhaktapur",
    "postalCode": "44800",
    "state": null,
    "countryCode": "NP",
    "phone": "+977 985-1356364",
    "phoneUnformatted": "+9779851356364",
    "claimThisBusiness": false,
    "location": {
      "lat": 27.6783117,
      "lng": 85.4407716
    },
    "totalScore": 3.6,
    "permanentlyClosed": false,
    "temporarilyClosed": false,
    "placeId": "ChIJKfQQGAYF6zkRqGOVHC0Agjc",
    "categories": [
      "Asian restaurant"
    ],
    "fid": "0x39eb05061810f429:0x3782002d1c9563a8",
    "cid": "3999759612811502504",
    "reviewsCount": 99,
    "reviewsDistribution": {
      "oneStar": 15,
      "twoStar": 9,
      "threeStar": 13,
      "fourStar": 23,
      "fiveStar": 39
    },
    "imagesCount": 81,
    "imageCategories": [],
    "scrapedAt": "2025-11-14T09:53:00.204Z",
    "googleFoodUrl": null,
    "hotelAds": [],
    "openingHours": [
      {
        "day": "Monday",
        "hours": "9 AM to 9:30 PM"
      },
      {
        "day": "Tuesday",
        "hours": "9 AM to 9:30 PM"
      },
      {
        "day": "Wednesday",
        "hours": "9 AM to 9:30 PM"
      },
      {
        "day": "Thursday",
        "hours": "9 AM to 9:30 PM"
      },
      {
        "day": "Friday",
        "hours": "9 AM to 9:30 PM"
      },
      {
        "day": "Saturday",
        "hours": "9 AM to 9:30 PM"
      },
      {
        "day": "Sunday",
        "hours": "9 AM to 9:30 PM"
      }
    ],
    "additionalOpeningHours": {
      "Delivery": [
        {
          "day": "Monday",
          "hours": "9 AM–5 PM"
        },
        {
          "day": "Tuesday",
          "hours": "9 AM–5 PM"
        },
        {
          "day": "Wednesday",
          "hours": "9 AM–5 PM"
        },
        {
          "day": "Thursday",
          "hours": "9 AM–5 PM"
        },
        {
          "day": "Friday",
          "hours": "9 AM–5 PM"
        },
        {
          "day": "Saturday",
          "hours": "9 AM–5 PM"
        },
        {
          "day": "Sunday",
          "hours": "9 AM–5 PM"
        }
      ],
      "Kitchen": [
        {
          "day": "Monday",
          "hours": "9 AM–9 PM"
        },
        {
          "day": "Tuesday",
          "hours": "9 AM–9 PM"
        },
        {
          "day": "Wednesday",
          "hours": "9 AM–9 PM"
        },
        {
          "day": "Thursday",
          "hours": "9 AM–9 PM"
        },
        {
          "day": "Friday",
          "hours": "9 AM–9 PM"
        },
        {
          "day": "Saturday",
          "hours": "9 AM–9 PM"
        },
        {
          "day": "Sunday",
          "hours": "9 AM–9 PM"
        }
      ]
    },
    "peopleAlsoSearch": [],
    "placesTags": [],
    "reviewsTags": [],
    "additionalInfo": {
      "Service options": [
        {
          "Delivery": true
        },
        {
          "Takeout": true
        },
        {
          "Dine-in": true
        }
      ],
      "Highlights": [
        {
          "Great beer selection": true
        },
        {
          "Great dessert": true
        },
        {
          "Great tea selection": true
        }
      ],
      "Popular for": [
        {
          "Lunch": true
        },
        {
          "Dinner": true
        },
        {
          "Solo dining": true
        }
      ],
      "Accessibility": [
        {
          "Wheelchair accessible seating": false
        }
      ],
      "Offerings": [
        {
          "Alcohol": true
        },
        {
          "All you can eat": true
        },
        {
          "Beer": true
        },
        {
          "Coffee": true
        },
        {
          "Hard liquor": true
        },
        {
          "Private dining room": true
        },
        {
          "Quick bite": true
        },
        {
          "Small plates": true
        },
        {
          "Wine": true
        }
      ],
      "Dining options": [
        {
          "Breakfast": true
        },
        {
          "Lunch": true
        },
        {
          "Dinner": true
        },
        {
          "Dessert": true
        },
        {
          "Table service": true
        }
      ],
      "Amenities": [
        {
          "Bar onsite": true
        },
        {
          "Restroom": true
        }
      ],
      "Atmosphere": [
        {
          "Casual": true
        },
        {
          "Cozy": true
        },
        {
          "Quiet": true
        },
        {
          "Trendy": true
        },
        {
          "Upscale": true
        }
      ],
      "Crowd": [
        {
          "Groups": true
        },
        {
          "Tourists": true
        }
      ],
      "Planning": [
        {
          "Dinner reservations recommended": true
        },
        {
          "Accepts reservations": true
        }
      ],
      "Payments": [
        {
          "Credit cards": true
        },
        {
          "NFC mobile payments": true
        }
      ],
      "Children": [
        {
          "Good for kids": true
        },
        {
          "Good for kids birthday": true
        }
      ],
      "Parking": [
        {
          "Free parking lot": true
        },
        {
          "Free street parking": true
        }
      ]
    },
    "gasPrices": [],
    "url": "https://www.google.com/maps/search/?api=1&query=Thakali%20Station&query_place_id=ChIJKfQQGAYF6zkRqGOVHC0Agjc",
    "searchPageUrl": "https://www.google.com/maps/search/breakfast%20restaurant/@27.680106502310814,85.43967040879893,17z?hl=en",
    "searchString": "breakfast restaurant",
    "language": "en",
    "rank": 25,
    "isAdvertisement": false,
    "imageUrl": "https://lh3.googleusercontent.com/gps-cs-s/AG0ilSw2pz83tbNxMB917vbuK4aaZLrJWAS7FUUDcQv_T5ni5Wn5UsM79tGJMe6itBeK5TMD-MaEYJ9kIhw179D95xjL5Ep7AVvgYEkW9hbJmV2Cxf8sKCpm_CLhT76Hufg-wcFzyjbT=w426-h240-k-no",
    "kgmid": "/g/11q8whbwdl"
  },
  {
    "title": "Sindhupalchok Khaja Ghar , Gattaghar",
    "price": null,
    "categoryName": "Asian restaurant",
    "address": "44600, Madhyapur Thimi 44600, Nepal",
    "neighborhood": "Gatthaghar",
    "street": "44600",
    "city": "Madhyapur Thimi",
    "postalCode": "44600",
    "state": null,
    "countryCode": "NP",
    "phone": "+977 974-2456613",
    "phoneUnformatted": "+9779742456613",
    "claimThisBusiness": true,
    "location": {
      "lat": 27.6750336,
      "lng": 85.372717
    },
    "totalScore": 5,
    "permanentlyClosed": false,
    "temporarilyClosed": false,
    "placeId": "ChIJx8EEVgAb6zkRivyP09GbfYk",
    "categories": [
      "Asian restaurant"
    ],
    "fid": "0x39eb1b005604c1c7:0x897d9bd1d38ffc8a",
    "cid": "9907246080784858250",
    "reviewsCount": 1,
    "reviewsDistribution": {
      "oneStar": 0,
      "twoStar": 0,
      "threeStar": 0,
      "fourStar": 0,
      "fiveStar": 1
    },
    "imagesCount": 6,
    "imageCategories": [],
    "scrapedAt": "2025-11-14T09:53:11.205Z",
    "googleFoodUrl": null,
    "hotelAds": [],
    "openingHours": [
      {
        "day": "Monday",
        "hours": "5:30 AM to 9 PM"
      },
      {
        "day": "Tuesday",
        "hours": "5:30 AM to 9 PM"
      },
      {
        "day": "Wednesday",
        "hours": "5:30 AM to 9 PM"
      },
      {
        "day": "Thursday",
        "hours": "5:30 AM to 9 PM"
      },
      {
        "day": "Friday",
        "hours": "5:30 AM to 9 PM"
      },
      {
        "day": "Saturday",
        "hours": "5:30 AM to 9 PM"
      },
      {
        "day": "Sunday",
        "hours": "5:30 AM to 9 PM"
      }
    ],
    "peopleAlsoSearch": [],
    "placesTags": [],
    "reviewsTags": [],
    "gasPrices": [],
    "url": "https://www.google.com/maps/search/?api=1&query=Sindhupalchok%20Khaja%20Ghar%20%2C%20Gattaghar&query_place_id=ChIJx8EEVgAb6zkRivyP09GbfYk",
    "searchPageUrl": "https://www.google.com/maps/search/restaurant/@27.672500000000003,85.37098877360309,17z?hl=en",
    "searchString": "restaurant",
    "language": "en",
    "rank": 24,
    "isAdvertisement": false,
    "imageUrl": "https://lh3.googleusercontent.com/gps-cs-s/AG0ilSzdkYVAQ0DAjhCa-OzcKgDR4XVivFG9HMRrD1UiYNF9PC4Srdn0HjeXYvn85h7WAml8_olshjP2n_A3lOCxjaSUqhWf70KpLVUktYYccboyU5NSMxR1cjHlKJYakhvBaysx0lPaSR-Fz6NJ=w408-h541-k-no",
    "kgmid": "/g/11yn1h8md1"
  },
  {
    "title": "Quality Laundry & Sekuwa Hub",
    "price": null,
    "categoryName": "Asian restaurant",
    "address": "M9F8+WHV, Madhyapur Thimi 44600, Nepal",
    "neighborhood": "Kausaltar",
    "street": "M9F8+WHV",
    "city": "Madhyapur Thimi",
    "postalCode": "44600",
    "state": null,
    "countryCode": "NP",
    "phone": "+977 970-5776555",
    "phoneUnformatted": "+9779705776555",
    "claimThisBusiness": true,
    "location": {
      "lat": 27.6748397,
      "lng": 85.3664068
    },
    "totalScore": 3.7,
    "permanentlyClosed": false,
    "temporarilyClosed": false,
    "placeId": "ChIJa-mbRQAb6zkRFHN-emf_G0M",
    "categories": [
      "Asian restaurant"
    ],
    "fid": "0x39eb1b00459be96b:0x431bff677a7e7314",
    "cid": "4835739444814181140",
    "reviewsCount": 3,
    "reviewsDistribution": {
      "oneStar": 1,
      "twoStar": 0,
      "threeStar": 0,
      "fourStar": 0,
      "fiveStar": 2
    },
    "imagesCount": 49,
    "imageCategories": [],
    "scrapedAt": "2025-11-14T09:53:12.806Z",
    "googleFoodUrl": null,
    "hotelAds": [],
    "openingHours": [
      {
        "day": "Monday",
        "hours": "6 AM to 11 PM"
      },
      {
        "day": "Tuesday",
        "hours": "6 AM to 11 PM"
      },
      {
        "day": "Wednesday",
        "hours": "6 AM to 11 PM"
      },
      {
        "day": "Thursday",
        "hours": "6 AM to 11 PM"
      },
      {
        "day": "Friday",
        "hours": "6 AM to 11 PM"
      },
      {
        "day": "Saturday",
        "hours": "6 AM to 11 PM"
      },
      {
        "day": "Sunday",
        "hours": "6 AM to 11 PM"
      }
    ],
    "peopleAlsoSearch": [],
    "placesTags": [],
    "reviewsTags": [],
    "additionalInfo": {
      "Service options": [
        {
          "Dine-in": true
        }
      ],
      "Popular for": [
        {
          "Lunch": true
        },
        {
          "Dinner": true
        },
        {
          "Solo dining": true
        }
      ],
      "Offerings": [
        {
          "Quick bite": true
        },
        {
          "Small plates": true
        }
      ],
      "Dining options": [
        {
          "Lunch": true
        },
        {
          "Dinner": true
        },
        {
          "Table service": true
        }
      ],
      "Amenities": [
        {
          "Restroom": true
        }
      ],
      "Atmosphere": [
        {
          "Casual": true
        }
      ],
      "Crowd": [
        {
          "Groups": true
        }
      ],
      "Payments": [
        {
          "NFC mobile payments": true
        }
      ],
      "Children": [
        {
          "Good for kids": true
        }
      ]
    },
    "gasPrices": [],
    "url": "https://www.google.com/maps/search/?api=1&query=Quality%20Laundry%20%26%20Sekuwa%20Hub&query_place_id=ChIJa-mbRQAb6zkRFHN-emf_G0M",
    "searchPageUrl": "https://www.google.com/maps/search/restaurant/@27.672500000000003,85.37098877360309,17z?hl=en",
    "searchString": "restaurant",
    "language": "en",
    "rank": 74,
    "isAdvertisement": false,
    "imageUrl": "https://lh3.googleusercontent.com/gps-cs-s/AG0ilSwoWsZUM44xDDXDeczQUiYe5y8ie5GyXUJ-saRnF5Go_A53pimEfqNG7YVMqzUayYfTYJUoKIryhtWi8WuSbeXqvuTOuZC6YwHkshnO5vCAgModjwMwQ8-XwQUIYX8bfZWkcRp01g=w408-h306-k-no",
    "kgmid": "/g/11y7gdvzbh"
  },
  {
    "title": "Agleshwori Laxmi Vojanalays and Khaja Ghar",
    "price": null,
    "categoryName": "Asian restaurant",
    "address": "M9FC+GR2, Araniko Highway, Madhyapur Thimi 44800, Nepal",
    "neighborhood": "Gatthaghar",
    "street": "M9FC+GR2, Araniko Highway",
    "city": "Madhyapur Thimi",
    "postalCode": "44800",
    "state": null,
    "countryCode": "NP",
    "claimThisBusiness": true,
    "location": {
      "lat": 27.6737968,
      "lng": 85.3720042
    },
    "permanentlyClosed": false,
    "temporarilyClosed": false,
    "placeId": "ChIJw0AePAAb6zkRk7Ge5Fcnbhc",
    "categories": [
      "Asian restaurant"
    ],
    "fid": "0x39eb1b003c1e40c3:0x176e2757e49eb193",
    "cid": "1688330168761758099",
    "reviewsCount": 0,
    "imagesCount": 1,
    "imageCategories": [],
    "scrapedAt": "2025-11-14T09:53:13.455Z",
    "googleFoodUrl": null,
    "hotelAds": [],
    "openingHours": [],
    "peopleAlsoSearch": [],
    "placesTags": [],
    "reviewsTags": [],
    "gasPrices": [],
    "url": "https://www.google.com/maps/search/?api=1&query=Agleshwori%20Laxmi%20Vojanalays%20and%20Khaja%20Ghar&query_place_id=ChIJw0AePAAb6zkRk7Ge5Fcnbhc",
    "searchPageUrl": "https://www.google.com/maps/search/restaurant/@27.672500000000003,85.37098877360309,17z?hl=en",
    "searchString": "restaurant",
    "language": "en",
    "rank": 87,
    "isAdvertisement": false,
    "imageUrl": "https://streetviewpixels-pa.googleapis.com/v1/thumbnail?panoid=bp9i0pPTvopb707FUbNK_A&cb_client=search.gws-prod.gps&w=408&h=240&yaw=244.91908&pitch=0&thumbfov=100",
    "kgmid": "/g/11xg76ycwk"
  },
  {
    "title": "Purushottam Newa Khaja Ghar Restro",
    "price": null,
    "categoryName": "Asian restaurant",
    "address": "Nagarkot Rd, Bhaktapur 44800, Nepal",
    "neighborhood": null,
    "street": "Nagarkot Rd",
    "city": "Bhaktapur",
    "postalCode": "44800",
    "state": null,
    "countryCode": "NP",
    "phone": "+977 984-1214224",
    "phoneUnformatted": "+9779841214224",
    "claimThisBusiness": false,
    "location": {
      "lat": 27.6788682,
      "lng": 85.4413761
    },
    "totalScore": 4,
    "permanentlyClosed": false,
    "temporarilyClosed": false,
    "placeId": "ChIJcZo1FUwF6zkR2nNw7Ze-3BM",
    "categories": [
      "Asian restaurant"
    ],
    "fid": "0x39eb054c15359a71:0x13dcbe97ed7073da",
    "cid": "1431228341329884122",
    "reviewsCount": 108,
    "imagesCount": 89,
    "imageCategories": [],
    "scrapedAt": "2025-11-14T09:53:13.656Z",
    "googleFoodUrl": null,
    "hotelAds": [],
    "openingHours": [
      {
        "day": "Monday",
        "hours": "9 AM to 8 PM"
      },
      {
        "day": "Tuesday",
        "hours": "9 AM to 8 PM"
      },
      {
        "day": "Wednesday",
        "hours": "9 AM to 8 PM"
      },
      {
        "day": "Thursday",
        "hours": "9 AM to 8 PM"
      },
      {
        "day": "Friday",
        "hours": "9 AM to 8 PM"
      },
      {
        "day": "Saturday",
        "hours": "9 AM to 8 PM"
      },
      {
        "day": "Sunday",
        "hours": "9 AM to 8 PM"
      }
    ],
    "peopleAlsoSearch": [],
    "placesTags": [],
    "reviewsTags": [],
    "additionalInfo": {
      "Service options": [
        {
          "Takeout": true
        },
        {
          "Dine-in": true
        },
        {
          "Delivery": false
        }
      ],
      "Highlights": [
        {
          "Great beer selection": true
        },
        {
          "Great wine list": true
        }
      ],
      "Popular for": [
        {
          "Lunch": true
        },
        {
          "Solo dining": true
        }
      ],
      "Accessibility": [
        {
          "Wheelchair accessible seating": false
        }
      ],
      "Offerings": [
        {
          "Alcohol": true
        },
        {
          "Beer": true
        },
        {
          "Cocktails": true
        },
        {
          "Hard liquor": true
        },
        {
          "Quick bite": true
        },
        {
          "Small plates": true
        },
        {
          "Vegan options": true
        },
        {
          "Vegetarian options": true
        },
        {
          "Wine": true
        }
      ],
      "Dining options": [
        {
          "Brunch": true
        },
        {
          "Lunch": true
        },
        {
          "Catering": true
        },
        {
          "Counter service": true
        },
        {
          "Seating": true
        },
        {
          "Table service": true
        }
      ],
      "Amenities": [
        {
          "Bar onsite": true
        },
        {
          "Restroom": true
        },
        {
          "Wi-Fi": true
        },
        {
          "Free Wi-Fi": true
        }
      ],
      "Atmosphere": [
        {
          "Casual": true
        },
        {
          "Trendy": true
        }
      ],
      "Crowd": [
        {
          "College students": true
        },
        {
          "Family-friendly": true
        },
        {
          "Groups": true
        }
      ],
      "Planning": [
        {
          "Accepts reservations": true
        }
      ],
      "Payments": [
        {
          "Credit cards": true
        },
        {
          "Debit cards": true
        },
        {
          "Credit cards": true
        }
      ],
      "Children": [
        {
          "Good for kids": true
        },
        {
          "Has changing table(s)": true
        },
        {
          "High chairs": true
        }
      ],
      "Parking": [
        {
          "Free street parking": true
        },
        {
          "Paid parking lot": true
        }
      ]
    },
    "gasPrices": [],
    "url": "https://www.google.com/maps/search/?api=1&query=Purushottam%20Newa%20Khaja%20Ghar%20Restro&query_place_id=ChIJcZo1FUwF6zkR2nNw7Ze-3BM",
    "searchPageUrl": "https://www.google.com/maps/search/restaurant/@27.680106502310814,85.43967040879893,17z?hl=en",
    "searchString": "restaurant",
    "language": "en",
    "rank": 9,
    "isAdvertisement": false,
    "imageUrl": "https://lh3.googleusercontent.com/gps-cs-s/AG0ilSwSQzD53K5jsMksnUYvJQlt-3FD9ayM_rqSbP2P1nSNMXH5_KNTKzamK6Tsd_SC_QJ9vKNWo3QDQGcH5OqPPHqjIKDkUqEw-d4-Qk6DgxhZAQlQeRjuRH1cVLvzptZ_3dCqnFo-NMGXpNml=w408-h408-k-no",
    "kgmid": "/g/11bc8d6ckn"
  },
  {
    "title": "Sandar Momo (Balkot Branch)",
    "price": null,
    "categoryName": "Asian restaurant",
    "address": "M988+4V9, Anantalingeshwar 44600, Nepal",
    "neighborhood": "Balkot",
    "street": "M988+4V9",
    "city": "Anantalingeshwar",
    "postalCode": "44600",
    "state": null,
    "countryCode": "NP",
    "claimThisBusiness": true,
    "location": {
      "lat": 27.6652922,
      "lng": 85.3672327
    },
    "permanentlyClosed": false,
    "temporarilyClosed": false,
    "placeId": "ChIJR4htAwAb6zkR1HiFLbfwBuM",
    "categories": [
      "Asian restaurant"
    ],
    "fid": "0x39eb1b00036d8847:0xe306f0b72d8578d4",
    "cid": "16359027366003308756",
    "reviewsCount": 0,
    "imagesCount": 1,
    "imageCategories": [],
    "scrapedAt": "2025-11-14T09:53:24.692Z",
    "googleFoodUrl": null,
    "hotelAds": [],
    "openingHours": [],
    "peopleAlsoSearch": [],
    "placesTags": [],
    "reviewsTags": [],
    "additionalInfo": {
      "Service options": [
        {
          "Takeout": true
        },
        {
          "Dine-in": true
        }
      ],
      "Popular for": [
        {
          "Solo dining": true
        }
      ],
      "Offerings": [
        {
          "Quick bite": true
        },
        {
          "Small plates": true
        }
      ],
      "Atmosphere": [
        {
          "Casual": true
        }
      ],
      "Crowd": [
        {
          "Groups": true
        }
      ],
      "Payments": [
        {
          "NFC mobile payments": true
        }
      ],
      "Children": [
        {
          "Good for kids": true
        }
      ]
    },
    "gasPrices": [],
    "url": "https://www.google.com/maps/search/?api=1&query=Sandar%20Momo%20(Balkot%20Branch)&query_place_id=ChIJR4htAwAb6zkR1HiFLbfwBuM",
    "searchPageUrl": "https://www.google.com/maps/search/non%20vegetarian%20restaurant/@27.664893497689192,85.37098877360309,17z?hl=en",
    "searchString": "non vegetarian restaurant",
    "language": "en",
    "rank": 16,
    "isAdvertisement": false,
    "imageUrl": "https://streetviewpixels-pa.googleapis.com/v1/thumbnail?panoid=G6Ixhh1ZaQy_e1G6ovq_cQ&cb_client=search.gws-prod.gps&w=408&h=240&yaw=341.87897&pitch=0&thumbfov=100",
    "kgmid": "/g/11y3m__ftp"
  },
  {
    "title": "pramod ko pasal",
    "price": null,
    "categoryName": "Asian restaurant",
    "address": "M9JP+8MW, Tahanani Road, Madhyapur Thimi 44800, Nepal",
    "neighborhood": null,
    "street": "M9JP+8MW, Tahanani Road",
    "city": "Madhyapur Thimi",
    "postalCode": "44800",
    "state": null,
    "countryCode": "NP",
    "claimThisBusiness": true,
    "location": {
      "lat": 27.6808886,
      "lng": 85.3867524
    },
    "permanentlyClosed": false,
    "temporarilyClosed": false,
    "placeId": "ChIJbcscKs4b6zkR5am-2DpsYi8",
    "categories": [
      "Asian restaurant"
    ],
    "fid": "0x39eb1bce2a1ccb6d:0x2f626c3ad8bea9e5",
    "cid": "3414410467500534245",
    "reviewsCount": 0,
    "imagesCount": null,
    "imageCategories": [],
    "scrapedAt": "2025-11-14T09:54:16.253Z",
    "googleFoodUrl": null,
    "hotelAds": [],
    "openingHours": [],
    "peopleAlsoSearch": [],
    "placesTags": [],
    "reviewsTags": [],
    "additionalInfo": {
      "Service options": [
        {
          "Takeout": true
        },
        {
          "Dine-in": true
        }
      ],
      "Offerings": [
        {
          "Small plates": true
        }
      ],
      "Dining options": [
        {
          "Lunch": true
        }
      ],
      "Atmosphere": [
        {
          "Casual": true
        }
      ],
      "Crowd": [
        {
          "Groups": true
        }
      ],
      "Children": [
        {
          "Good for kids": true
        }
      ]
    },
    "gasPrices": [],
    "url": "https://www.google.com/maps/search/?api=1&query=pramod%20ko%20pasal&query_place_id=ChIJbcscKs4b6zkR5am-2DpsYi8",
    "searchPageUrl": "https://www.google.com/maps/search/non%20vegetarian%20restaurant/@27.680106502310814,85.38815918240205,17z?hl=en",
    "searchString": "non vegetarian restaurant",
    "language": "en",
    "rank": 60,
    "isAdvertisement": false,
    "kgmid": "/g/11tc8lrp64"
  },
  {
    "title": "The Atlantic Seafood Restaurant & Bar",
    "price": null,
    "categoryName": "Asian restaurant",
    "address": "M9GX+966, Unnamed Road, Madhyapur Thimi, Nepal",
    "neighborhood": null,
    "street": "M9GX+966, Unnamed Road",
    "city": "Madhyapur Thimi",
    "postalCode": null,
    "state": null,
    "countryCode": "NP",
    "website": "https://www.facebook.com/DAtlantic/",
    "phone": "+977 982-3591863",
    "phoneUnformatted": "+9779823591863",
    "claimThisBusiness": true,
    "location": {
      "lat": 27.6759092,
      "lng": 85.3980128
    },
    "totalScore": 3.8,
    "permanentlyClosed": false,
    "temporarilyClosed": false,
    "placeId": "ChIJjcKDWqYb6zkRuZYg4su6DPY",
    "categories": [
      "Asian restaurant"
    ],
    "fid": "0x39eb1ba65a83c28d:0xf60cbacbe22096b9",
    "cid": "17729751217885714105",
    "reviewsCount": 99,
    "reviewsDistribution": {
      "oneStar": 9,
      "twoStar": 8,
      "threeStar": 14,
      "fourStar": 33,
      "fiveStar": 35
    },
    "imagesCount": 242,
    "imageCategories": [],
    "scrapedAt": "2025-11-14T09:54:28.002Z",
    "googleFoodUrl": null,
    "hotelAds": [],
    "openingHours": [
      {
        "day": "Monday",
        "hours": "10 AM to 12 AM"
      },
      {
        "day": "Tuesday",
        "hours": "10 AM to 12 AM"
      },
      {
        "day": "Wednesday",
        "hours": "10 AM to 12 AM"
      },
      {
        "day": "Thursday",
        "hours": "10 AM to 12 AM"
      },
      {
        "day": "Friday",
        "hours": "10 AM to 12 AM"
      },
      {
        "day": "Saturday",
        "hours": "10 AM to 12 AM"
      },
      {
        "day": "Sunday",
        "hours": "10 AM to 12 AM"
      }
    ],
    "peopleAlsoSearch": [],
    "placesTags": [],
    "reviewsTags": [],
    "additionalInfo": {
      "Service options": [
        {
          "Outdoor seating": true
        },
        {
          "Takeout": true
        },
        {
          "Dine-in": true
        }
      ],
      "Highlights": [
        {
          "Great beer selection": true
        },
        {
          "Great cocktails": true
        },
        {
          "Great coffee": true
        }
      ],
      "Popular for": [
        {
          "Lunch": true
        },
        {
          "Dinner": true
        },
        {
          "Solo dining": true
        }
      ],
      "Accessibility": [
        {
          "Wheelchair accessible seating": false
        }
      ],
      "Offerings": [
        {
          "Alcohol": true
        },
        {
          "Beer": true
        },
        {
          "Cocktails": true
        },
        {
          "Coffee": true
        },
        {
          "Hard liquor": true
        },
        {
          "Quick bite": true
        },
        {
          "Small plates": true
        },
        {
          "Wine": true
        }
      ],
      "Dining options": [
        {
          "Lunch": true
        },
        {
          "Dinner": true
        },
        {
          "Dessert": true
        },
        {
          "Seating": true
        },
        {
          "Table service": true
        }
      ],
      "Amenities": [
        {
          "Bar onsite": true
        },
        {
          "Restroom": true
        }
      ],
      "Atmosphere": [
        {
          "Casual": true
        },
        {
          "Cozy": true
        },
        {
          "Trendy": true
        }
      ],
      "Crowd": [
        {
          "Groups": true
        },
        {
          "Tourists": true
        }
      ],
      "Planning": [
        {
          "Accepts reservations": true
        }
      ],
      "Payments": [
        {
          "Credit cards": true
        },
        {
          "NFC mobile payments": true
        }
      ],
      "Children": [
        {
          "Good for kids": true
        }
      ],
      "Parking": [
        {
          "Free parking lot": true
        },
        {
          "Usually plenty of parking": true
        }
      ]
    },
    "gasPrices": [],
    "url": "https://www.google.com/maps/search/?api=1&query=The%20Atlantic%20Seafood%20Restaurant%20%26%20Bar&query_place_id=ChIJjcKDWqYb6zkRuZYg4su6DPY",
    "searchPageUrl": "https://www.google.com/maps/search/non%20vegetarian%20restaurant/@27.672500000000003,85.40532959120101,17z?hl=en",
    "searchString": "non vegetarian restaurant",
    "language": "en",
    "rank": 40,
    "isAdvertisement": false,
    "imageUrl": "https://lh3.googleusercontent.com/gps-cs-s/AG0ilSxtjIhsWBpeu8DqFaYJ1KOU7kJfCResGvGC1dD0iR3RWRtb_mc0-LoAz2fwmZg6eM5lwUgd2BaXdFsBBpNe9eNEaCVu-GeR7Bhtyvf8nQJs7Fxb7MG-zF5EwShhq-Aqubhat0N0BA=w426-h240-k-no",
    "kgmid": "/g/11rxp1bd5q"
  },
  {
    "title": "AYUSH GHASA CHHE",
    "price": null,
    "categoryName": "Asian restaurant",
    "address": "101 Araniko Highway, Bhaktapur 44800, Nepal",
    "neighborhood": "Sipadol",
    "street": "101 Araniko Highway",
    "city": "Bhaktapur",
    "postalCode": "44800",
    "state": null,
    "countryCode": "NP",
    "claimThisBusiness": false,
    "location": {
      "lat": 27.6652493,
      "lng": 85.4270454
    },
    "permanentlyClosed": false,
    "temporarilyClosed": false,
    "placeId": "ChIJ9xUUaecb6zkROm0S5Lrl1FM",
    "categories": [
      "Asian restaurant",
      "Food court"
    ],
    "fid": "0x39eb1be7691415f7:0x53d4e5bae4126d3a",
    "cid": "6040705591063768378",
    "reviewsCount": 0,
    "imagesCount": 7,
    "imageCategories": [],
    "scrapedAt": "2025-11-14T09:55:10.038Z",
    "googleFoodUrl": null,
    "hotelAds": [],
    "openingHours": [
      {
        "day": "Monday",
        "hours": "6 AM to 9:30 PM"
      },
      {
        "day": "Tuesday",
        "hours": "6 AM to 9:30 PM"
      },
      {
        "day": "Wednesday",
        "hours": "6 AM to 9:30 PM"
      },
      {
        "day": "Thursday",
        "hours": "6 AM to 9:30 PM"
      },
      {
        "day": "Friday",
        "hours": "6 AM to 9:30 PM"
      },
      {
        "day": "Saturday",
        "hours": "6 AM to 9:30 PM"
      },
      {
        "day": "Sunday",
        "hours": "6 AM to 9:30 PM"
      }
    ],
    "peopleAlsoSearch": [],
    "placesTags": [],
    "reviewsTags": [],
    "additionalInfo": {
      "From the business": [
        {
          "Identifies as women-owned": true
        }
      ],
      "Service options": [
        {
          "Delivery": true
        },
        {
          "Takeout": true
        },
        {
          "Dine-in": true
        }
      ],
      "Popular for": [
        {
          "Solo dining": true
        }
      ],
      "Offerings": [
        {
          "Quick bite": true
        },
        {
          "Small plates": true
        }
      ],
      "Dining options": [
        {
          "Breakfast": true
        },
        {
          "Lunch": true
        },
        {
          "Dinner": true
        },
        {
          "Table service": true
        }
      ],
      "Amenities": [
        {
          "Restroom": true
        }
      ],
      "Atmosphere": [
        {
          "Casual": true
        }
      ],
      "Crowd": [
        {
          "Groups": true
        }
      ],
      "Children": [
        {
          "Good for kids": true
        }
      ],
      "Parking": [
        {
          "Free street parking": true
        }
      ]
    },
    "gasPrices": [],
    "url": "https://www.google.com/maps/search/?api=1&query=AYUSH%20GHASA%20CHHE&query_place_id=ChIJ9xUUaecb6zkROm0S5Lrl1FM",
    "searchPageUrl": "https://www.google.com/maps/search/restaurant/@27.664893497689192,85.42249999999997,17z?hl=en",
    "searchString": "restaurant",
    "language": "en",
    "rank": 56,
    "isAdvertisement": false,
    "imageUrl": "https://lh3.googleusercontent.com/gps-cs-s/AG0ilSxFD_NHQ6UvAzcN5ot55fLs-Fz9R_AoqxoMRLmaSJckc0gwXvxSmw9d5p50vtm1dzntaPUX8VURqfWarE3YN1uZ_QnU-jU2AF2-BRDNXdZnvfxXyjGEf7Fq_PGiuWaCPwdWpewDWYz2VI4=w426-h240-k-no",
    "kgmid": "/g/11t0snnlp1"
  },
  {
    "title": "Dreamland Kitchen Restaurant",
    "price": null,
    "categoryName": "Asian restaurant",
    "address": "MC9G+36Q, Bhaktapur 44800, Nepal",
    "neighborhood": null,
    "street": "MC9G+36Q",
    "city": "Bhaktapur",
    "postalCode": "44800",
    "state": null,
    "countryCode": "NP",
    "phone": "+977 986-0687640",
    "phoneUnformatted": "+9779860687640",
    "claimThisBusiness": true,
    "location": {
      "lat": 27.6677053,
      "lng": 85.4255981
    },
    "totalScore": 5,
    "permanentlyClosed": false,
    "temporarilyClosed": false,
    "placeId": "ChIJBbGqMwAb6zkREsUdPrg8XNc",
    "categories": [
      "Asian restaurant"
    ],
    "fid": "0x39eb1b0033aab105:0xd75c3cb83e1dc512",
    "cid": "15518345178025674002",
    "reviewsCount": 2,
    "imagesCount": 4,
    "imageCategories": [],
    "scrapedAt": "2025-11-11T10:08:08.098Z",
    "googleFoodUrl": null,
    "hotelAds": [],
    "openingHours": [],
    "peopleAlsoSearch": [],
    "placesTags": [],
    "reviewsTags": [],
    "additionalInfo": {
      "Service options": [
        {
          "Dine-in": true
        }
      ],
      "Popular for": [
        {
          "Solo dining": true
        }
      ],
      "Offerings": [
        {
          "Alcohol": true
        },
        {
          "Beer": true
        },
        {
          "Quick bite": true
        },
        {
          "Small plates": true
        }
      ],
      "Dining options": [
        {
          "Lunch": true
        },
        {
          "Table service": true
        }
      ],
      "Amenities": [
        {
          "Bar onsite": true
        },
        {
          "Restroom": true
        }
      ],
      "Atmosphere": [
        {
          "Casual": true
        }
      ],
      "Crowd": [
        {
          "Groups": true
        }
      ],
      "Children": [
        {
          "Good for kids": true
        }
      ]
    },
    "gasPrices": [],
    "url": "https://www.google.com/maps/search/?api=1&query=Dreamland%20Kitchen%20Restaurant&query_place_id=ChIJBbGqMwAb6zkREsUdPrg8XNc",
    "searchPageUrl": "https://www.google.com/maps/search/restaurant/@27.640686196818166,85.39182508831537,14z?hl=en",
    "searchString": "restaurant",
    "language": "en",
    "rank": 18,
    "isAdvertisement": false,
    "imageUrl": "https://lh3.googleusercontent.com/gps-cs-s/AG0ilSxDs3ga94qZIjZx_JPexyq3hGkMYYgIK9EdNzPa2bIIPlotfCnzw2DmMukiurPZu6JaJStcIoqkyHsGx-darc3wdX46796nsaYHJ2NyPJKSXrdeKszadoE_W2ReQ-nqTbDqy-x1rFCkJBQ1=w408-h725-k-no",
    "kgmid": "/g/11ybnjfs1d"
  },
  {
    "title": "Delhi Alkarim Biryani and Fast Food",
    "price": null,
    "categoryName": "Asian restaurant",
    "address": "MC9H+F5W, Durbar Square Road, Bhaktapur 44800, Nepal",
    "neighborhood": null,
    "street": "MC9H+F5W, Durbar Square Road",
    "city": "Bhaktapur",
    "postalCode": "44800",
    "state": null,
    "countryCode": "NP",
    "phone": "+977 976-2636520",
    "phoneUnformatted": "+9779762636520",
    "claimThisBusiness": true,
    "location": {
      "lat": 27.6687485,
      "lng": 85.4279453
    },
    "totalScore": 4.2,
    "permanentlyClosed": false,
    "temporarilyClosed": false,
    "placeId": "ChIJB5x1MgAb6zkRfXnnjGwk7m0",
    "categories": [
      "Asian restaurant"
    ],
    "fid": "0x39eb1b0032759c07:0x6dee246c8ce7797d",
    "cid": "7921308843230329213",
    "reviewsCount": 6,
    "reviewsDistribution": {
      "oneStar": 0,
      "twoStar": 1,
      "threeStar": 1,
      "fourStar": 0,
      "fiveStar": 4
    },
    "imagesCount": 17,
    "imageCategories": [],
    "scrapedAt": "2025-11-11T10:08:14.459Z",
    "googleFoodUrl": null,
    "hotelAds": [],
    "openingHours": [],
    "peopleAlsoSearch": [],
    "placesTags": [],
    "reviewsTags": [],
    "gasPrices": [],
    "url": "https://www.google.com/maps/search/?api=1&query=Delhi%20Alkarim%20Biryani%20and%20Fast%20Food&query_place_id=ChIJB5x1MgAb6zkRfXnnjGwk7m0",
    "searchPageUrl": "https://www.google.com/maps/search/fast%20food/@27.640686196818166,85.39182508831537,14z?hl=en",
    "searchString": "fast food",
    "language": "en",
    "rank": 60,
    "isAdvertisement": false,
    "imageUrl": "https://lh3.googleusercontent.com/gps-cs-s/AG0ilSzyWqWMuCweg7A-qO6TblLqxG7wydGnWjuCnkK-8LreC8hXcHm2UYyhjjbJVVCi2HRhzdAf0_LRUDL3V4ezH3jPT6OKbLF_8bfDf9tU1nZ_9hnfcmPW8zLGF21V8otT9zojtwTKw1TJel4=w408-h544-k-no",
    "kgmid": "/g/11ycft79mv"
  },
  {
    "title": "AYUSH GHASA CHHE",
    "price": null,
    "categoryName": "Asian restaurant",
    "address": "101 Araniko Highway, Bhaktapur 44800, Nepal",
    "neighborhood": "Sipadol",
    "street": "101 Araniko Highway",
    "city": "Bhaktapur",
    "postalCode": "44800",
    "state": null,
    "countryCode": "NP",
    "claimThisBusiness": false,
    "location": {
      "lat": 27.6652493,
      "lng": 85.4270454
    },
    "permanentlyClosed": false,
    "temporarilyClosed": false,
    "placeId": "ChIJ9xUUaecb6zkROm0S5Lrl1FM",
    "categories": [
      "Asian restaurant",
      "Food court"
    ],
    "fid": "0x39eb1be7691415f7:0x53d4e5bae4126d3a",
    "cid": "6040705591063768378",
    "reviewsCount": 0,
    "imagesCount": 7,
    "imageCategories": [],
    "scrapedAt": "2025-11-11T10:08:20.472Z",
    "googleFoodUrl": null,
    "hotelAds": [],
    "openingHours": [
      {
        "day": "Monday",
        "hours": "6 AM to 9:30 PM"
      },
      {
        "day": "Tuesday",
        "hours": "6 AM to 9:30 PM"
      },
      {
        "day": "Wednesday",
        "hours": "6 AM to 9:30 PM"
      },
      {
        "day": "Thursday",
        "hours": "6 AM to 9:30 PM"
      },
      {
        "day": "Friday",
        "hours": "6 AM to 9:30 PM"
      },
      {
        "day": "Saturday",
        "hours": "6 AM to 9:30 PM"
      },
      {
        "day": "Sunday",
        "hours": "6 AM to 9:30 PM"
      }
    ],
    "peopleAlsoSearch": [],
    "placesTags": [],
    "reviewsTags": [],
    "additionalInfo": {
      "From the business": [
        {
          "Identifies as women-owned": true
        }
      ],
      "Service options": [
        {
          "Delivery": true
        },
        {
          "Takeout": true
        },
        {
          "Dine-in": true
        }
      ],
      "Popular for": [
        {
          "Solo dining": true
        }
      ],
      "Offerings": [
        {
          "Quick bite": true
        },
        {
          "Small plates": true
        }
      ],
      "Dining options": [
        {
          "Breakfast": true
        },
        {
          "Lunch": true
        },
        {
          "Dinner": true
        },
        {
          "Table service": true
        }
      ],
      "Amenities": [
        {
          "Restroom": true
        }
      ],
      "Atmosphere": [
        {
          "Casual": true
        }
      ],
      "Crowd": [
        {
          "Groups": true
        }
      ],
      "Children": [
        {
          "Good for kids": true
        }
      ],
      "Parking": [
        {
          "Free street parking": true
        }
      ]
    },
    "gasPrices": [],
    "url": "https://www.google.com/maps/search/?api=1&query=AYUSH%20GHASA%20CHHE&query_place_id=ChIJ9xUUaecb6zkROm0S5Lrl1FM",
    "searchPageUrl": "https://www.google.com/maps/search/restaurant/@27.640686196818166,85.46050991168464,14z?hl=en",
    "searchString": "restaurant",
    "language": "en",
    "rank": 81,
    "isAdvertisement": false,
    "imageUrl": "https://lh3.googleusercontent.com/gps-cs-s/AG0ilSzjjWI-K7zCNkR19sZ-7VnNqwl2ioorvhP_iaXScN0TdNUdKRJ6mkPzsOmUg_1KuGiHT2I5ogF_XDefLc56Vs9dDjaFGtm-LPIfSfsJ6_5pd0UwdcZkT_n834nZSQuB8jLffnx6-bKI8xE=w426-h240-k-no",
    "kgmid": "/g/11t0snnlp1"
  }
]