[
  {
    "title": "Ningleku House",
    "price": null,
    "categoryName": "Assamese restaurant",
    "address": "dsad 44800, Nepal",
    "neighborhood": "sdsa",
    "street": null,
    "city": "dsad",
    "postalCode": "44800",
    "state": null,
    "countryCode": "NP",
    "phone": "+977 981-6300769",
    "phoneUnformatted": "+9779816300769",
    "claimThisBusiness": false,
    "location": {
      "lat": 27.6701266,
      "lng": 85.4026572
    },
    "totalScore": 5,
    "permanentlyClosed": false,
    "temporarilyClosed": false,
    "placeId": "ChIJm803iBUb6zkR8yD58s2F5Pc",
    "categories": [
      "Assamese restaurant"
    ],
    "fid": "0x39eb1b158837cd9b:0xf7e485cdf2f920f3",
    "cid": "17862549141649432819",
    "reviewsCount": 1,
    "imagesCount": 2,
    "imageCategories": [],
    "scrapedAt": "2025-11-14T07:38:34.270Z",
    "googleFoodUrl": null,
    "hotelAds": [],
    "openingHours": [
      {
        "day": "Monday",
        "hours": "Closed"
      },
      {
        "day": "Tuesday",
        "hours": "Closed"
      },
      {
        "day": "Wednesday",
        "hours": "Closed"
      },
      {
        "day": "Thursday",
        "hours": "Closed"
      },
      {
        "day": "Friday",
        "hours": "Closed"
      },
      {
        "day": "Saturday",
        "hours": "Closed"
      },
      {
        "day": "Sunday",
        "hours": "Open 24 hours"
      }
    ],
    "peopleAlsoSearch": [],
    "placesTags": [],
    "reviewsTags": [],
    "additionalInfo": {
      "Service options": [
        {
          "Takeout": true
        },
        {
          "Dine-in": true
        }
      ],
      "Popular for": [
        {
          "Solo dining": true
        }
      ],
      "Offerings": [
        {
          "Quick bite": true
        },
        {
          "Small plates": true
        }
      ],
      "Dining options": [
        {
          "Breakfast": true
        },
        {
          "Lunch": true
        },
        {
          "Dinner": true
        },
        {
          "Table service": true
        }
      ],
      "Amenities": [
        {
          "Restroom": true
        }
      ],
      "Atmosphere": [
        {
          "Casual": true
        }
      ],
      "Crowd": [
        {
          "Groups": true
        }
      ],
      "Planning": [
        {
          "Accepts reservations": true
        }
      ],
      "Children": [
        {
          "Good for kids": true
        }
      ]
    },
    "gasPrices": [],
    "url": "https://www.google.com/maps/search/?api=1&query=Ningleku%20House&query_place_id=ChIJm803iBUb6zkR8yD58s2F5Pc",
    "searchPageUrl": "https://www.google.com/maps/search/restaurant/@27.667695459098024,85.40431827301171,17z?hl=en",
    "searchString": "restaurant",
    "language": "en",
    "rank": 13,
    "isAdvertisement": false,
    "imageUrl": "https://streetviewpixels-pa.googleapis.com/v1/thumbnail?panoid=NDOj7KFcJr3-ajDQi4o-1g&cb_client=search.gws-prod.gps&w=408&h=240&yaw=161.66313&pitch=0&thumbfov=100",
    "kgmid": "/g/11txt3ymc3"
  }
]