[
  {
    "title": "Haadi Bistro and Cafe : Radhe Radhe",
    "price": null,
    "categoryName": "Biryani restaurant",
    "address": "Radhe Radhe Rd, Madhyapur Thimi, Nepal",
    "neighborhood": null,
    "street": "Radhe Radhe Rd",
    "city": "Madhyapur Thimi",
    "postalCode": null,
    "state": null,
    "countryCode": "NP",
    "website": "http://www.haadibistro.com.np/",
    "phone": "+977 1-5926222",
    "phoneUnformatted": "+97715926222",
    "claimThisBusiness": false,
    "location": {
      "lat": 27.6759107,
      "lng": 85.3977913
    },
    "totalScore": 4.7,
    "permanentlyClosed": false,
    "temporarilyClosed": false,
    "placeId": "ChIJqytiAgAb6zkRpFM9OCOH-5M",
    "categories": [
      "Biryani restaurant"
    ],
    "fid": "0x39eb1b0002622bab:0x93fb8723383d53a4",
    "cid": "10663265128066929572",
    "reviewsCount": 449,
    "imagesCount": 91,
    "imageCategories": [],
    "scrapedAt": "2025-11-14T09:51:21.691Z",
    "googleFoodUrl": null,
    "hotelAds": [],
    "openingHours": [
      {
        "day": "Monday",
        "hours": "10 AM to 10 PM"
      },
      {
        "day": "Tuesday",
        "hours": "10 AM to 10 PM"
      },
      {
        "day": "Wednesday",
        "hours": "10 AM to 10 PM"
      },
      {
        "day": "Thursday",
        "hours": "10 AM to 10 PM"
      },
      {
        "day": "Friday",
        "hours": "10 AM to 10 PM"
      },
      {
        "day": "Saturday",
        "hours": "10 AM to 10 PM"
      },
      {
        "day": "Sunday",
        "hours": "10 AM to 10 PM"
      }
    ],
    "peopleAlsoSearch": [],
    "placesTags": [],
    "reviewsTags": [],
    "additionalInfo": {
      "Service options": [
        {
          "Delivery": true
        },
        {
          "Drive-through": true
        },
        {
          "Takeout": true
        },
        {
          "Dine-in": true
        }
      ],
      "Parking": [
        {
          "Free parking lot": true
        },
        {
          "Usually plenty of parking": true
        }
      ]
    },
    "gasPrices": [],
    "url": "https://www.google.com/maps/search/?api=1&query=Haadi%20Bistro%20and%20Cafe%20%3A%20Radhe%20Radhe&query_place_id=ChIJqytiAgAb6zkRpFM9OCOH-5M",
    "searchPageUrl": "https://www.google.com/maps/search/bistro/@27.64207399075676,85.42249999999997,17z?hl=en",
    "searchString": "bistro",
    "language": "en",
    "rank": 1,
    "isAdvertisement": false,
    "imageUrl": "https://lh3.googleusercontent.com/gps-cs-s/AG0ilSxrkIse5rJR3R3oTqTCJcRXMcaAHSpkDP8wunfOhJ_4Sxp1jOImlTd3xSgQ2BBw2mIHxNxQapr18VJRQUZiBS07YmfRQgRis9-f8i5_Uz8JoKSZTO0bb-ft3Xz__2RGPy18uB9fTg-C5is=w408-h306-k-no",
    "kgmid": "/g/11md793tm9"
  }
]