[
  {
    "title": "The Wings Factory, Radhe Radhe",
    "price": null,
    "categoryName": "Chicken wings restaurant",
    "address": "M9HX+34Q, Radhe Radhe, Radhe Radhe Rd, Madhyapur Thimi 44800, Nepal",
    "neighborhood": "Nikoshera",
    "street": "M9HX+34Q, Radhe Radhe, Radhe Radhe Rd",
    "city": "Madhyapur Thimi",
    "postalCode": "44800",
    "state": null,
    "countryCode": "NP",
    "phone": "+977 1-5900844",
    "phoneUnformatted": "+97715900844",
    "claimThisBusiness": false,
    "location": {
      "lat": 27.6776843,
      "lng": 85.3985322
    },
    "totalScore": 4.3,
    "permanentlyClosed": false,
    "temporarilyClosed": false,
    "placeId": "ChIJzaUNKYwb6zkR-znmP4TDWTA",
    "categories": [
      "Chicken wings restaurant"
    ],
    "fid": "0x39eb1b8c290da5cd:0x3059c3843fe639fb",
    "cid": "3484030759522941435",
    "reviewsCount": 316,
    "imagesCount": 336,
    "imageCategories": [],
    "scrapedAt": "2025-11-14T09:52:05.694Z",
    "googleFoodUrl": null,
    "hotelAds": [],
    "openingHours": [
      {
        "day": "Monday",
        "hours": "11 AM to 9 PM"
      },
      {
        "day": "Tuesday",
        "hours": "11 AM to 9 PM"
      },
      {
        "day": "Wednesday",
        "hours": "11 AM to 9 PM"
      },
      {
        "day": "Thursday",
        "hours": "11 AM to 9 PM"
      },
      {
        "day": "Friday",
        "hours": "11 AM to 9:30 PM"
      },
      {
        "day": "Saturday",
        "hours": "11 AM to 9:30 PM"
      },
      {
        "day": "Sunday",
        "hours": "11 AM to 9 PM"
      }
    ],
    "additionalOpeningHours": {
      "Delivery": [
        {
          "day": "Monday",
          "hours": "11:30 AM–9 PM"
        },
        {
          "day": "Tuesday",
          "hours": "11:30 AM–9 PM"
        },
        {
          "day": "Wednesday",
          "hours": "11:30 AM–9 PM"
        },
        {
          "day": "Thursday",
          "hours": "11:30 AM–9 PM"
        },
        {
          "day": "Friday",
          "hours": "11:30 AM–9 PM"
        },
        {
          "day": "Saturday",
          "hours": "11:30 AM–9 PM"
        },
        {
          "day": "Sunday",
          "hours": "11:30 AM–9 PM"
        }
      ],
      "Takeout": [
        {
          "day": "Monday",
          "hours": "11:30 AM–9 PM"
        },
        {
          "day": "Tuesday",
          "hours": "11:30 AM–9 PM"
        },
        {
          "day": "Wednesday",
          "hours": "11:30 AM–9 PM"
        },
        {
          "day": "Thursday",
          "hours": "11:30 AM–9 PM"
        },
        {
          "day": "Friday",
          "hours": "11:30 AM–9 PM"
        },
        {
          "day": "Saturday",
          "hours": "11:30 AM–9 PM"
        },
        {
          "day": "Sunday",
          "hours": "11:30 AM–9 PM"
        }
      ]
    },
    "peopleAlsoSearch": [],
    "placesTags": [],
    "reviewsTags": [],
    "additionalInfo": {
      "Service options": [
        {
          "Delivery": true
        },
        {
          "Takeout": true
        },
        {
          "Dine-in": true
        }
      ],
      "Highlights": [
        {
          "Great beer selection": true
        },
        {
          "Great cocktails": true
        },
        {
          "Great coffee": true
        },
        {
          "Great dessert": true
        }
      ],
      "Popular for": [
        {
          "Lunch": true
        },
        {
          "Dinner": true
        },
        {
          "Solo dining": true
        }
      ],
      "Accessibility": [
        {
          "Wheelchair accessible entrance": false
        },
        {
          "Wheelchair accessible parking lot": false
        },
        {
          "Wheelchair accessible seating": false
        }
      ],
      "Offerings": [
        {
          "Alcohol": true
        },
        {
          "Beer": true
        },
        {
          "Cocktails": true
        },
        {
          "Coffee": true
        },
        {
          "Hard liquor": true
        },
        {
          "Quick bite": true
        },
        {
          "Small plates": true
        },
        {
          "Wine": true
        }
      ],
      "Dining options": [
        {
          "Lunch": true
        },
        {
          "Dinner": true
        },
        {
          "Dessert": true
        },
        {
          "Table service": true
        }
      ],
      "Amenities": [
        {
          "Bar onsite": true
        },
        {
          "Restroom": true
        }
      ],
      "Atmosphere": [
        {
          "Casual": true
        },
        {
          "Cozy": true
        },
        {
          "Quiet": true
        },
        {
          "Romantic": true
        },
        {
          "Trendy": true
        }
      ],
      "Crowd": [
        {
          "College students": true
        },
        {
          "Groups": true
        },
        {
          "Tourists": true
        }
      ],
      "Planning": [
        {
          "Dinner reservations recommended": true
        },
        {
          "Accepts reservations": true
        }
      ],
      "Payments": [
        {
          "Credit cards": true
        },
        {
          "Debit cards": true
        },
        {
          "NFC mobile payments": true
        }
      ],
      "Children": [
        {
          "Good for kids": true
        },
        {
          "Good for kids birthday": true
        }
      ],
      "Parking": [
        {
          "Free parking lot": true
        },
        {
          "Free street parking": true
        },
        {
          "Usually plenty of parking": true
        }
      ]
    },
    "gasPrices": [],
    "url": "https://www.google.com/maps/search/?api=1&query=The%20Wings%20Factory%2C%20Radhe%20Radhe&query_place_id=ChIJzaUNKYwb6zkR-znmP4TDWTA",
    "searchPageUrl": "https://www.google.com/maps/search/restaurant/@27.680106502310814,85.39674438680153,17z?hl=en",
    "searchString": "restaurant",
    "language": "en",
    "rank": 9,
    "isAdvertisement": false,
    "imageUrl": "https://lh3.googleusercontent.com/p/AF1QipPBT2sb2OzrBYjo2j3bk5-8te51TU5aFJSZqPCv=w408-h306-k-no",
    "kgmid": "/g/11rxv3yfkr"
  }
]