[
  {
    "title": "Grill and chill",
    "price": null,
    "categoryName": "Chicken restaurant",
    "address": "MC8F+56H, Bhaktapur 44800, Nepal",
    "neighborhood": "Katunje",
    "street": "MC8F+56H",
    "city": "Bhaktapur",
    "postalCode": null,
    "state": null,
    "countryCode": "NP",
    "phone": "+977 982-3569456",
    "phoneUnformatted": "+9779823569456",
    "claimThisBusiness": true,
    "location": {
      "lat": 27.6654456,
      "lng": 85.4231215
    },
    "totalScore": 4.5,
    "permanentlyClosed": false,
    "temporarilyClosed": false,
    "placeId": "ChIJ8TiPw1sb6zkRu9aegxWNhf8",
    "categories": [
      "Chicken restaurant"
    ],
    "fid": "0x39eb1b5bc38f38f1:0xff858d15839ed6bb",
    "cid": "18412277775116195515",
    "reviewsCount": 10,
    "imagesCount": 8,
    "imageCategories": [],
    "scrapedAt": "2025-11-14T07:38:18.348Z",
    "googleFoodUrl": null,
    "hotelAds": [],
    "openingHours": [
      {
        "day": "Monday",
        "hours": "8 AM to 8:30 PM"
      },
      {
        "day": "Tuesday",
        "hours": "8 AM to 8:30 PM"
      },
      {
        "day": "Wednesday",
        "hours": "8 AM to 8:30 PM"
      },
      {
        "day": "Thursday",
        "hours": "8 AM to 8:30 PM"
      },
      {
        "day": "Friday",
        "hours": "8 AM to 8:30 PM"
      },
      {
        "day": "Saturday",
        "hours": "8 AM to 8:30 PM"
      },
      {
        "day": "Sunday",
        "hours": "8 AM to 8:30 PM"
      }
    ],
    "peopleAlsoSearch": [],
    "placesTags": [],
    "reviewsTags": [],
    "additionalInfo": {
      "Service options": [
        {
          "Takeout": true
        },
        {
          "Dine-in": true
        }
      ],
      "Popular for": [
        {
          "Solo dining": true
        }
      ],
      "Offerings": [
        {
          "Alcohol": true
        },
        {
          "Beer": true
        },
        {
          "Hard liquor": true
        },
        {
          "Quick bite": true
        },
        {
          "Small plates": true
        },
        {
          "Wine": true
        }
      ],
      "Dining options": [
        {
          "Lunch": true
        },
        {
          "Dinner": true
        },
        {
          "Table service": true
        }
      ],
      "Amenities": [
        {
          "Restroom": true
        }
      ],
      "Atmosphere": [
        {
          "Casual": true
        }
      ],
      "Crowd": [
        {
          "Groups": true
        }
      ],
      "Planning": [
        {
          "Accepts reservations": true
        }
      ],
      "Payments": [
        {
          "NFC mobile payments": true
        }
      ],
      "Children": [
        {
          "Good for kids": true
        }
      ]
    },
    "gasPrices": [],
    "url": "https://www.google.com/maps/search/?api=1&query=Grill%20and%20chill&query_place_id=ChIJ8TiPw1sb6zkRu9aegxWNhf8",
    "searchPageUrl": "https://www.google.com/maps/search/restaurant/@27.667695459098024,85.42150000000001,17z?hl=en",
    "searchString": "restaurant",
    "language": "en",
    "rank": 17,
    "isAdvertisement": false,
    "imageUrl": "https://lh3.googleusercontent.com/gps-cs-s/AG0ilSzVh7NFosA9x6BI04C_xINTSdzZ9M-ro-QpMoTsXh8Yu5PvEl5RgFmGTg8nKeoDM2Mc01M3v2x-nfo9rvIZ2RqcBz379vAKah7BBpiC2C_0ZKD44RBm88czLg-7zFkEbssjUNGd=w408-h725-k-no",
    "kgmid": "/g/11tc3m2h1p"
  },
  {
    "title": "Sannilye khaja ghar",
    "price": null,
    "categoryName": "Chicken restaurant",
    "address": "JFV7+GXC, Suryabinayak, Nepal",
    "neighborhood": "PalanSe",
    "street": "JFV7+GXC",
    "city": "Suryabinayak",
    "postalCode": null,
    "state": null,
    "countryCode": "NP",
    "phone": "+977 984-1367588",
    "phoneUnformatted": "+9779841367588",
    "claimThisBusiness": true,
    "location": {
      "lat": 27.6438161,
      "lng": 85.4648777
    },
    "permanentlyClosed": false,
    "temporarilyClosed": false,
    "placeId": "ChIJOZOFFgAP6zkRvO7diqBqVXA",
    "categories": [
      "Chicken restaurant"
    ],
    "fid": "0x39eb0f0016859339:0x70556aa08addeebc",
    "cid": "8094493143025446588",
    "reviewsCount": 0,
    "imagesCount": 1,
    "imageCategories": [],
    "scrapedAt": "2025-11-14T09:52:29.626Z",
    "googleFoodUrl": null,
    "hotelAds": [],
    "openingHours": [],
    "peopleAlsoSearch": [],
    "placesTags": [],
    "reviewsTags": [],
    "additionalInfo": {
      "Service options": [
        {
          "Takeout": true
        },
        {
          "Dine-in": true
        }
      ],
      "Offerings": [
        {
          "Quick bite": true
        },
        {
          "Small plates": true
        }
      ],
      "Amenities": [
        {
          "Restroom": true
        }
      ],
      "Atmosphere": [
        {
          "Casual": true
        }
      ],
      "Crowd": [
        {
          "Groups": true
        }
      ]
    },
    "gasPrices": [],
    "url": "https://www.google.com/maps/search/?api=1&query=Sannilye%20khaja%20ghar&query_place_id=ChIJOZOFFgAP6zkRvO7diqBqVXA",
    "searchPageUrl": "https://www.google.com/maps/search/non%20vegetarian%20restaurant/@27.64207399075676,85.4568408175979,17z?hl=en",
    "searchString": "non vegetarian restaurant",
    "language": "en",
    "rank": 5,
    "isAdvertisement": false,
    "imageUrl": "https://streetviewpixels-pa.googleapis.com/v1/thumbnail?panoid=Od1KZ3NwgCkH7bnzTrjTyw&cb_client=search.gws-prod.gps&w=408&h=240&yaw=354.85025&pitch=0&thumbfov=100",
    "kgmid": "/g/11y46yjk3z"
  },
  {
    "title": "Chinese And Tandoori Cafe",
    "price": null,
    "categoryName": "Chicken restaurant",
    "address": "M97P+XHC, Anantalingeshwar, Nepal",
    "neighborhood": "Balkot",
    "street": "M97P+XHC",
    "city": "Anantalingeshwar",
    "postalCode": null,
    "state": null,
    "countryCode": "NP",
    "claimThisBusiness": true,
    "location": {
      "lat": 27.6649378,
      "lng": 85.3863822
    },
    "totalScore": 3.8,
    "permanentlyClosed": false,
    "temporarilyClosed": false,
    "placeId": "ChIJa1DtM4kb6zkRBvioGQy7sdo",
    "categories": [
      "Chicken restaurant"
    ],
    "fid": "0x39eb1b8933ed506b:0xdab1bb0c19a8f806",
    "cid": "15758582231790581766",
    "reviewsCount": 4,
    "reviewsDistribution": {
      "oneStar": 0,
      "twoStar": 1,
      "threeStar": 1,
      "fourStar": 0,
      "fiveStar": 2
    },
    "imagesCount": 15,
    "imageCategories": [],
    "scrapedAt": "2025-11-14T09:52:45.144Z",
    "googleFoodUrl": null,
    "hotelAds": [],
    "openingHours": [
      {
        "day": "Monday",
        "hours": "9 AM to 7 PM"
      },
      {
        "day": "Tuesday",
        "hours": "9 AM to 7 PM"
      },
      {
        "day": "Wednesday",
        "hours": "9 AM to 7 PM"
      },
      {
        "day": "Thursday",
        "hours": "9 AM to 7 PM"
      },
      {
        "day": "Friday",
        "hours": "9 AM to 7 PM"
      },
      {
        "day": "Saturday",
        "hours": "9 AM to 7 PM"
      },
      {
        "day": "Sunday",
        "hours": "9 AM to 7 PM"
      }
    ],
    "peopleAlsoSearch": [],
    "placesTags": [],
    "reviewsTags": [],
    "additionalInfo": {
      "Service options": [
        {
          "Takeout": true
        },
        {
          "Dine-in": true
        }
      ],
      "Offerings": [
        {
          "Quick bite": true
        },
        {
          "Small plates": true
        }
      ],
      "Dining options": [
        {
          "Dinner": true
        },
        {
          "Table service": true
        }
      ],
      "Atmosphere": [
        {
          "Casual": true
        }
      ],
      "Crowd": [
        {
          "Groups": true
        }
      ],
      "Children": [
        {
          "Good for kids": true
        }
      ]
    },
    "gasPrices": [],
    "url": "https://www.google.com/maps/search/?api=1&query=Chinese%20And%20Tandoori%20Cafe&query_place_id=ChIJa1DtM4kb6zkRBvioGQy7sdo",
    "searchPageUrl": "https://www.google.com/maps/search/cafe/@27.664893497689192,85.37957397800257,17z?hl=en",
    "searchString": "cafe",
    "language": "en",
    "rank": 37,
    "isAdvertisement": false,
    "imageUrl": "https://lh3.googleusercontent.com/gps-cs-s/AG0ilSxY7uBFigTpZsWbRDS9eiVr94OO9lmKsxi3toIHL9sVdqf8QgdxcT23RHIblHWs06aU3AFr7qdth-gZ9_skYeB8Q-3x4KB0HbF6ZyDj1Nz57cO4egWOJ0mUb9PyVE7GxZ2buRGF=w408-h544-k-no",
    "kgmid": "/g/11qp2x0z3j"
  },
  {
    "title": "Chicken Hub and Crunchy Fried Chicken, Balkot",
    "price": null,
    "categoryName": "Chicken restaurant",
    "address": "Copper House, F091, Anantalingeshwar 44600, Nepal",
    "neighborhood": "Balkot",
    "street": "Copper House, F091",
    "city": "Anantalingeshwar",
    "postalCode": "44600",
    "state": null,
    "countryCode": "NP",
    "website": "https://www.facebook.com/share/19wEHHDwXY/?mibextid=qi2Omg",
    "phone": "+977 982-3629155",
    "phoneUnformatted": "+9779823629155",
    "claimThisBusiness": false,
    "location": {
      "lat": 27.6686449,
      "lng": 85.3654345
    },
    "totalScore": 4.3,
    "permanentlyClosed": false,
    "temporarilyClosed": false,
    "placeId": "ChIJXztNG2wb6zkRhUFkay_KvTg",
    "categories": [
      "Chicken restaurant",
      "Family restaurant"
    ],
    "fid": "0x39eb1b6c1b4d3b5f:0x38bdca2f6b644185",
    "cid": "4088646341736284549",
    "reviewsCount": 346,
    "imagesCount": 227,
    "imageCategories": [],
    "scrapedAt": "2025-11-14T09:52:47.490Z",
    "googleFoodUrl": null,
    "hotelAds": [],
    "openingHours": [
      {
        "day": "Monday",
        "hours": "9 AM to 10 PM"
      },
      {
        "day": "Tuesday",
        "hours": "9 AM to 10 PM"
      },
      {
        "day": "Wednesday",
        "hours": "9 AM to 10 PM"
      },
      {
        "day": "Thursday",
        "hours": "9 AM to 10 PM"
      },
      {
        "day": "Friday",
        "hours": "9 AM to 10 PM"
      },
      {
        "day": "Saturday",
        "hours": "9 AM to 10 PM"
      },
      {
        "day": "Sunday",
        "hours": "9 AM to 10 PM"
      }
    ],
    "peopleAlsoSearch": [],
    "placesTags": [],
    "reviewsTags": [],
    "additionalInfo": {
      "Service options": [
        {
          "No-contact delivery": true
        },
        {
          "Delivery": true
        },
        {
          "Drive-through": true
        },
        {
          "Takeout": true
        },
        {
          "Dine-in": true
        }
      ],
      "Highlights": [
        {
          "Great beer selection": true
        },
        {
          "Great cocktails": true
        },
        {
          "Great coffee": true
        },
        {
          "Great tea selection": true
        }
      ],
      "Popular for": [
        {
          "Lunch": true
        },
        {
          "Dinner": true
        },
        {
          "Solo dining": true
        }
      ],
      "Accessibility": [
        {
          "Wheelchair accessible restroom": true
        },
        {
          "Wheelchair accessible seating": false
        }
      ],
      "Offerings": [
        {
          "Alcohol": true
        },
        {
          "All you can eat": true
        },
        {
          "Beer": true
        },
        {
          "Cocktails": true
        },
        {
          "Coffee": true
        },
        {
          "Happy hour food": true
        },
        {
          "Hard liquor": true
        },
        {
          "Late-night food": true
        },
        {
          "Quick bite": true
        },
        {
          "Small plates": true
        },
        {
          "Wine": true
        }
      ],
      "Dining options": [
        {
          "Brunch": true
        },
        {
          "Lunch": true
        },
        {
          "Dinner": true
        },
        {
          "Dessert": true
        },
        {
          "Table service": true
        }
      ],
      "Amenities": [
        {
          "Bar onsite": true
        },
        {
          "Restroom": true
        }
      ],
      "Atmosphere": [
        {
          "Casual": true
        },
        {
          "Cozy": true
        },
        {
          "Trendy": true
        }
      ],
      "Crowd": [
        {
          "College students": true
        },
        {
          "Groups": true
        }
      ],
      "Planning": [
        {
          "Brunch reservations recommended": true
        },
        {
          "Lunch reservations recommended": true
        },
        {
          "Dinner reservations recommended": true
        },
        {
          "Accepts reservations": true
        }
      ],
      "Payments": [
        {
          "Credit cards": true
        },
        {
          "Debit cards": true
        },
        {
          "NFC mobile payments": true
        }
      ],
      "Children": [
        {
          "Good for kids": true
        },
        {
          "Good for kids birthday": true
        }
      ],
      "Parking": [
        {
          "Free parking lot": true
        },
        {
          "Free street parking": true
        },
        {
          "Usually plenty of parking": true
        }
      ]
    },
    "gasPrices": [],
    "url": "https://www.google.com/maps/search/?api=1&query=Chicken%20Hub%20and%20Crunchy%20Fried%20Chicken%2C%20Balkot&query_place_id=ChIJXztNG2wb6zkRhUFkay_KvTg",
    "searchPageUrl": "https://www.google.com/maps/search/non%20vegetarian%20restaurant/@27.664893497689192,85.37957397800257,17z?hl=en",
    "searchString": "non vegetarian restaurant",
    "language": "en",
    "rank": 7,
    "isAdvertisement": false,
    "imageUrl": "https://lh3.googleusercontent.com/gps-cs-s/AG0ilSzyDR0y65Dbnif9M_9C-eyAmnzGEaf6ydJvLOlzwbVkodqyfDDOjYRSyYeN35ubJQ4gFAR6u1ML7wmiu8orqZ4JPnQOFSHOG-_ZqhqpL8WFYu1YE-GMG1b5Hsh93u69wBKsWays=w408-h271-k-no",
    "kgmid": "/g/11spr0c4kv"
  },
  {
    "title": "Grill and chill",
    "price": null,
    "categoryName": "Chicken restaurant",
    "address": "MC8F+56H, Bhaktapur 44800, Nepal",
    "neighborhood": "Katunje",
    "street": "MC8F+56H",
    "city": "Bhaktapur",
    "postalCode": null,
    "state": null,
    "countryCode": "NP",
    "phone": "+977 982-3569456",
    "phoneUnformatted": "+9779823569456",
    "claimThisBusiness": true,
    "location": {
      "lat": 27.6654456,
      "lng": 85.4231215
    },
    "totalScore": 4.5,
    "permanentlyClosed": false,
    "temporarilyClosed": false,
    "placeId": "ChIJ8TiPw1sb6zkRu9aegxWNhf8",
    "categories": [
      "Chicken restaurant"
    ],
    "fid": "0x39eb1b5bc38f38f1:0xff858d15839ed6bb",
    "cid": "18412277775116195515",
    "reviewsCount": 10,
    "imagesCount": 8,
    "imageCategories": [],
    "scrapedAt": "2025-11-14T09:55:07.555Z",
    "googleFoodUrl": null,
    "hotelAds": [],
    "openingHours": [
      {
        "day": "Monday",
        "hours": "8 AM to 8:30 PM"
      },
      {
        "day": "Tuesday",
        "hours": "8 AM to 8:30 PM"
      },
      {
        "day": "Wednesday",
        "hours": "8 AM to 8:30 PM"
      },
      {
        "day": "Thursday",
        "hours": "8 AM to 8:30 PM"
      },
      {
        "day": "Friday",
        "hours": "8 AM to 8:30 PM"
      },
      {
        "day": "Saturday",
        "hours": "8 AM to 8:30 PM"
      },
      {
        "day": "Sunday",
        "hours": "8 AM to 8:30 PM"
      }
    ],
    "peopleAlsoSearch": [],
    "placesTags": [],
    "reviewsTags": [],
    "additionalInfo": {
      "Service options": [
        {
          "Takeout": true
        },
        {
          "Dine-in": true
        }
      ],
      "Popular for": [
        {
          "Solo dining": true
        }
      ],
      "Offerings": [
        {
          "Alcohol": true
        },
        {
          "Beer": true
        },
        {
          "Hard liquor": true
        },
        {
          "Quick bite": true
        },
        {
          "Small plates": true
        },
        {
          "Wine": true
        }
      ],
      "Dining options": [
        {
          "Lunch": true
        },
        {
          "Dinner": true
        },
        {
          "Table service": true
        }
      ],
      "Amenities": [
        {
          "Restroom": true
        }
      ],
      "Atmosphere": [
        {
          "Casual": true
        }
      ],
      "Crowd": [
        {
          "Groups": true
        }
      ],
      "Planning": [
        {
          "Accepts reservations": true
        }
      ],
      "Payments": [
        {
          "NFC mobile payments": true
        }
      ],
      "Children": [
        {
          "Good for kids": true
        }
      ]
    },
    "gasPrices": [],
    "url": "https://www.google.com/maps/search/?api=1&query=Grill%20and%20chill&query_place_id=ChIJ8TiPw1sb6zkRu9aegxWNhf8",
    "searchPageUrl": "https://www.google.com/maps/search/restaurant/@27.664893497689192,85.42249999999997,17z?hl=en",
    "searchString": "restaurant",
    "language": "en",
    "rank": 8,
    "isAdvertisement": false,
    "imageUrl": "https://lh3.googleusercontent.com/gps-cs-s/AG0ilSzVh7NFosA9x6BI04C_xINTSdzZ9M-ro-QpMoTsXh8Yu5PvEl5RgFmGTg8nKeoDM2Mc01M3v2x-nfo9rvIZ2RqcBz379vAKah7BBpiC2C_0ZKD44RBm88czLg-7zFkEbssjUNGd=w408-h725-k-no",
    "kgmid": "/g/11tc3m2h1p"
  },
  {
    "title": "Grill and chill",
    "price": null,
    "categoryName": "Chicken restaurant",
    "address": "MC8F+56H, Bhaktapur 44800, Nepal",
    "neighborhood": "Katunje",
    "street": "MC8F+56H",
    "city": "Bhaktapur",
    "postalCode": null,
    "state": null,
    "countryCode": "NP",
    "phone": "+977 982-3569456",
    "phoneUnformatted": "+9779823569456",
    "claimThisBusiness": true,
    "location": {
      "lat": 27.6654456,
      "lng": 85.4231215
    },
    "totalScore": 4.5,
    "permanentlyClosed": false,
    "temporarilyClosed": false,
    "placeId": "ChIJ8TiPw1sb6zkRu9aegxWNhf8",
    "categories": [
      "Chicken restaurant"
    ],
    "fid": "0x39eb1b5bc38f38f1:0xff858d15839ed6bb",
    "cid": "18412277775116195515",
    "reviewsCount": 10,
    "reviewsDistribution": {
      "oneStar": 0,
      "twoStar": 1,
      "threeStar": 1,
      "fourStar": 0,
      "fiveStar": 8
    },
    "imagesCount": 8,
    "imageCategories": [],
    "scrapedAt": "2025-11-11T10:08:17.688Z",
    "googleFoodUrl": null,
    "hotelAds": [],
    "openingHours": [
      {
        "day": "Monday",
        "hours": "8 AM to 8:30 PM"
      },
      {
        "day": "Tuesday",
        "hours": "8 AM to 8:30 PM"
      },
      {
        "day": "Wednesday",
        "hours": "8 AM to 8:30 PM"
      },
      {
        "day": "Thursday",
        "hours": "8 AM to 8:30 PM"
      },
      {
        "day": "Friday",
        "hours": "8 AM to 8:30 PM"
      },
      {
        "day": "Saturday",
        "hours": "8 AM to 8:30 PM"
      },
      {
        "day": "Sunday",
        "hours": "8 AM to 8:30 PM"
      }
    ],
    "peopleAlsoSearch": [],
    "placesTags": [],
    "reviewsTags": [],
    "additionalInfo": {
      "Service options": [
        {
          "Takeout": true
        },
        {
          "Dine-in": true
        }
      ],
      "Popular for": [
        {
          "Solo dining": true
        }
      ],
      "Offerings": [
        {
          "Alcohol": true
        },
        {
          "Beer": true
        },
        {
          "Hard liquor": true
        },
        {
          "Quick bite": true
        },
        {
          "Small plates": true
        },
        {
          "Wine": true
        }
      ],
      "Dining options": [
        {
          "Lunch": true
        },
        {
          "Dinner": true
        },
        {
          "Table service": true
        }
      ],
      "Amenities": [
        {
          "Restroom": true
        }
      ],
      "Atmosphere": [
        {
          "Casual": true
        }
      ],
      "Crowd": [
        {
          "Groups": true
        }
      ],
      "Planning": [
        {
          "Accepts reservations": true
        }
      ],
      "Payments": [
        {
          "NFC mobile payments": true
        }
      ],
      "Children": [
        {
          "Good for kids": true
        }
      ]
    },
    "gasPrices": [],
    "url": "https://www.google.com/maps/search/?api=1&query=Grill%20and%20chill&query_place_id=ChIJ8TiPw1sb6zkRu9aegxWNhf8",
    "searchPageUrl": "https://www.google.com/maps/search/restaurant/@27.640686196818166,85.46050991168464,14z?hl=en",
    "searchString": "restaurant",
    "language": "en",
    "rank": 37,
    "isAdvertisement": false,
    "imageUrl": "https://lh3.googleusercontent.com/gps-cs-s/AG0ilSwy0tQBd_fsRvvmZEZr6GzwbY_1CIzx38ZlTXKrpLBxpb2O_yE4HC8uaWM-EozdSa5L0jF1AIWmCYp0oqWN72DJZ59N4FBC-r9vvbgsv5v2oQXnBEiysocT-mkP8wjo283prYbe=w408-h725-k-no",
    "kgmid": "/g/11tc3m2h1p"
  },
  {
    "title": "Sannilye khaja ghar",
    "price": null,
    "categoryName": "Chicken restaurant",
    "address": "JFV7+GXC, Suryabinayak, Nepal",
    "neighborhood": "PalanSe",
    "street": "JFV7+GXC",
    "city": "Suryabinayak",
    "postalCode": null,
    "state": null,
    "countryCode": "NP",
    "phone": "+977 984-1367588",
    "phoneUnformatted": "+9779841367588",
    "claimThisBusiness": true,
    "location": {
      "lat": 27.6438161,
      "lng": 85.4648777
    },
    "permanentlyClosed": false,
    "temporarilyClosed": false,
    "placeId": "ChIJOZOFFgAP6zkRvO7diqBqVXA",
    "categories": [
      "Chicken restaurant"
    ],
    "fid": "0x39eb0f0016859339:0x70556aa08addeebc",
    "cid": "8094493143025446588",
    "reviewsCount": 0,
    "imagesCount": 1,
    "imageCategories": [],
    "scrapedAt": "2025-11-11T10:08:20.473Z",
    "googleFoodUrl": null,
    "hotelAds": [],
    "openingHours": [],
    "peopleAlsoSearch": [],
    "placesTags": [],
    "reviewsTags": [],
    "additionalInfo": {
      "Service options": [
        {
          "Takeout": true
        },
        {
          "Dine-in": true
        }
      ],
      "Offerings": [
        {
          "Quick bite": true
        },
        {
          "Small plates": true
        }
      ],
      "Amenities": [
        {
          "Restroom": true
        }
      ],
      "Atmosphere": [
        {
          "Casual": true
        }
      ],
      "Crowd": [
        {
          "Groups": true
        }
      ]
    },
    "gasPrices": [],
    "url": "https://www.google.com/maps/search/?api=1&query=Sannilye%20khaja%20ghar&query_place_id=ChIJOZOFFgAP6zkRvO7diqBqVXA",
    "searchPageUrl": "https://www.google.com/maps/search/restaurant/@27.640686196818166,85.46050991168464,14z?hl=en",
    "searchString": "restaurant",
    "language": "en",
    "rank": 92,
    "isAdvertisement": false,
    "imageUrl": "https://streetviewpixels-pa.googleapis.com/v1/thumbnail?panoid=Od1KZ3NwgCkH7bnzTrjTyw&cb_client=search.gws-prod.gps&w=408&h=240&yaw=354.85025&pitch=0&thumbfov=100",
    "kgmid": "/g/11y46yjk3z"
  }
]