[
  {
    "title": "Aananda Baba Cafe",
    "price": null,
    "categoryName": "Children's cafe",
    "address": "M97M+3WH, Anantalingeshwar, Nepal",
    "neighborhood": "Balkot",
    "street": "M97M+3WH",
    "city": "Anantalingeshwar",
    "postalCode": null,
    "state": null,
    "countryCode": "NP",
    "phone": "+977 986-0179515",
    "phoneUnformatted": "+9779860179515",
    "claimThisBusiness": true,
    "location": {
      "lat": 27.6626943,
      "lng": 85.3848553
    },
    "totalScore": 4.1,
    "permanentlyClosed": false,
    "temporarilyClosed": false,
    "placeId": "ChIJm9WE6OQb6zkRmWZzhESPCPo",
    "categories": [
      "Children's cafe"
    ],
    "fid": "0x39eb1be4e884d59b:0xfa088f4484736699",
    "cid": "18016807833738372761",
    "reviewsCount": 23,
    "imagesCount": 23,
    "imageCategories": [],
    "scrapedAt": "2025-11-14T09:52:44.326Z",
    "googleFoodUrl": null,
    "hotelAds": [],
    "openingHours": [
      {
        "day": "Monday",
        "hours": "7:15 AM to 9 PM"
      },
      {
        "day": "Tuesday",
        "hours": "7 AM to 9 PM"
      },
      {
        "day": "Wednesday",
        "hours": "9 AM to 5 PM"
      },
      {
        "day": "Thursday",
        "hours": "7 AM to 9 PM"
      },
      {
        "day": "Friday",
        "hours": "7 AM to 9 PM"
      },
      {
        "day": "Saturday",
        "hours": "7 AM to 9 PM"
      },
      {
        "day": "Sunday",
        "hours": "7:15 AM to 9 PM"
      }
    ],
    "peopleAlsoSearch": [],
    "placesTags": [],
    "reviewsTags": [],
    "additionalInfo": {
      "Service options": [
        {
          "Takeout": true
        },
        {
          "Dine-in": true
        }
      ],
      "Highlights": [
        {
          "Great coffee": true
        },
        {
          "Great tea selection": true
        }
      ],
      "Offerings": [
        {
          "Coffee": true
        },
        {
          "Small plates": true
        }
      ],
      "Dining options": [
        {
          "Lunch": true
        },
        {
          "Table service": true
        }
      ],
      "Amenities": [
        {
          "Restroom": true
        }
      ],
      "Atmosphere": [
        {
          "Casual": true
        }
      ],
      "Crowd": [
        {
          "Groups": true
        }
      ],
      "Children": [
        {
          "Good for kids": true
        }
      ]
    },
    "gasPrices": [],
    "url": "https://www.google.com/maps/search/?api=1&query=Aananda%20Baba%20Cafe&query_place_id=ChIJm9WE6OQb6zkRmWZzhESPCPo",
    "searchPageUrl": "https://www.google.com/maps/search/cafe/@27.664893497689192,85.37957397800257,17z?hl=en",
    "searchString": "cafe",
    "language": "en",
    "rank": 2,
    "isAdvertisement": false,
    "imageUrl": "https://lh3.googleusercontent.com/gps-cs-s/AG0ilSybv4_yTmF0GvCsYoFktdVNiK5mFphyyiJ1V_S5kEnbbdxmv_V03cdgonTtZfAQgDBSryn4ulGL7oxLXPdXCUWVRx_-upe4DLnm8GMWsP5z0tQ2ky8UXsfGnpYXRDavVKcyHtB1=w408-h305-k-no",
    "kgmid": "/g/11fp89_pl2"
  }
]