[
  {
    "title": "KALI JIE LIVE NOODLES",
    "price": null,
    "categoryName": "Chinese noodle restaurant",
    "address": "M9GW+8XF, Madhyapur Thimi, Nepal",
    "neighborhood": null,
    "street": "M9GW+8XF",
    "city": "Madhyapur Thimi",
    "postalCode": null,
    "state": null,
    "countryCode": "NP",
    "phone": "+977 984-3751047",
    "phoneUnformatted": "+9779843751047",
    "claimThisBusiness": true,
    "location": {
      "lat": 27.67581,
      "lng": 85.3974108
    },
    "totalScore": 4.6,
    "permanentlyClosed": false,
    "temporarilyClosed": false,
    "placeId": "ChIJ1f0dFgAb6zkRzOsIl_zDBhM",
    "categories": [
      "Chinese noodle restaurant"
    ],
    "fid": "0x39eb1b00161dfdd5:0x1306c3fc9708ebcc",
    "cid": "1370998626214013900",
    "reviewsCount": 9,
    "reviewsDistribution": {
      "oneStar": 0,
      "twoStar": 0,
      "threeStar": 1,
      "fourStar": 2,
      "fiveStar": 6
    },
    "imagesCount": 44,
    "imageCategories": [],
    "scrapedAt": "2025-11-14T09:55:26.371Z",
    "googleFoodUrl": null,
    "hotelAds": [],
    "openingHours": [],
    "peopleAlsoSearch": [],
    "placesTags": [],
    "reviewsTags": [],
    "additionalInfo": {
      "Service options": [
        {
          "Takeout": true
        },
        {
          "Dine-in": true
        }
      ],
      "Popular for": [
        {
          "Solo dining": true
        }
      ],
      "Offerings": [
        {
          "Quick bite": true
        },
        {
          "Small plates": true
        }
      ],
      "Dining options": [
        {
          "Table service": true
        }
      ],
      "Atmosphere": [
        {
          "Casual": true
        }
      ],
      "Crowd": [
        {
          "Groups": true
        }
      ],
      "Children": [
        {
          "Good for kids": true
        }
      ]
    },
    "gasPrices": [],
    "url": "https://www.google.com/maps/search/?api=1&query=KALI%20JIE%20LIVE%20NOODLES&query_place_id=ChIJ1f0dFgAb6zkRzOsIl_zDBhM",
    "searchPageUrl": "https://www.google.com/maps/search/restaurant/@27.6765083,85.3942093,17.82740441119947z?hl=en",
    "searchString": "restaurant",
    "language": "en",
    "rank": 31,
    "isAdvertisement": false,
    "imageUrl": "https://lh3.googleusercontent.com/gps-cs-s/AG0ilSwn9zpV8v5VSK4s4NTrfRhFsh76om6mE1Zd2UR-w2xLzqXO1CnBAb5fATLdVYo4ZQxMZSGZp9UQMf3cj3zGDTnixxIBKPbYF2Xrs2E3eBmGx2OwX5kLkSOPz59H9sQnrPkeml4erx8pb7CK=w408-h306-k-no",
    "kgmid": "/g/11x364zbv6"
  }
]