[
  {
    "title": "Madhikarmi JuJu Dhau Center",
    "subTitle": "मधिकर्मी जुजुधौ सेन्टर",
    "price": null,
    "categoryName": "Dessert restaurant",
    "address": "MCFJ+4J6, Golmadhi, Bhaktapur 44800, Nepal",
    "neighborhood": null,
    "street": "MCFJ+4J6, Golmadhi",
    "city": "Bhaktapur",
    "postalCode": "44800",
    "state": null,
    "countryCode": "NP",
    "phone": "+977 1-6610901",
    "phoneUnformatted": "+97716610901",
    "claimThisBusiness": true,
    "location": {
      "lat": 27.6727945,
      "lng": 85.431531
    },
    "totalScore": 4.5,
    "permanentlyClosed": false,
    "temporarilyClosed": false,
    "placeId": "ChIJ50RMEq4a6zkR_RR7NVxe0yU",
    "categories": [
      "Dessert restaurant"
    ],
    "fid": "0x39eb1aae124c44e7:0x25d35e5c357b14fd",
    "cid": "2725625949616542973",
    "reviewsCount": 59,
    "imagesCount": 37,
    "imageCategories": [],
    "scrapedAt": "2025-11-14T07:37:36.833Z",
    "googleFoodUrl": null,
    "hotelAds": [],
    "openingHours": [
      {
        "day": "Monday",
        "hours": "7 AM to 8 PM"
      },
      {
        "day": "Tuesday",
        "hours": "7 AM to 8 PM"
      },
      {
        "day": "Wednesday",
        "hours": "7 AM to 8 PM"
      },
      {
        "day": "Thursday",
        "hours": "7 AM to 8 PM"
      },
      {
        "day": "Friday",
        "hours": "7 AM to 8 PM"
      },
      {
        "day": "Saturday",
        "hours": "7 AM to 8 PM"
      },
      {
        "day": "Sunday",
        "hours": "7 AM to 8 PM"
      }
    ],
    "peopleAlsoSearch": [],
    "placesTags": [],
    "reviewsTags": [],
    "additionalInfo": {
      "Service options": [
        {
          "Takeout": true
        }
      ],
      "Dining options": [
        {
          "Dessert": true
        }
      ],
      "Atmosphere": [
        {
          "Casual": true
        }
      ],
      "Children": [
        {
          "Good for kids": true
        }
      ]
    },
    "gasPrices": [],
    "url": "https://www.google.com/maps/search/?api=1&query=Madhikarmi%20JuJu%20Dhau%20Center&query_place_id=ChIJ50RMEq4a6zkR_RR7NVxe0yU",
    "searchPageUrl": "https://www.google.com/maps/search/dessert%20restaurant/@27.667695459098024,85.41290913650586,17z?hl=en",
    "searchString": "dessert restaurant",
    "language": "en",
    "rank": 5,
    "isAdvertisement": false,
    "imageUrl": "https://lh3.googleusercontent.com/gps-cs-s/AG0ilSzZ0iHsJPdTRjwBQ_BSXB-wRiuQT1NuaLgDRddHCVbE4o6ccptB_KSpI2YSUcNOGv8sArT6zv0LUTuyz_nCneX8bjHTKvt2r-EygN_oezyPDsz8TTHy4lSkGe2HDJN3p8qCuR4N=w408-h306-k-no",
    "kgmid": "/g/11b6q6pdn3"
  }
]