[
  {
    "title": "Best uPVC Aluminium Doors and windows Nepal No.1( Nepal Number One Upvc) Nepal Indian - European-germany upvc colours Nepal",
    "price": null,
    "categoryName": "Door manufacturer",
    "address": "Nekoshera, Timi-6, Bhaktapur 44800, Nepal",
    "neighborhood": null,
    "street": "Nekoshera, Timi-6",
    "city": "Bhaktapur",
    "postalCode": "44800",
    "state": null,
    "countryCode": "NP",
    "website": "https://www.facebook.com/profile.php?id=100071846375499&mibextid=ZbWKwL",
    "phone": "+977 986-0476839",
    "phoneUnformatted": "+9779860476839",
    "claimThisBusiness": false,
    "location": {
      "lat": 27.6738729,
      "lng": 85.4272013
    },
    "totalScore": 5,
    "permanentlyClosed": false,
    "temporarilyClosed": false,
    "placeId": "ChIJKwPw4hgb6zkRh2wJPmZzNXc",
    "categories": [
      "Door manufacturer",
      "Architecture firm",
      "Building materials market",
      "Construction company",
      "Furniture store",
      "Nepalese restaurant"
    ],
    "fid": "0x39eb1b18e2f0032b:0x773573663e096c87",
    "cid": "8589898747243752583",
    "reviewsCount": 3,
    "reviewsDistribution": {
      "oneStar": 0,
      "twoStar": 0,
      "threeStar": 0,
      "fourStar": 0,
      "fiveStar": 3
    },
    "imagesCount": 77,
    "imageCategories": [],
    "scrapedAt": "2025-11-14T07:38:09.453Z",
    "googleFoodUrl": null,
    "hotelAds": [],
    "openingHours": [
      {
        "day": "Monday",
        "hours": "Closed"
      },
      {
        "day": "Tuesday",
        "hours": "Closed"
      },
      {
        "day": "Wednesday",
        "hours": "Closed"
      },
      {
        "day": "Thursday",
        "hours": "Closed"
      },
      {
        "day": "Friday",
        "hours": "Closed"
      },
      {
        "day": "Saturday",
        "hours": "9 AM to 5 PM"
      },
      {
        "day": "Sunday",
        "hours": "Closed"
      }
    ],
    "additionalOpeningHours": {
      "Access": [
        {
          "day": "Monday",
          "hours": "9 AM–5 PM"
        },
        {
          "day": "Tuesday",
          "hours": "9 AM–5 PM"
        },
        {
          "day": "Wednesday",
          "hours": "9 AM–5 PM"
        },
        {
          "day": "Thursday",
          "hours": "9 AM–5 PM"
        },
        {
          "day": "Friday",
          "hours": "9 AM–5 PM"
        },
        {
          "day": "Saturday",
          "hours": "9 AM–5 PM"
        },
        {
          "day": "Sunday",
          "hours": "9 AM–5 PM"
        }
      ]
    },
    "peopleAlsoSearch": [],
    "placesTags": [],
    "reviewsTags": [],
    "additionalInfo": {
      "From the business": [
        {
          "Identifies as women-owned": true
        }
      ]
    },
    "gasPrices": [],
    "url": "https://www.google.com/maps/search/?api=1&query=Best%20uPVC%20Aluminium%20Doors%20and%20windows%20Nepal%20No.1(%20Nepal%20Number%20One%20Upvc)%20Nepal%20Indian%20-%20European-germany%20upvc%20colours%20Nepal&query_place_id=ChIJKwPw4hgb6zkRh2wJPmZzNXc",
    "searchPageUrl": "https://www.google.com/maps/search/restaurant/@27.67530454090198,85.43009086349416,17z?hl=en",
    "searchString": "restaurant",
    "language": "en",
    "rank": 90,
    "isAdvertisement": false,
    "imageUrl": "https://lh3.googleusercontent.com/p/AF1QipNelnREo4YTDExzM9flXe29DxYAoqvOqLPuimFB=w408-h405-k-no",
    "kgmid": "/g/11s60bvntk"
  }
]