[
  {
    "title": "कान्तिपुर गेष्ट हाउस एण्ड रेष्टुरेन्ट",
    "price": null,
    "categoryName": "Hong Kong style fast food restaurant",
    "address": "Nagarkot Road, Bhaktapur 44800, Nepal",
    "neighborhood": null,
    "street": "Nagarkot Road",
    "city": "Bhaktapur",
    "postalCode": "44800",
    "state": null,
    "countryCode": "NP",
    "phone": "+977 986-3630169",
    "phoneUnformatted": "+9779863630169",
    "claimThisBusiness": false,
    "location": {
      "lat": 27.6712727,
      "lng": 85.4207497
    },
    "totalScore": 3.2,
    "permanentlyClosed": false,
    "temporarilyClosed": false,
    "placeId": "ChIJwVLR4KMb6zkRlh9qcDKTGec",
    "categories": [
      "Hong Kong style fast food restaurant"
    ],
    "fid": "0x39eb1ba3e0d152c1:0xe7199332706a1f96",
    "cid": "16652502942022770582",
    "reviewsCount": 17,
    "imagesCount": 74,
    "imageCategories": [],
    "scrapedAt": "2025-11-14T07:37:34.414Z",
    "googleFoodUrl": null,
    "hotelAds": [],
    "openingHours": [
      {
        "day": "Monday",
        "hours": "Open 24 hours"
      },
      {
        "day": "Tuesday",
        "hours": "Open 24 hours"
      },
      {
        "day": "Wednesday",
        "hours": "Open 24 hours"
      },
      {
        "day": "Thursday",
        "hours": "Open 24 hours"
      },
      {
        "day": "Friday",
        "hours": "Open 24 hours"
      },
      {
        "day": "Saturday",
        "hours": "Open 24 hours"
      },
      {
        "day": "Sunday",
        "hours": "Open 24 hours"
      }
    ],
    "additionalOpeningHours": {
      "Drive through": [
        {
          "day": "Monday",
          "hours": "Open 24 hours"
        },
        {
          "day": "Tuesday",
          "hours": "Closed"
        },
        {
          "day": "Wednesday",
          "hours": "Open 24 hours"
        },
        {
          "day": "Thursday",
          "hours": "Open 24 hours"
        },
        {
          "day": "Friday",
          "hours": "Open 24 hours"
        },
        {
          "day": "Saturday",
          "hours": "Open 24 hours"
        },
        {
          "day": "Sunday",
          "hours": "Open 24 hours"
        }
      ]
    },
    "peopleAlsoSearch": [],
    "placesTags": [],
    "reviewsTags": [],
    "additionalInfo": {
      "From the business": [
        {
          "Identifies as women-owned": true
        }
      ],
      "Service options": [
        {
          "No-contact delivery": true
        },
        {
          "Delivery": true
        },
        {
          "Drive-through": true
        },
        {
          "Takeout": true
        },
        {
          "Dine-in": true
        }
      ],
      "Popular for": [
        {
          "Solo dining": true
        }
      ],
      "Accessibility": [
        {
          "Assistive hearing loop": true
        },
        {
          "Wheelchair accessible entrance": true
        },
        {
          "Wheelchair accessible parking lot": true
        },
        {
          "Wheelchair accessible restroom": true
        },
        {
          "Wheelchair accessible seating": true
        }
      ],
      "Offerings": [
        {
          "Quick bite": true
        },
        {
          "Small plates": true
        }
      ],
      "Dining options": [
        {
          "Lunch": true
        },
        {
          "Table service": true
        }
      ],
      "Amenities": [
        {
          "Restroom": true
        }
      ],
      "Atmosphere": [
        {
          "Casual": true
        }
      ],
      "Crowd": [
        {
          "Groups": true
        }
      ],
      "Planning": [
        {
          "Reservations required": true
        },
        {
          "Accepts reservations": true
        }
      ],
      "Children": [
        {
          "Good for kids": true
        }
      ]
    },
    "gasPrices": [],
    "url": "https://www.google.com/maps/search/?api=1&query=%E0%A4%95%E0%A4%BE%E0%A4%A8%E0%A5%8D%E0%A4%A4%E0%A4%BF%E0%A4%AA%E0%A5%81%E0%A4%B0%20%E0%A4%97%E0%A5%87%E0%A4%B7%E0%A5%8D%E0%A4%9F%20%E0%A4%B9%E0%A4%BE%E0%A4%89%E0%A4%B8%20%E0%A4%8F%E0%A4%A3%E0%A5%8D%E0%A4%A1%20%E0%A4%B0%E0%A5%87%E0%A4%B7%E0%A5%8D%E0%A4%9F%E0%A5%81%E0%A4%B0%E0%A5%87%E0%A4%A8%E0%A5%8D%E0%A4%9F&query_place_id=ChIJwVLR4KMb6zkRlh9qcDKTGec",
    "searchPageUrl": "https://www.google.com/maps/search/fast%20food/@27.667695459098024,85.41290913650586,17z?hl=en",
    "searchString": "fast food",
    "language": "en",
    "rank": 17,
    "isAdvertisement": false,
    "imageUrl": "https://lh3.googleusercontent.com/p/AF1QipPpvD22hD-BTNXp0l3l2s8yPsYQhlFautQtmSud=w408-h306-k-no",
    "kgmid": "/g/11mhmssmct"
  },
  {
    "title": "कान्तिपुर गेष्ट हाउस एण्ड रेष्टुरेन्ट",
    "price": null,
    "categoryName": "Hong Kong style fast food restaurant",
    "address": "Nagarkot Road, Bhaktapur 44800, Nepal",
    "neighborhood": null,
    "street": "Nagarkot Road",
    "city": "Bhaktapur",
    "postalCode": "44800",
    "state": null,
    "countryCode": "NP",
    "phone": "+977 986-3630169",
    "phoneUnformatted": "+9779863630169",
    "claimThisBusiness": false,
    "location": {
      "lat": 27.6712727,
      "lng": 85.4207497
    },
    "totalScore": 3.2,
    "permanentlyClosed": false,
    "temporarilyClosed": false,
    "placeId": "ChIJwVLR4KMb6zkRlh9qcDKTGec",
    "categories": [
      "Hong Kong style fast food restaurant"
    ],
    "fid": "0x39eb1ba3e0d152c1:0xe7199332706a1f96",
    "cid": "16652502942022770582",
    "reviewsCount": 17,
    "imagesCount": 74,
    "imageCategories": [],
    "scrapedAt": "2025-11-14T09:52:18.890Z",
    "googleFoodUrl": null,
    "hotelAds": [],
    "openingHours": [
      {
        "day": "Monday",
        "hours": "Open 24 hours"
      },
      {
        "day": "Tuesday",
        "hours": "Open 24 hours"
      },
      {
        "day": "Wednesday",
        "hours": "Open 24 hours"
      },
      {
        "day": "Thursday",
        "hours": "Open 24 hours"
      },
      {
        "day": "Friday",
        "hours": "Open 24 hours"
      },
      {
        "day": "Saturday",
        "hours": "Open 24 hours"
      },
      {
        "day": "Sunday",
        "hours": "Open 24 hours"
      }
    ],
    "additionalOpeningHours": {
      "Drive through": [
        {
          "day": "Monday",
          "hours": "Open 24 hours"
        },
        {
          "day": "Tuesday",
          "hours": "Closed"
        },
        {
          "day": "Wednesday",
          "hours": "Open 24 hours"
        },
        {
          "day": "Thursday",
          "hours": "Open 24 hours"
        },
        {
          "day": "Friday",
          "hours": "Open 24 hours"
        },
        {
          "day": "Saturday",
          "hours": "Open 24 hours"
        },
        {
          "day": "Sunday",
          "hours": "Open 24 hours"
        }
      ]
    },
    "peopleAlsoSearch": [],
    "placesTags": [],
    "reviewsTags": [],
    "additionalInfo": {
      "From the business": [
        {
          "Identifies as women-owned": true
        }
      ],
      "Service options": [
        {
          "No-contact delivery": true
        },
        {
          "Delivery": true
        },
        {
          "Drive-through": true
        },
        {
          "Takeout": true
        },
        {
          "Dine-in": true
        }
      ],
      "Popular for": [
        {
          "Solo dining": true
        }
      ],
      "Accessibility": [
        {
          "Assistive hearing loop": true
        },
        {
          "Wheelchair accessible entrance": true
        },
        {
          "Wheelchair accessible parking lot": true
        },
        {
          "Wheelchair accessible restroom": true
        },
        {
          "Wheelchair accessible seating": true
        }
      ],
      "Offerings": [
        {
          "Quick bite": true
        },
        {
          "Small plates": true
        }
      ],
      "Dining options": [
        {
          "Lunch": true
        },
        {
          "Table service": true
        }
      ],
      "Amenities": [
        {
          "Restroom": true
        }
      ],
      "Atmosphere": [
        {
          "Casual": true
        }
      ],
      "Crowd": [
        {
          "Groups": true
        }
      ],
      "Planning": [
        {
          "Reservations required": true
        },
        {
          "Accepts reservations": true
        }
      ],
      "Children": [
        {
          "Good for kids": true
        }
      ]
    },
    "gasPrices": [],
    "url": "https://www.google.com/maps/search/?api=1&query=%E0%A4%95%E0%A4%BE%E0%A4%A8%E0%A5%8D%E0%A4%A4%E0%A4%BF%E0%A4%AA%E0%A5%81%E0%A4%B0%20%E0%A4%97%E0%A5%87%E0%A4%B7%E0%A5%8D%E0%A4%9F%20%E0%A4%B9%E0%A4%BE%E0%A4%89%E0%A4%B8%20%E0%A4%8F%E0%A4%A3%E0%A5%8D%E0%A4%A1%20%E0%A4%B0%E0%A5%87%E0%A4%B7%E0%A5%8D%E0%A4%9F%E0%A5%81%E0%A4%B0%E0%A5%87%E0%A4%A8%E0%A5%8D%E0%A4%9F&query_place_id=ChIJwVLR4KMb6zkRlh9qcDKTGec",
    "searchPageUrl": "https://www.google.com/maps/search/non%20vegetarian%20restaurant/@27.672500000000003,85.42249999999997,17z?hl=en",
    "searchString": "non vegetarian restaurant",
    "language": "en",
    "rank": 20,
    "isAdvertisement": false,
    "imageUrl": "https://lh3.googleusercontent.com/p/AF1QipMkOGUqyYlvBk2JlSKfKSlSiwS0Yvd_CE8X5mmR=w408-h306-k-no",
    "kgmid": "/g/11mhmssmct"
  }
]