[
  {
    "title": "Jaiswal Handi mutton Restaurant",
    "price": null,
    "categoryName": "Indian restaurant",
    "address": "MCF5+9MX, Bhaktapur 44800, Nepal",
    "neighborhood": "SallaGhari",
    "street": "MCF5+9MX",
    "city": "Bhaktapur",
    "postalCode": null,
    "state": null,
    "countryCode": "NP",
    "phone": "+977 980-0684253",
    "phoneUnformatted": "+9779800684253",
    "claimThisBusiness": true,
    "location": {
      "lat": 27.6734827,
      "lng": 85.409241
    },
    "totalScore": 4,
    "permanentlyClosed": false,
    "temporarilyClosed": false,
    "placeId": "ChIJhVM5GQAb6zkR8HQgXIWG-X0",
    "categories": [
      "Indian restaurant"
    ],
    "fid": "0x39eb1b0019395385:0x7df986855c2074f0",
    "cid": "9077434431276348656",
    "reviewsCount": 4,
    "imagesCount": 36,
    "imageCategories": [],
    "scrapedAt": "2025-11-14T07:37:43.080Z",
    "googleFoodUrl": null,
    "hotelAds": [],
    "openingHours": [
      {
        "day": "Monday",
        "hours": "9 AM to 10 PM"
      },
      {
        "day": "Tuesday",
        "hours": "9 AM to 10 PM"
      },
      {
        "day": "Wednesday",
        "hours": "9 AM to 10 PM"
      },
      {
        "day": "Thursday",
        "hours": "9 AM to 10 PM"
      },
      {
        "day": "Friday",
        "hours": "9 AM to 10 PM"
      },
      {
        "day": "Saturday",
        "hours": "9 AM to 10 PM"
      },
      {
        "day": "Sunday",
        "hours": "9 AM to 10 PM"
      }
    ],
    "peopleAlsoSearch": [],
    "placesTags": [],
    "reviewsTags": [],
    "additionalInfo": {
      "Service options": [
        {
          "Takeout": true
        },
        {
          "Dine-in": true
        }
      ],
      "Popular for": [
        {
          "Solo dining": true
        }
      ],
      "Offerings": [
        {
          "Quick bite": true
        },
        {
          "Small plates": true
        }
      ],
      "Dining options": [
        {
          "Table service": true
        }
      ],
      "Amenities": [
        {
          "Restroom": true
        }
      ],
      "Atmosphere": [
        {
          "Casual": true
        }
      ],
      "Crowd": [
        {
          "Groups": true
        }
      ],
      "Children": [
        {
          "Good for kids": true
        }
      ]
    },
    "gasPrices": [],
    "url": "https://www.google.com/maps/search/?api=1&query=Jaiswal%20Handi%20mutton%20Restaurant&query_place_id=ChIJhVM5GQAb6zkR8HQgXIWG-X0",
    "searchPageUrl": "https://www.google.com/maps/search/restaurant/@27.67530454090198,85.41290913650586,17z?hl=en",
    "searchString": "restaurant",
    "language": "en",
    "rank": 13,
    "isAdvertisement": false,
    "imageUrl": "https://lh3.googleusercontent.com/gps-cs-s/AG0ilSyuvZMkr--cYFvDWyphbESlRkrwwnGd8X3yGvw3ij7XT0hq1mzgKP9U2oaVynFYDnE0-owqMLr4zYEwV21m_a_4gtlnmsXtnefmnnMse0RTj1TJLuX52aGNso6c_YxWffQXPdJa=w408-h306-k-no",
    "kgmid": "/g/11w4qczzrc"
  },
  {
    "title": "Lotus restaurant and rooftop bar",
    "price": null,
    "categoryName": "Indian restaurant",
    "address": "MCCH+FRW, Taumadi Marg, Bhaktapur 44800, Nepal",
    "neighborhood": null,
    "street": "MCCH+FRW, Taumadi Marg",
    "city": "Bhaktapur",
    "postalCode": "44800",
    "state": null,
    "countryCode": "NP",
    "claimThisBusiness": true,
    "location": {
      "lat": 27.6712409,
      "lng": 85.4295755
    },
    "totalScore": 2.3,
    "permanentlyClosed": false,
    "temporarilyClosed": false,
    "placeId": "ChIJxdW0bAAb6zkRdcKP6Dn_pLQ",
    "categories": [
      "Indian restaurant"
    ],
    "fid": "0x39eb1b006cb4d5c5:0xb4a4ff39e88fc275",
    "cid": "13016809447187530357",
    "reviewsCount": 3,
    "reviewsDistribution": {
      "oneStar": 2,
      "twoStar": 0,
      "threeStar": 0,
      "fourStar": 0,
      "fiveStar": 1
    },
    "imagesCount": 1,
    "imageCategories": [],
    "scrapedAt": "2025-11-14T07:39:04.236Z",
    "googleFoodUrl": null,
    "hotelAds": [],
    "openingHours": [],
    "peopleAlsoSearch": [],
    "placesTags": [],
    "reviewsTags": [],
    "gasPrices": [],
    "url": "https://www.google.com/maps/search/?api=1&query=Lotus%20restaurant%20and%20rooftop%20bar&query_place_id=ChIJxdW0bAAb6zkRdcKP6Dn_pLQ",
    "searchPageUrl": "https://www.google.com/maps/search/restaurant/@27.667695459098024,85.43009086349416,17z?hl=en",
    "searchString": "restaurant",
    "language": "en",
    "rank": 39,
    "isAdvertisement": false,
    "imageUrl": "https://streetviewpixels-pa.googleapis.com/v1/thumbnail?panoid=nLq8QKi__V8OqYrwsXe4Uw&cb_client=search.gws-prod.gps&w=408&h=240&yaw=264.10394&pitch=0&thumbfov=100",
    "kgmid": "/g/11xsgt3z9b"
  },
  {
    "title": "Rishna sweets and Bakery",
    "price": null,
    "categoryName": "Indian restaurant",
    "address": "M9FF+P43, Madhyapur Thimi 44811, Nepal",
    "neighborhood": "Gatthaghar",
    "street": "M9FF+P43",
    "city": "Madhyapur Thimi",
    "postalCode": "44811",
    "state": null,
    "countryCode": "NP",
    "claimThisBusiness": true,
    "location": {
      "lat": 27.6742607,
      "lng": 85.3727834
    },
    "totalScore": 3,
    "permanentlyClosed": false,
    "temporarilyClosed": false,
    "placeId": "ChIJud5O0esb6zkRdxfDv6p14Y0",
    "categories": [
      "Indian restaurant"
    ],
    "fid": "0x39eb1bebd14edeb9:0x8de175aabfc31777",
    "cid": "10223582005329860471",
    "reviewsCount": 26,
    "reviewsDistribution": {
      "oneStar": 9,
      "twoStar": 2,
      "threeStar": 3,
      "fourStar": 4,
      "fiveStar": 8
    },
    "imagesCount": 54,
    "imageCategories": [],
    "scrapedAt": "2025-11-14T09:53:12.806Z",
    "googleFoodUrl": null,
    "hotelAds": [],
    "openingHours": [
      {
        "day": "Monday",
        "hours": "6:30 AM to 9 PM"
      },
      {
        "day": "Tuesday",
        "hours": "6:30 AM to 9 PM"
      },
      {
        "day": "Wednesday",
        "hours": "6:30 AM to 9 PM"
      },
      {
        "day": "Thursday",
        "hours": "6:30 AM to 9 PM"
      },
      {
        "day": "Friday",
        "hours": "6:30 AM to 9 PM"
      },
      {
        "day": "Saturday",
        "hours": "6:30 AM to 9 PM"
      },
      {
        "day": "Sunday",
        "hours": "6:30 AM to 9 PM"
      }
    ],
    "peopleAlsoSearch": [],
    "placesTags": [],
    "reviewsTags": [],
    "additionalInfo": {
      "Service options": [
        {
          "Takeout": true
        },
        {
          "Dine-in": true
        }
      ],
      "Highlights": [
        {
          "Great dessert": true
        }
      ],
      "Offerings": [
        {
          "Quick bite": true
        },
        {
          "Small plates": true
        }
      ],
      "Dining options": [
        {
          "Dessert": true
        },
        {
          "Table service": true
        }
      ],
      "Atmosphere": [
        {
          "Casual": true
        }
      ],
      "Crowd": [
        {
          "Groups": true
        }
      ],
      "Children": [
        {
          "Good for kids": true
        }
      ],
      "Parking": [
        {
          "Free street parking": true
        },
        {
          "Usually somewhat difficult to find a space": true
        }
      ]
    },
    "gasPrices": [],
    "url": "https://www.google.com/maps/search/?api=1&query=Rishna%20sweets%20and%20Bakery&query_place_id=ChIJud5O0esb6zkRdxfDv6p14Y0",
    "searchPageUrl": "https://www.google.com/maps/search/restaurant/@27.672500000000003,85.37098877360309,17z?hl=en",
    "searchString": "restaurant",
    "language": "en",
    "rank": 79,
    "isAdvertisement": false,
    "imageUrl": "https://lh3.googleusercontent.com/gps-cs-s/AG0ilSwVhNw_OHjIGNBksbjnoIBo6mYI16Hbtk14WUNXYz2kvrN1ZNeEQr42whG-KxS-lpXQND_-h8xDjiJ-Y8ZUzgElkG2_4kkQM4YCauwXDowD1sFwBnXbVUAoU72VxGOQtp48sqe_=w408-h544-k-no",
    "kgmid": "/g/11t4dt2vl5"
  },
  {
    "title": "Biryani Adda , Radhe Radhe , Bhaktapur",
    "price": null,
    "categoryName": "Indian restaurant",
    "address": "Bhaktapur, Nepal",
    "neighborhood": null,
    "street": null,
    "city": "Bhaktapur",
    "postalCode": null,
    "state": null,
    "countryCode": "NP",
    "website": "http://biryaniaddanepal.com/",
    "phone": "+977 1-5914778",
    "phoneUnformatted": "+97715914778",
    "claimThisBusiness": false,
    "location": {
      "lat": 27.6753198,
      "lng": 85.3979596
    },
    "totalScore": 3.8,
    "permanentlyClosed": false,
    "temporarilyClosed": false,
    "placeId": "ChIJ3d8JLQEb6zkRVVCc-YQivuQ",
    "categories": [
      "Indian restaurant"
    ],
    "fid": "0x39eb1b012d09dfdd:0xe4be2284f99c5055",
    "cid": "16482649640741392469",
    "reviewsCount": 191,
    "imagesCount": 64,
    "imageCategories": [],
    "scrapedAt": "2025-11-14T09:53:49.886Z",
    "googleFoodUrl": null,
    "hotelAds": [],
    "openingHours": [
      {
        "day": "Monday",
        "hours": "10 AM to 10 PM"
      },
      {
        "day": "Tuesday",
        "hours": "10 AM to 10 PM"
      },
      {
        "day": "Wednesday",
        "hours": "10 AM to 10 PM"
      },
      {
        "day": "Thursday",
        "hours": "10 AM to 10 PM"
      },
      {
        "day": "Friday",
        "hours": "10 AM to 10 PM"
      },
      {
        "day": "Saturday",
        "hours": "10 AM to 10 PM"
      },
      {
        "day": "Sunday",
        "hours": "10 AM to 10 PM"
      }
    ],
    "peopleAlsoSearch": [],
    "placesTags": [],
    "reviewsTags": [],
    "additionalInfo": {
      "Service options": [
        {
          "Delivery": true
        },
        {
          "Takeout": true
        },
        {
          "Dine-in": true
        }
      ],
      "Popular for": [
        {
          "Lunch": true
        },
        {
          "Dinner": true
        },
        {
          "Solo dining": true
        }
      ],
      "Offerings": [
        {
          "Alcohol": true
        },
        {
          "Beer": true
        },
        {
          "Coffee": true
        },
        {
          "Hard liquor": true
        },
        {
          "Quick bite": true
        },
        {
          "Small plates": true
        },
        {
          "Wine": true
        }
      ],
      "Dining options": [
        {
          "Lunch": true
        },
        {
          "Dinner": true
        },
        {
          "Dessert": true
        },
        {
          "Table service": true
        }
      ],
      "Amenities": [
        {
          "Restroom": true
        }
      ],
      "Atmosphere": [
        {
          "Casual": true
        }
      ],
      "Crowd": [
        {
          "Groups": true
        }
      ],
      "Planning": [
        {
          "Accepts reservations": true
        }
      ],
      "Payments": [
        {
          "NFC mobile payments": true
        }
      ],
      "Children": [
        {
          "Good for kids": true
        }
      ],
      "Parking": [
        {
          "Free parking lot": true
        },
        {
          "Usually plenty of parking": true
        }
      ]
    },
    "gasPrices": [],
    "url": "https://www.google.com/maps/search/?api=1&query=Biryani%20Adda%20%2C%20Radhe%20Radhe%20%2C%20Bhaktapur&query_place_id=ChIJ3d8JLQEb6zkRVVCc-YQivuQ",
    "searchPageUrl": "https://www.google.com/maps/search/fast%20food/@27.6748653,85.3973167,17.827426108743303z?hl=en",
    "searchString": "fast food",
    "language": "en",
    "rank": 14,
    "isAdvertisement": false,
    "imageUrl": "https://lh3.googleusercontent.com/gps-cs-s/AG0ilSxjmEy2ZU0pDTeI4hwHdWtTayELWO-8_EV2d9-GsW_XdIQU_rXwRSbUUUnWIkZ6_33x_kPJ00jc2bule2YpcECMub5E1WRuy_OWKNvVuV89csB3M8tAFfFOYpYHrGQ6xi08aQY=w507-h240-k-no",
    "kgmid": "/g/11kj42fvj5"
  },
  {
    "title": "New Chakra Sweet and Chaat House",
    "price": null,
    "categoryName": "Indian restaurant",
    "address": "M9JG+3G9, Gaththaghar Marg, Madhyapur Thimi 44600, Nepal",
    "neighborhood": null,
    "street": "M9JG+3G9, Gaththaghar Marg",
    "city": "Madhyapur Thimi",
    "postalCode": "44600",
    "state": null,
    "countryCode": "NP",
    "claimThisBusiness": true,
    "location": {
      "lat": 27.6801001,
      "lng": 85.3763216
    },
    "permanentlyClosed": false,
    "temporarilyClosed": false,
    "placeId": "ChIJ4YUabgAb6zkRg6iSxdR2a7c",
    "categories": [
      "Indian restaurant"
    ],
    "fid": "0x39eb1b006e1a85e1:0xb76b76d4c592a883",
    "cid": "13216788187668719747",
    "reviewsCount": 0,
    "imagesCount": 1,
    "imageCategories": [],
    "scrapedAt": "2025-11-14T09:55:22.002Z",
    "googleFoodUrl": null,
    "hotelAds": [],
    "openingHours": [],
    "peopleAlsoSearch": [],
    "placesTags": [],
    "reviewsTags": [],
    "additionalInfo": {
      "Service options": [
        {
          "Takeout": true
        },
        {
          "Dine-in": true
        }
      ],
      "Popular for": [
        {
          "Solo dining": true
        }
      ],
      "Offerings": [
        {
          "Quick bite": true
        },
        {
          "Small plates": true
        }
      ],
      "Dining options": [
        {
          "Table service": true
        }
      ],
      "Amenities": [
        {
          "Restroom": true
        }
      ],
      "Atmosphere": [
        {
          "Casual": true
        }
      ],
      "Crowd": [
        {
          "Groups": true
        }
      ],
      "Children": [
        {
          "Good for kids": true
        }
      ]
    },
    "gasPrices": [],
    "url": "https://www.google.com/maps/search/?api=1&query=New%20Chakra%20Sweet%20and%20Chaat%20House&query_place_id=ChIJ4YUabgAb6zkRg6iSxdR2a7c",
    "searchPageUrl": "https://www.google.com/maps/search/restaurant/@27.680106502310814,85.37098877360309,17z?hl=en",
    "searchString": "restaurant",
    "language": "en",
    "rank": 33,
    "isAdvertisement": false,
    "imageUrl": "https://streetviewpixels-pa.googleapis.com/v1/thumbnail?panoid=lrmEEgO3XNloBomCkAu4Jw&cb_client=search.gws-prod.gps&w=408&h=240&yaw=136.3308&pitch=0&thumbfov=100",
    "kgmid": "/g/11x83xw92d"
  },
  {
    "title": "Naan house",
    "price": null,
    "categoryName": "Indian restaurant",
    "address": "M9GX+62Q, Radhe Radhe Rd, Madhyapur Thimi, Nepal",
    "neighborhood": null,
    "street": "M9GX+62Q, Radhe Radhe Rd",
    "city": "Madhyapur Thimi",
    "postalCode": null,
    "state": null,
    "countryCode": "NP",
    "claimThisBusiness": true,
    "location": {
      "lat": 27.6755324,
      "lng": 85.3977585
    },
    "totalScore": 2.8,
    "permanentlyClosed": false,
    "temporarilyClosed": false,
    "placeId": "ChIJaVCeZAAb6zkRAjEl5OojqVE",
    "categories": [
      "Indian restaurant"
    ],
    "fid": "0x39eb1b00649e5069:0x51a923eae4253102",
    "cid": "5884273879893225730",
    "reviewsCount": 4,
    "reviewsDistribution": {
      "oneStar": 1,
      "twoStar": 0,
      "threeStar": 2,
      "fourStar": 1,
      "fiveStar": 0
    },
    "imagesCount": 3,
    "imageCategories": [],
    "scrapedAt": "2025-11-14T09:55:27.354Z",
    "googleFoodUrl": null,
    "hotelAds": [],
    "openingHours": [],
    "peopleAlsoSearch": [],
    "placesTags": [],
    "reviewsTags": [],
    "additionalInfo": {
      "Service options": [
        {
          "Takeout": true
        },
        {
          "Dine-in": true
        }
      ],
      "Offerings": [
        {
          "Quick bite": true
        },
        {
          "Small plates": true
        }
      ],
      "Atmosphere": [
        {
          "Casual": true
        }
      ],
      "Crowd": [
        {
          "Groups": true
        }
      ],
      "Children": [
        {
          "Good for kids": true
        }
      ]
    },
    "gasPrices": [],
    "url": "https://www.google.com/maps/search/?api=1&query=Naan%20house&query_place_id=ChIJaVCeZAAb6zkRAjEl5OojqVE",
    "searchPageUrl": "https://www.google.com/maps/search/restaurant/@27.6765083,85.3942093,17.82740441119947z?hl=en",
    "searchString": "restaurant",
    "language": "en",
    "rank": 53,
    "isAdvertisement": false,
    "imageUrl": "https://lh3.googleusercontent.com/gps-cs-s/AG0ilSwILk8HwohcX9O3x5YgsL_QrSSU9-1yHwmkG3q1uU72KsK97YbmG5DvZkPQURZFZ23gViOSosav42lE-XxG509CU68L2w204erBv4u8l24WIAmlrZFep8XacFo_4kiouLnC1qYm=w408-h543-k-no",
    "kgmid": "/g/11w98zmwh2"
  }
]