[
  {
    "title": "Sandesh Computer",
    "price": null,
    "categoryName": "Internet cafe",
    "address": "MCGV+W6G, Bhaktapur 44800, Nepal",
    "neighborhood": null,
    "street": "MCGV+W6G",
    "city": "Bhaktapur",
    "postalCode": "44800",
    "state": null,
    "countryCode": "NP",
    "claimThisBusiness": false,
    "location": {
      "lat": 27.6773638,
      "lng": 85.443104
    },
    "permanentlyClosed": false,
    "temporarilyClosed": false,
    "placeId": "ChIJ69wCJgAF6zkRX2_rY6EGsKM",
    "categories": [
      "Internet cafe"
    ],
    "fid": "0x39eb05002602dceb:0xa3b006a163eb6f5f",
    "cid": "11794934714319204191",
    "reviewsCount": 0,
    "imagesCount": 1,
    "imageCategories": [],
    "scrapedAt": "2025-11-14T07:51:27.033Z",
    "googleFoodUrl": null,
    "hotelAds": [],
    "openingHours": [],
    "peopleAlsoSearch": [],
    "placesTags": [],
    "reviewsTags": [],
    "gasPrices": [],
    "url": "https://www.google.com/maps/search/?api=1&query=Sandesh%20Computer&query_place_id=ChIJ69wCJgAF6zkRX2_rY6EGsKM",
    "searchPageUrl": "https://www.google.com/maps/search/cafe/@27.674599999999995,85.44775980735567,17z?hl=en",
    "searchString": "cafe",
    "language": "en",
    "rank": 33,
    "isAdvertisement": false,
    "imageUrl": "https://streetviewpixels-pa.googleapis.com/v1/thumbnail?panoid=wnTpvWWcTaWIRIlkKrwYFw&cb_client=search.gws-prod.gps&w=408&h=240&yaw=2.2937028&pitch=0&thumbfov=100",
    "kgmid": "/g/11vygdqg6n"
  },
  {
    "title": "Cellsanasar Photo Studio",
    "price": null,
    "categoryName": "Internet cafe",
    "address": "P92P+V75, Kathmandu 44600, Nepal",
    "neighborhood": "Thapagaon",
    "street": "P92P+V75",
    "city": "Kathmandu",
    "postalCode": "44600",
    "state": null,
    "countryCode": "NP",
    "claimThisBusiness": true,
    "location": {
      "lat": 27.7021453,
      "lng": 85.3857197
    },
    "permanentlyClosed": false,
    "temporarilyClosed": false,
    "placeId": "ChIJFfwgdwAb6zkRnNpTPs3NNH8",
    "categories": [
      "Internet cafe"
    ],
    "fid": "0x39eb1b007720fc15:0x7f34cdcd3e53da9c",
    "cid": "9166177423003474588",
    "reviewsCount": 0,
    "imagesCount": 1,
    "imageCategories": [],
    "scrapedAt": "2025-11-14T09:53:00.049Z",
    "googleFoodUrl": null,
    "hotelAds": [],
    "openingHours": [],
    "peopleAlsoSearch": [],
    "placesTags": [],
    "reviewsTags": [],
    "gasPrices": [],
    "url": "https://www.google.com/maps/search/?api=1&query=Cellsanasar%20Photo%20Studio&query_place_id=ChIJFfwgdwAb6zkRnNpTPs3NNH8",
    "searchPageUrl": "https://www.google.com/maps/search/cafe/@27.702926009243246,85.38815918240205,17z?hl=en",
    "searchString": "cafe",
    "language": "en",
    "rank": 42,
    "isAdvertisement": false,
    "imageUrl": "https://streetviewpixels-pa.googleapis.com/v1/thumbnail?panoid=n1zlGgccA3zYHqfVHdI2Qw&cb_client=search.gws-prod.gps&w=408&h=240&yaw=26.41936&pitch=0&thumbfov=100",
    "kgmid": "/g/11vpvb7f6g"
  },
  {
    "title": "Nitin wananje",
    "price": null,
    "categoryName": "Internet cafe",
    "address": "Om nagar, Bhaktapur Road, Madhyapur Thimi 44600, Nepal",
    "neighborhood": null,
    "street": "Om nagar, Bhaktapur Road",
    "city": "Madhyapur Thimi",
    "postalCode": null,
    "state": null,
    "countryCode": "NP",
    "claimThisBusiness": true,
    "location": {
      "lat": 27.6829508,
      "lng": 85.3864632
    },
    "totalScore": 4,
    "permanentlyClosed": false,
    "temporarilyClosed": false,
    "placeId": "ChIJy45UlTIb6zkRn8zTG_uIBrc",
    "categories": [
      "Internet cafe"
    ],
    "fid": "0x39eb1b3295548ecb:0xb70688fb1bd3cc9f",
    "cid": "13188379170886110367",
    "reviewsCount": 1,
    "reviewsDistribution": {
      "oneStar": 0,
      "twoStar": 0,
      "threeStar": 0,
      "fourStar": 1,
      "fiveStar": 0
    },
    "imagesCount": 1,
    "imageCategories": [],
    "scrapedAt": "2025-11-14T09:54:19.104Z",
    "googleFoodUrl": null,
    "hotelAds": [],
    "openingHours": [],
    "peopleAlsoSearch": [],
    "placesTags": [],
    "reviewsTags": [],
    "gasPrices": [],
    "url": "https://www.google.com/maps/search/?api=1&query=Nitin%20wananje&query_place_id=ChIJy45UlTIb6zkRn8zTG_uIBrc",
    "searchPageUrl": "https://www.google.com/maps/search/pub/@27.680106502310814,85.38815918240205,17z?hl=en",
    "searchString": "pub",
    "language": "en",
    "rank": 28,
    "isAdvertisement": false,
    "imageUrl": "https://streetviewpixels-pa.googleapis.com/v1/thumbnail?panoid=Dc-CuibvxWMa0aCvhu320w&cb_client=search.gws-prod.gps&w=408&h=240&yaw=164.45865&pitch=0&thumbfov=100",
    "kgmid": "/g/11twq670bf"
  },
  {
    "title": "Sandesh Computer",
    "price": null,
    "categoryName": "Internet cafe",
    "address": "MCGV+W6G, Bhaktapur 44800, Nepal",
    "neighborhood": null,
    "street": "MCGV+W6G",
    "city": "Bhaktapur",
    "postalCode": "44800",
    "state": null,
    "countryCode": "NP",
    "claimThisBusiness": true,
    "location": {
      "lat": 27.6773638,
      "lng": 85.443104
    },
    "permanentlyClosed": false,
    "temporarilyClosed": false,
    "placeId": "ChIJ69wCJgAF6zkRX2_rY6EGsKM",
    "categories": [
      "Internet cafe"
    ],
    "fid": "0x39eb05002602dceb:0xa3b006a163eb6f5f",
    "cid": "11794934714319204191",
    "reviewsCount": 0,
    "imagesCount": 1,
    "imageCategories": [],
    "scrapedAt": "2025-11-14T09:55:09.342Z",
    "googleFoodUrl": null,
    "hotelAds": [],
    "openingHours": [],
    "peopleAlsoSearch": [],
    "placesTags": [],
    "reviewsTags": [],
    "gasPrices": [],
    "url": "https://www.google.com/maps/search/?api=1&query=Sandesh%20Computer&query_place_id=ChIJ69wCJgAF6zkRX2_rY6EGsKM",
    "searchPageUrl": "https://www.google.com/maps/search/cafe/@27.680106502310814,85.44825561319841,17z?hl=en",
    "searchString": "cafe",
    "language": "en",
    "rank": 33,
    "isAdvertisement": false,
    "imageUrl": "https://streetviewpixels-pa.googleapis.com/v1/thumbnail?panoid=wnTpvWWcTaWIRIlkKrwYFw&cb_client=search.gws-prod.gps&w=408&h=240&yaw=2.2937028&pitch=0&thumbfov=100",
    "kgmid": "/g/11vygdqg6n"
  }
]