[
  {
    "title": "Peaceful Korean Restaurant",
    "subTitle": "पिसफुल कोरियन रेष्टुरा",
    "price": "$$",
    "categoryName": "Korean restaurant",
    "address": "Dattatraya Square - 09, Bhaktapur, Nepal",
    "neighborhood": null,
    "street": "Dattatraya Square - 09",
    "city": "Bhaktapur",
    "postalCode": null,
    "state": null,
    "countryCode": "NP",
    "phone": "+977 984-1369443",
    "phoneUnformatted": "+9779841369443",
    "claimThisBusiness": false,
    "location": {
      "lat": 27.6733352,
      "lng": 85.4350754
    },
    "totalScore": 4.3,
    "permanentlyClosed": false,
    "temporarilyClosed": false,
    "placeId": "ChIJk73od60a6zkRwmlB5OFE-lA",
    "categories": [
      "Korean restaurant",
      "Nepalese restaurant"
    ],
    "fid": "0x39eb1aad77e8bd93:0x50fa44e1e44169c2",
    "cid": "5835052004199721410",
    "reviewsCount": 147,
    "reviewsDistribution": {
      "oneStar": 5,
      "twoStar": 6,
      "threeStar": 16,
      "fourStar": 36,
      "fiveStar": 84
    },
    "imagesCount": 278,
    "imageCategories": [],
    "scrapedAt": "2025-11-14T07:38:01.581Z",
    "googleFoodUrl": null,
    "hotelAds": [],
    "openingHours": [
      {
        "day": "Monday",
        "hours": "11 AM to 9 PM"
      },
      {
        "day": "Tuesday",
        "hours": "11 AM to 9 PM"
      },
      {
        "day": "Wednesday",
        "hours": "11 AM to 9 PM"
      },
      {
        "day": "Thursday",
        "hours": "11 AM to 9 PM"
      },
      {
        "day": "Friday",
        "hours": "11 AM to 9 PM"
      },
      {
        "day": "Saturday",
        "hours": "11 AM to 9 PM"
      },
      {
        "day": "Sunday",
        "hours": "11 AM to 9 PM"
      }
    ],
    "peopleAlsoSearch": [],
    "placesTags": [],
    "reviewsTags": [],
    "additionalInfo": {
      "Service options": [
        {
          "Outdoor seating": true
        },
        {
          "No-contact delivery": true
        },
        {
          "Delivery": true
        },
        {
          "Takeout": true
        },
        {
          "Dine-in": true
        }
      ],
      "Highlights": [
        {
          "Great dessert": true
        },
        {
          "Great tea selection": true
        }
      ],
      "Popular for": [
        {
          "Lunch": true
        },
        {
          "Dinner": true
        },
        {
          "Solo dining": true
        }
      ],
      "Accessibility": [
        {
          "Wheelchair accessible entrance": false
        },
        {
          "Wheelchair accessible parking lot": false
        },
        {
          "Wheelchair accessible seating": false
        }
      ],
      "Offerings": [
        {
          "Alcohol": true
        },
        {
          "Beer": true
        },
        {
          "Cocktails": true
        },
        {
          "Coffee": true
        },
        {
          "Halal food": true
        },
        {
          "Hard liquor": true
        },
        {
          "Late-night food": true
        },
        {
          "Quick bite": true
        },
        {
          "Small plates": true
        },
        {
          "Vegetarian options": true
        },
        {
          "Wine": true
        }
      ],
      "Dining options": [
        {
          "Breakfast": true
        },
        {
          "Brunch": true
        },
        {
          "Lunch": true
        },
        {
          "Dinner": true
        },
        {
          "Catering": true
        },
        {
          "Dessert": true
        },
        {
          "Seating": true
        },
        {
          "Table service": true
        }
      ],
      "Amenities": [
        {
          "Bar onsite": true
        },
        {
          "Restroom": true
        }
      ],
      "Atmosphere": [
        {
          "Casual": true
        },
        {
          "Cozy": true
        },
        {
          "Quiet": true
        },
        {
          "Romantic": true
        },
        {
          "Trendy": true
        }
      ],
      "Crowd": [
        {
          "Family-friendly": true
        },
        {
          "Groups": true
        },
        {
          "Tourists": true
        }
      ],
      "Planning": [
        {
          "Accepts reservations": true
        }
      ],
      "Payments": [
        {
          "Credit cards": true
        },
        {
          "NFC mobile payments": true
        },
        {
          "Credit cards": true
        }
      ],
      "Children": [
        {
          "Good for kids": true
        },
        {
          "Good for kids birthday": true
        }
      ]
    },
    "gasPrices": [],
    "url": "https://www.google.com/maps/search/?api=1&query=Peaceful%20Korean%20Restaurant&query_place_id=ChIJk73od60a6zkRwmlB5OFE-lA",
    "searchPageUrl": "https://www.google.com/maps/search/vegetarian%20restaurant/@27.67530454090198,85.43009086349416,17z?hl=en",
    "searchString": "vegetarian restaurant",
    "language": "en",
    "rank": 28,
    "isAdvertisement": false,
    "imageUrl": "https://lh3.googleusercontent.com/p/AF1QipOG2zlJ8TgmQYTeulKJoOSv8ck3McZXCJpXIrLt=w408-h306-k-no",
    "kgmid": "/g/11b7c87n8r"
  },
  {
    "title": "CafeGippum",
    "price": null,
    "categoryName": "Korean restaurant",
    "address": "Madhyapur Thimi, Nepal",
    "neighborhood": "Nikoshera",
    "street": null,
    "city": "Madhyapur Thimi",
    "postalCode": null,
    "state": null,
    "countryCode": "NP",
    "website": "https://www.facebook.com/gippumcafe/",
    "phone": "+977 1-5911706",
    "phoneUnformatted": "+97715911706",
    "claimThisBusiness": false,
    "location": {
      "lat": 27.6774686,
      "lng": 85.3987862
    },
    "totalScore": 4.3,
    "permanentlyClosed": false,
    "temporarilyClosed": false,
    "placeId": "ChIJb5ERAWcb6zkRKmQZKgXSzBA",
    "categories": [
      "Korean restaurant"
    ],
    "fid": "0x39eb1b670111916f:0x10ccd2052a19642a",
    "cid": "1210573319478797354",
    "reviewsCount": 26,
    "imagesCount": 82,
    "imageCategories": [],
    "scrapedAt": "2025-11-14T09:52:05.694Z",
    "googleFoodUrl": null,
    "hotelAds": [],
    "openingHours": [
      {
        "day": "Monday",
        "hours": "9 AM to 8 PM"
      },
      {
        "day": "Tuesday",
        "hours": "9 AM to 8 PM"
      },
      {
        "day": "Wednesday",
        "hours": "9 AM to 8 PM"
      },
      {
        "day": "Thursday",
        "hours": "9 AM to 8 PM"
      },
      {
        "day": "Friday",
        "hours": "9 AM to 8 PM"
      },
      {
        "day": "Saturday",
        "hours": "2 to 8 PM"
      },
      {
        "day": "Sunday",
        "hours": "9 AM to 8 PM"
      }
    ],
    "peopleAlsoSearch": [],
    "placesTags": [],
    "reviewsTags": [],
    "additionalInfo": {
      "Service options": [
        {
          "Outdoor seating": true
        },
        {
          "Drive-through": true
        },
        {
          "Takeout": true
        },
        {
          "Dine-in": true
        }
      ],
      "Highlights": [
        {
          "Great coffee": true
        },
        {
          "Great tea selection": true
        }
      ],
      "Popular for": [
        {
          "Lunch": true
        },
        {
          "Dinner": true
        },
        {
          "Solo dining": true
        }
      ],
      "Accessibility": [
        {
          "Wheelchair accessible entrance": true
        },
        {
          "Wheelchair accessible parking lot": true
        },
        {
          "Wheelchair accessible seating": true
        },
        {
          "Assistive hearing loop": false
        }
      ],
      "Offerings": [
        {
          "Alcohol": true
        },
        {
          "Beer": true
        },
        {
          "Coffee": true
        },
        {
          "Hard liquor": true
        },
        {
          "Quick bite": true
        },
        {
          "Small plates": true
        }
      ],
      "Dining options": [
        {
          "Lunch": true
        },
        {
          "Dinner": true
        },
        {
          "Counter service": true
        },
        {
          "Seating": true
        },
        {
          "Table service": true
        }
      ],
      "Amenities": [
        {
          "Bar onsite": true
        },
        {
          "Restroom": true
        },
        {
          "Wi-Fi": true
        },
        {
          "Free Wi-Fi": true
        }
      ],
      "Atmosphere": [
        {
          "Casual": true
        },
        {
          "Cozy": true
        },
        {
          "Trendy": true
        }
      ],
      "Crowd": [
        {
          "College students": true
        },
        {
          "Family-friendly": true
        },
        {
          "Groups": true
        },
        {
          "LGBTQ+ friendly": true
        },
        {
          "Tourists": true
        },
        {
          "Transgender safespace": true
        }
      ],
      "Planning": [
        {
          "Accepts reservations": true
        }
      ],
      "Payments": [
        {
          "Credit cards": true
        },
        {
          "NFC mobile payments": true
        }
      ],
      "Children": [
        {
          "Good for kids": true
        },
        {
          "Good for kids birthday": true
        },
        {
          "Kids' menu": true
        }
      ],
      "Parking": [
        {
          "Free street parking": true
        }
      ],
      "Pets": [
        {
          "Dogs allowed outside": true
        }
      ]
    },
    "gasPrices": [],
    "url": "https://www.google.com/maps/search/?api=1&query=CafeGippum&query_place_id=ChIJb5ERAWcb6zkRKmQZKgXSzBA",
    "searchPageUrl": "https://www.google.com/maps/search/restaurant/@27.680106502310814,85.39674438680153,17z?hl=en",
    "searchString": "restaurant",
    "language": "en",
    "rank": 13,
    "isAdvertisement": false,
    "imageUrl": "https://lh3.googleusercontent.com/p/AF1QipNugFjI98DqPAZpc8C0khruN6jpcfZpV4yVwWls=w408-h306-k-no",
    "kgmid": "/g/11t0m566_9"
  },
  {
    "title": "MUKBANG KOREAN BBQ & GRILL",
    "price": null,
    "categoryName": "Korean restaurant",
    "address": "Radhe Radhe Rd, Bhaktapur 44800, Nepal",
    "neighborhood": null,
    "street": "Radhe Radhe Rd",
    "city": "Bhaktapur",
    "postalCode": "44800",
    "state": null,
    "countryCode": "NP",
    "phone": "+977 974-1664565",
    "phoneUnformatted": "+9779741664565",
    "claimThisBusiness": false,
    "location": {
      "lat": 27.6760139,
      "lng": 85.3978358
    },
    "permanentlyClosed": false,
    "temporarilyClosed": false,
    "placeId": "ChIJVzcSOQAb6zkRKlYBsQ82vzw",
    "categories": [
      "Korean restaurant"
    ],
    "fid": "0x39eb1b0039123757:0x3cbf360fb101562a",
    "cid": "4377276803849475626",
    "reviewsCount": 0,
    "imagesCount": null,
    "imageCategories": [],
    "scrapedAt": "2025-11-14T09:55:27.354Z",
    "googleFoodUrl": null,
    "hotelAds": [],
    "openingHours": [],
    "peopleAlsoSearch": [],
    "placesTags": [],
    "reviewsTags": [],
    "gasPrices": [],
    "url": "https://www.google.com/maps/search/?api=1&query=MUKBANG%20KOREAN%20BBQ%20%26%20GRILL&query_place_id=ChIJVzcSOQAb6zkRKlYBsQ82vzw",
    "searchPageUrl": "https://www.google.com/maps/search/restaurant/@27.6765083,85.3942093,17.82740441119947z?hl=en",
    "searchString": "restaurant",
    "language": "en",
    "rank": 60,
    "isAdvertisement": false,
    "kgmid": "/g/11ml0sx8rf"
  }
]