[
  {
    "title": "KHADKA MEAT SHOP AND ALCHOL BEVERAGE",
    "price": null,
    "categoryName": "Meat dish restaurant",
    "address": "MCR7+WPC, Sallaghari- Duwakot Rd, Changunarayan, Nepal",
    "neighborhood": "Duwakot",
    "street": "MCR7+WPC, Sallaghari- Duwakot Rd",
    "city": "Changunarayan",
    "postalCode": null,
    "state": null,
    "countryCode": "NP",
    "phone": "+977 986-1210666",
    "phoneUnformatted": "+9779861210666",
    "claimThisBusiness": true,
    "location": {
      "lat": 27.6923029,
      "lng": 85.4142516
    },
    "totalScore": 5,
    "permanentlyClosed": false,
    "temporarilyClosed": false,
    "placeId": "ChIJu656ynYb6zkRBW_cM2gU3S4",
    "categories": [
      "Meat dish restaurant"
    ],
    "fid": "0x39eb1b76ca7aaebb:0x2edd146833dc6f05",
    "cid": "3376877733376978693",
    "reviewsCount": 1,
    "imagesCount": 36,
    "imageCategories": [],
    "scrapedAt": "2025-11-14T09:55:48.024Z",
    "googleFoodUrl": null,
    "hotelAds": [],
    "openingHours": [],
    "peopleAlsoSearch": [],
    "placesTags": [],
    "reviewsTags": [],
    "additionalInfo": {
      "Service options": [
        {
          "Delivery": true
        },
        {
          "Takeout": true
        },
        {
          "Dine-in": true
        }
      ],
      "Offerings": [
        {
          "Small plates": true
        }
      ],
      "Dining options": [
        {
          "Lunch": true
        },
        {
          "Dinner": true
        }
      ],
      "Amenities": [
        {
          "Restroom": true
        }
      ],
      "Atmosphere": [
        {
          "Casual": true
        }
      ],
      "Crowd": [
        {
          "Groups": true
        }
      ],
      "Planning": [
        {
          "Accepts reservations": true
        }
      ],
      "Children": [
        {
          "Good for kids": true
        }
      ]
    },
    "gasPrices": [],
    "url": "https://www.google.com/maps/search/?api=1&query=KHADKA%20MEAT%20SHOP%20AND%20ALCHOL%20BEVERAGE&query_place_id=ChIJu656ynYb6zkRBW_cM2gU3S4",
    "searchPageUrl": "https://www.google.com/maps/search/restaurant/@27.695319506932435,85.41391479560049,17z?hl=en",
    "searchString": "restaurant",
    "language": "en",
    "rank": 1,
    "isAdvertisement": false,
    "imageUrl": "https://lh3.googleusercontent.com/gps-cs-s/AG0ilSxPjMZa8mKfX3W294RMGlluOELicj0qGC6vQ8bbHkODGJLVV2gBeQIIgixIqGlFMSK_cLZMQHtdjpNgbAxZdsz0JV1q2hCDlBxeAzq0EIUIhJRromQxOt0ikXf6uxPLafPO06PwZA=w408-h306-k-no",
    "kgmid": "/g/11fm6g3ntm"
  }
]