[
  {
    "title": "Swastik Newari Khaja Ghar (Authentic Newari Restaurant)",
    "price": null,
    "categoryName": "Nepalese restaurant",
    "address": "Bhaktapur 44800, Nepal",
    "neighborhood": null,
    "street": null,
    "city": "Bhaktapur",
    "postalCode": "44800",
    "state": null,
    "countryCode": "NP",
    "phone": "+977 984-3518502",
    "phoneUnformatted": "+9779843518502",
    "claimThisBusiness": false,
    "location": {
      "lat": 27.6722911,
      "lng": 85.426915
    },
    "totalScore": 5,
    "permanentlyClosed": false,
    "temporarilyClosed": false,
    "placeId": "ChIJoQJ8TAAb6zkRAiXnCCvUubw",
    "categories": [
      "Nepalese restaurant"
    ],
    "fid": "0x39eb1b004c7c02a1:0xbcb9d42b08e72502",
    "cid": "13599133831119971586",
    "reviewsCount": 14,
    "imagesCount": 12,
    "imageCategories": [],
    "scrapedAt": "2025-11-14T07:37:28.407Z",
    "googleFoodUrl": null,
    "hotelAds": [],
    "openingHours": [
      {
        "day": "Monday",
        "hours": "8 AM to 9 PM"
      },
      {
        "day": "Tuesday",
        "hours": "8 AM to 9 PM"
      },
      {
        "day": "Wednesday",
        "hours": "8 AM to 9 PM"
      },
      {
        "day": "Thursday",
        "hours": "8 AM to 9 PM"
      },
      {
        "day": "Friday",
        "hours": "8 AM to 9 PM"
      },
      {
        "day": "Saturday",
        "hours": "8 AM to 9 PM"
      },
      {
        "day": "Sunday",
        "hours": "8 AM to 9 PM"
      }
    ],
    "peopleAlsoSearch": [],
    "placesTags": [],
    "reviewsTags": [],
    "additionalInfo": {
      "Service options": [
        {
          "Takeout": true
        },
        {
          "Dine-in": true
        }
      ]
    },
    "gasPrices": [],
    "url": "https://www.google.com/maps/search/?api=1&query=Swastik%20Newari%20Khaja%20Ghar%20(Authentic%20Newari%20Restaurant)&query_place_id=ChIJoQJ8TAAb6zkRAiXnCCvUubw",
    "searchPageUrl": "https://www.google.com/maps/search/restaurant/@27.667695459098024,85.41290913650586,17z?hl=en",
    "searchString": "restaurant",
    "language": "en",
    "rank": 17,
    "isAdvertisement": false,
    "imageUrl": "https://lh3.googleusercontent.com/p/AF1QipOC_VbyK6eAqAFfmaTs8FEU1vI8A2fe2jX_ixAv=w408-h906-k-no",
    "kgmid": "/g/11ykww6kp2"
  },
  {
    "title": "CULTURE CAFE & BAR",
    "price": null,
    "categoryName": "Nepalese restaurant",
    "address": "Pottery Square, Bhaktapur 44800, Nepal",
    "neighborhood": null,
    "street": "Pottery Square",
    "city": "Bhaktapur",
    "postalCode": "44800",
    "state": null,
    "countryCode": "NP",
    "website": "https://www.facebook.com/profile.php?id=61562305631887&mibextid=ZbWKwL",
    "phone": "+977 1-5923681",
    "phoneUnformatted": "+97715923681",
    "claimThisBusiness": false,
    "location": {
      "lat": 27.6699487,
      "lng": 85.4277691
    },
    "totalScore": 4.7,
    "permanentlyClosed": false,
    "temporarilyClosed": false,
    "placeId": "ChIJUz_WRxkb6zkRK6UCoKnN6ac",
    "categories": [
      "Nepalese restaurant"
    ],
    "fid": "0x39eb1b1947d63f53:0xa7e9cda9a002a52b",
    "cid": "12099428002325243179",
    "reviewsCount": 43,
    "imagesCount": 160,
    "imageCategories": [],
    "scrapedAt": "2025-11-14T07:37:29.218Z",
    "googleFoodUrl": null,
    "hotelAds": [],
    "openingHours": [
      {
        "day": "Monday",
        "hours": "8 AM to 10 PM"
      },
      {
        "day": "Tuesday",
        "hours": "8 AM to 10 PM"
      },
      {
        "day": "Wednesday",
        "hours": "8 AM to 10 PM"
      },
      {
        "day": "Thursday",
        "hours": "8 AM to 10 PM"
      },
      {
        "day": "Friday",
        "hours": "8 AM to 10 PM"
      },
      {
        "day": "Saturday",
        "hours": "8 AM to 10 PM"
      },
      {
        "day": "Sunday",
        "hours": "8 AM to 10 PM"
      }
    ],
    "peopleAlsoSearch": [],
    "placesTags": [],
    "reviewsTags": [],
    "additionalInfo": {
      "Service options": [
        {
          "Delivery": true
        },
        {
          "Takeout": true
        },
        {
          "Dine-in": true
        }
      ],
      "Highlights": [
        {
          "Great coffee": true
        },
        {
          "Great tea selection": true
        },
        {
          "Live music": true
        },
        {
          "Rooftop seating": true
        },
        {
          "Sports": true
        }
      ],
      "Popular for": [
        {
          "Lunch": true
        },
        {
          "Solo dining": true
        }
      ],
      "Offerings": [
        {
          "Alcohol": true
        },
        {
          "Beer": true
        },
        {
          "Coffee": true
        },
        {
          "Hard liquor": true
        },
        {
          "Quick bite": true
        },
        {
          "Small plates": true
        },
        {
          "Wine": true
        }
      ],
      "Dining options": [
        {
          "Lunch": true
        },
        {
          "Dessert": true
        },
        {
          "Seating": true
        },
        {
          "Table service": true
        }
      ],
      "Amenities": [
        {
          "Bar onsite": true
        },
        {
          "Restroom": true
        }
      ],
      "Atmosphere": [
        {
          "Casual": true
        },
        {
          "Cozy": true
        },
        {
          "Trendy": true
        }
      ],
      "Crowd": [
        {
          "Groups": true
        },
        {
          "Tourists": true
        }
      ],
      "Planning": [
        {
          "Accepts reservations": true
        }
      ],
      "Children": [
        {
          "Good for kids": true
        },
        {
          "High chairs": true
        }
      ],
      "Parking": [
        {
          "Free parking garage": true
        },
        {
          "Free parking lot": true
        },
        {
          "Free street parking": true
        },
        {
          "Usually plenty of parking": true
        }
      ]
    },
    "gasPrices": [],
    "url": "https://www.google.com/maps/search/?api=1&query=CULTURE%20CAFE%20%26%20BAR&query_place_id=ChIJUz_WRxkb6zkRK6UCoKnN6ac",
    "searchPageUrl": "https://www.google.com/maps/search/restaurant%20or%20cafe/@27.667695459098024,85.41290913650586,17z?hl=en",
    "searchString": "restaurant or cafe",
    "language": "en",
    "rank": 16,
    "isAdvertisement": false,
    "imageUrl": "https://lh3.googleusercontent.com/p/AF1QipM3buOVujDmxzXrWKzQFHAdFkvnse_niDqYnwjM=w408-h272-k-no",
    "kgmid": "/g/11y3pr1tm0"
  },
  {
    "title": "Gopal Dai Ko Chya Pasal",
    "price": null,
    "categoryName": "Nepalese restaurant",
    "address": "Dattatraya Temple, Bhaktapur 44800, Nepal",
    "neighborhood": null,
    "street": "Dattatraya Temple",
    "city": "Bhaktapur",
    "postalCode": "44800",
    "state": null,
    "countryCode": "NP",
    "claimThisBusiness": true,
    "location": {
      "lat": 27.6733399,
      "lng": 85.4354511
    },
    "totalScore": 5,
    "permanentlyClosed": false,
    "temporarilyClosed": false,
    "placeId": "ChIJ3WHYkIQb6zkRBMQgwouUR_M",
    "categories": [
      "Nepalese restaurant"
    ],
    "fid": "0x39eb1b8490d861dd:0xf347948bc220c404",
    "cid": "17530143402541237252",
    "reviewsCount": 2,
    "reviewsDistribution": {
      "oneStar": 0,
      "twoStar": 0,
      "threeStar": 0,
      "fourStar": 0,
      "fiveStar": 2
    },
    "imagesCount": 12,
    "imageCategories": [],
    "scrapedAt": "2025-11-14T07:38:04.570Z",
    "googleFoodUrl": null,
    "hotelAds": [],
    "openingHours": [],
    "peopleAlsoSearch": [],
    "placesTags": [],
    "reviewsTags": [],
    "additionalInfo": {
      "Service options": [
        {
          "Takeout": true
        },
        {
          "Dine-in": true
        }
      ],
      "Accessibility": [
        {
          "Wheelchair accessible restroom": true
        }
      ],
      "Offerings": [
        {
          "Alcohol": true
        },
        {
          "Beer": true
        },
        {
          "Hard liquor": true
        },
        {
          "Quick bite": true
        },
        {
          "Small plates": true
        },
        {
          "Wine": true
        }
      ],
      "Dining options": [
        {
          "Lunch": true
        }
      ],
      "Amenities": [
        {
          "Restroom": true
        }
      ],
      "Atmosphere": [
        {
          "Casual": true
        }
      ],
      "Crowd": [
        {
          "Groups": true
        }
      ],
      "Children": [
        {
          "Good for kids": true
        }
      ]
    },
    "gasPrices": [],
    "url": "https://www.google.com/maps/search/?api=1&query=Gopal%20Dai%20Ko%20Chya%20Pasal&query_place_id=ChIJ3WHYkIQb6zkRBMQgwouUR_M",
    "searchPageUrl": "https://www.google.com/maps/search/breakfast%20restaurant/@27.67530454090198,85.43009086349416,17z?hl=en",
    "searchString": "breakfast restaurant",
    "language": "en",
    "rank": 33,
    "isAdvertisement": false,
    "imageUrl": "https://lh3.googleusercontent.com/gps-cs-s/AG0ilSwF12MAhfE4SPRfurIPvKDc-RFODv4TSaJqqhUtARAgzaVF_k5hLHCFKtTi0ReChBON5BIZQusXFCj-oQJno92klNdAPtdXpgJqqobp_maOWRo13JrJwVNOhDIQTWcdhIZi0ck=w408-h544-k-no",
    "kgmid": "/g/11t9_qc3_j"
  },
  {
    "title": "Baktapur",
    "price": null,
    "categoryName": "Nepalese restaurant",
    "address": "MCFG+GVW, Suryabinayak 44800, Nepal",
    "neighborhood": null,
    "street": "MCFG+GVW",
    "city": "Suryabinayak",
    "postalCode": null,
    "state": null,
    "countryCode": "NP",
    "claimThisBusiness": true,
    "location": {
      "lat": 27.6738731,
      "lng": 85.4272014
    },
    "permanentlyClosed": false,
    "temporarilyClosed": false,
    "placeId": "ChIJV1NaHQAb6zkRBFX8390bw6M",
    "categories": [
      "Nepalese restaurant"
    ],
    "fid": "0x39eb1b001d5a5357:0xa3c31bdddffc5504",
    "cid": "11800306088400409860",
    "reviewsCount": 0,
    "imagesCount": 1,
    "imageCategories": [],
    "scrapedAt": "2025-11-14T07:38:07.696Z",
    "googleFoodUrl": null,
    "hotelAds": [],
    "openingHours": [],
    "peopleAlsoSearch": [],
    "placesTags": [],
    "reviewsTags": [],
    "gasPrices": [],
    "url": "https://www.google.com/maps/search/?api=1&query=Baktapur&query_place_id=ChIJV1NaHQAb6zkRBFX8390bw6M",
    "searchPageUrl": "https://www.google.com/maps/search/restaurant/@27.67530454090198,85.43009086349416,17z?hl=en",
    "searchString": "restaurant",
    "language": "en",
    "rank": 74,
    "isAdvertisement": false,
    "imageUrl": "https://streetviewpixels-pa.googleapis.com/v1/thumbnail?panoid=U0T8W1nXdil8KVW6mGGq2g&cb_client=search.gws-prod.gps&w=408&h=240&yaw=101.69045&pitch=0&thumbfov=100",
    "kgmid": "/g/11yj29zbg4"
  },
  {
    "title": "Unique Khaja Ghar",
    "price": null,
    "categoryName": "Nepalese restaurant",
    "address": "MC8C+5VP, Bhaktapur 44800, Nepal",
    "neighborhood": "Katunje",
    "street": "MC8C+5VP",
    "city": "Bhaktapur",
    "postalCode": null,
    "state": null,
    "countryCode": "NP",
    "phone": "+977 984-1271646",
    "phoneUnformatted": "+9779841271646",
    "claimThisBusiness": true,
    "location": {
      "lat": 27.6654513,
      "lng": 85.4221887
    },
    "totalScore": 5,
    "permanentlyClosed": false,
    "temporarilyClosed": false,
    "placeId": "ChIJdUcB9Jcb6zkRik7D5vS4xXI",
    "categories": [
      "Nepalese restaurant"
    ],
    "fid": "0x39eb1b97f4014775:0x72c5b8f4e6c34e8a",
    "cid": "8270219652718874250",
    "reviewsCount": 2,
    "imagesCount": 9,
    "imageCategories": [],
    "scrapedAt": "2025-11-14T07:38:18.347Z",
    "googleFoodUrl": null,
    "hotelAds": [],
    "openingHours": [
      {
        "day": "Monday",
        "hours": "1 to 10 PM"
      },
      {
        "day": "Tuesday",
        "hours": "1 to 10 PM"
      },
      {
        "day": "Wednesday",
        "hours": "1 to 10 PM"
      },
      {
        "day": "Thursday",
        "hours": "1 to 10 PM"
      },
      {
        "day": "Friday",
        "hours": "1 to 10 PM"
      },
      {
        "day": "Saturday",
        "hours": "1 to 10 PM"
      },
      {
        "day": "Sunday",
        "hours": "1 to 10 PM"
      }
    ],
    "peopleAlsoSearch": [],
    "placesTags": [],
    "reviewsTags": [],
    "additionalInfo": {
      "Service options": [
        {
          "Takeout": true
        },
        {
          "Dine-in": true
        }
      ],
      "Popular for": [
        {
          "Solo dining": true
        }
      ],
      "Offerings": [
        {
          "Alcohol": true
        },
        {
          "Beer": true
        },
        {
          "Hard liquor": true
        },
        {
          "Quick bite": true
        },
        {
          "Small plates": true
        },
        {
          "Wine": true
        }
      ],
      "Dining options": [
        {
          "Lunch": true
        },
        {
          "Dinner": true
        },
        {
          "Table service": true
        }
      ],
      "Amenities": [
        {
          "Restroom": true
        }
      ],
      "Atmosphere": [
        {
          "Casual": true
        }
      ],
      "Crowd": [
        {
          "Groups": true
        }
      ]
    },
    "gasPrices": [],
    "url": "https://www.google.com/maps/search/?api=1&query=Unique%20Khaja%20Ghar&query_place_id=ChIJdUcB9Jcb6zkRik7D5vS4xXI",
    "searchPageUrl": "https://www.google.com/maps/search/restaurant/@27.667695459098024,85.42150000000001,17z?hl=en",
    "searchString": "restaurant",
    "language": "en",
    "rank": 12,
    "isAdvertisement": false,
    "imageUrl": "https://lh3.googleusercontent.com/gps-cs-s/AG0ilSwhyasGnJa5j77FmWx7t24jx4P2fGxaGzrM3G96lzYNz37hZdmvXb-YaXwKBNa8voWDZDJApyaemiPzv170LayxhRxaoeLB2XHhxl9JiJ72Mkoix4JMHWLzOnlHpCaTO5eir0J04Q=w408-h306-k-no",
    "kgmid": "/g/11rtx61f0y"
  },
  {
    "title": "Nagarkot Khaja & Thakali Bhojanalaya",
    "price": null,
    "categoryName": "Nepalese restaurant",
    "address": "MCGQ+C28, Jagati-KamalBinayak Rd, Bhaktapur 44800, Nepal",
    "neighborhood": null,
    "street": "MCGQ+C28, Jagati-KamalBinayak Rd",
    "city": "Bhaktapur",
    "postalCode": "44800",
    "state": null,
    "countryCode": "NP",
    "claimThisBusiness": true,
    "location": {
      "lat": 27.6760335,
      "lng": 85.4375354
    },
    "totalScore": 5,
    "permanentlyClosed": false,
    "temporarilyClosed": false,
    "placeId": "ChIJPz-ehGMb6zkRUo3ueLgb6sA",
    "categories": [
      "Nepalese restaurant"
    ],
    "fid": "0x39eb1b63849e3f3f:0xc0ea1bb878ee8d52",
    "cid": "13900953678949289298",
    "reviewsCount": 6,
    "imagesCount": 29,
    "imageCategories": [],
    "scrapedAt": "2025-11-14T07:38:51.831Z",
    "googleFoodUrl": null,
    "hotelAds": [],
    "openingHours": [
      {
        "day": "Monday",
        "hours": "7 AM to 9 PM"
      },
      {
        "day": "Tuesday",
        "hours": "7 AM to 9 PM"
      },
      {
        "day": "Wednesday",
        "hours": "7 AM to 9 PM"
      },
      {
        "day": "Thursday",
        "hours": "7 AM to 9 PM"
      },
      {
        "day": "Friday",
        "hours": "7 AM to 9 PM"
      },
      {
        "day": "Saturday",
        "hours": "7 AM to 9 PM"
      },
      {
        "day": "Sunday",
        "hours": "7 AM to 9 PM"
      }
    ],
    "peopleAlsoSearch": [],
    "placesTags": [],
    "reviewsTags": [],
    "additionalInfo": {
      "Service options": [
        {
          "Takeout": true
        },
        {
          "Dine-in": true
        }
      ],
      "Popular for": [
        {
          "Lunch": true
        },
        {
          "Dinner": true
        },
        {
          "Solo dining": true
        }
      ],
      "Offerings": [
        {
          "Alcohol": true
        },
        {
          "Beer": true
        },
        {
          "Coffee": true
        },
        {
          "Hard liquor": true
        },
        {
          "Quick bite": true
        },
        {
          "Small plates": true
        },
        {
          "Wine": true
        }
      ],
      "Dining options": [
        {
          "Lunch": true
        },
        {
          "Dinner": true
        },
        {
          "Table service": true
        }
      ],
      "Amenities": [
        {
          "Restroom": true
        }
      ],
      "Atmosphere": [
        {
          "Casual": true
        }
      ],
      "Crowd": [
        {
          "Groups": true
        }
      ],
      "Planning": [
        {
          "Accepts reservations": true
        }
      ],
      "Children": [
        {
          "Good for kids": true
        }
      ]
    },
    "gasPrices": [],
    "url": "https://www.google.com/maps/search/?api=1&query=Nagarkot%20Khaja%20%26%20Thakali%20Bhojanalaya&query_place_id=ChIJPz-ehGMb6zkRUo3ueLgb6sA",
    "searchPageUrl": "https://www.google.com/maps/search/restaurant/@27.67530454090198,85.4386817269883,17z?hl=en",
    "searchString": "restaurant",
    "language": "en",
    "rank": 8,
    "isAdvertisement": false,
    "imageUrl": "https://lh3.googleusercontent.com/gps-cs-s/AG0ilSxgyj1dZy09u-ry6bUtBcWQx4mTob6OaJZ9jyh5uA6VuOGNN9Gjd1yxdU0FOZgD3ClhCKfCaI8j-uqZIKI7nJy70oeEYweOusRt8u0UvxR6-v1zYTogNbhW72Vh7QLs_grFtls=w408-h544-k-no",
    "kgmid": "/g/11khxh0cgp"
  },
  {
    "title": "Shiyamguota",
    "price": null,
    "categoryName": "Nepalese restaurant",
    "address": "MCCH+9WW, Bhaktapur 44800, Nepal",
    "neighborhood": null,
    "street": "MCCH+9WW",
    "city": "Bhaktapur",
    "postalCode": null,
    "state": null,
    "countryCode": "NP",
    "claimThisBusiness": true,
    "location": {
      "lat": 27.670994,
      "lng": 85.4298429
    },
    "permanentlyClosed": false,
    "temporarilyClosed": false,
    "placeId": "ChIJvT-WYwAb6zkRrsYcOfevPzw",
    "categories": [
      "Nepalese restaurant"
    ],
    "fid": "0x39eb1b0063963fbd:0x3c3faff7391cc6ae",
    "cid": "4341382042158417582",
    "reviewsCount": 0,
    "imagesCount": 1,
    "imageCategories": [],
    "scrapedAt": "2025-11-14T07:39:04.967Z",
    "googleFoodUrl": null,
    "hotelAds": [],
    "openingHours": [],
    "peopleAlsoSearch": [],
    "placesTags": [],
    "reviewsTags": [],
    "additionalInfo": {
      "Service options": [
        {
          "Takeout": true
        },
        {
          "Dine-in": true
        }
      ],
      "Popular for": [
        {
          "Solo dining": true
        }
      ],
      "Offerings": [
        {
          "Alcohol": true
        },
        {
          "Beer": true
        },
        {
          "Hard liquor": true
        },
        {
          "Quick bite": true
        },
        {
          "Small plates": true
        }
      ],
      "Dining options": [
        {
          "Table service": true
        }
      ],
      "Amenities": [
        {
          "Restroom": true
        }
      ],
      "Atmosphere": [
        {
          "Casual": true
        }
      ],
      "Crowd": [
        {
          "Groups": true
        }
      ],
      "Children": [
        {
          "Good for kids": true
        }
      ]
    },
    "gasPrices": [],
    "url": "https://www.google.com/maps/search/?api=1&query=Shiyamguota&query_place_id=ChIJvT-WYwAb6zkRrsYcOfevPzw",
    "searchPageUrl": "https://www.google.com/maps/search/restaurant/@27.667695459098024,85.43009086349416,17z?hl=en",
    "searchString": "restaurant",
    "language": "en",
    "rank": 53,
    "isAdvertisement": false,
    "imageUrl": "https://streetviewpixels-pa.googleapis.com/v1/thumbnail?panoid=Xiwkb2LIzRqxgf6gIkv8Jw&cb_client=search.gws-prod.gps&w=408&h=240&yaw=356.4451&pitch=0&thumbfov=100",
    "kgmid": "/g/11vyx6y1jd"
  },
  {
    "title": "Dawa dai khaja ghar",
    "subTitle": "दावा दाइ खाजा घर",
    "price": null,
    "categoryName": "Nepalese restaurant",
    "address": "MCJV+PVR, Pipeline Road, Bhaktapur 44800, Nepal",
    "neighborhood": null,
    "street": "MCJV+PVR, Pipeline Road",
    "city": "Bhaktapur",
    "postalCode": "44800",
    "state": null,
    "countryCode": "NP",
    "claimThisBusiness": true,
    "location": {
      "lat": 27.6818508,
      "lng": 85.4446401
    },
    "permanentlyClosed": false,
    "temporarilyClosed": false,
    "placeId": "ChIJJwHnGaYF6zkRscL1QKI80ac",
    "categories": [
      "Nepalese restaurant"
    ],
    "fid": "0x39eb05a619e70127:0xa7d13ca240f5c2b1",
    "cid": "12092513142038708913",
    "reviewsCount": 0,
    "imagesCount": 2,
    "imageCategories": [],
    "scrapedAt": "2025-11-14T07:51:20.921Z",
    "googleFoodUrl": null,
    "hotelAds": [],
    "openingHours": [],
    "peopleAlsoSearch": [],
    "placesTags": [],
    "reviewsTags": [],
    "additionalInfo": {
      "Service options": [
        {
          "Takeout": true
        },
        {
          "Dine-in": true
        }
      ],
      "Offerings": [
        {
          "Alcohol": true
        },
        {
          "Beer": true
        },
        {
          "Hard liquor": true
        },
        {
          "Small plates": true
        },
        {
          "Wine": true
        }
      ],
      "Dining options": [
        {
          "Breakfast": true
        },
        {
          "Lunch": true
        },
        {
          "Dinner": true
        },
        {
          "Table service": true
        }
      ],
      "Amenities": [
        {
          "Restroom": true
        }
      ],
      "Atmosphere": [
        {
          "Casual": true
        }
      ],
      "Crowd": [
        {
          "Groups": true
        }
      ],
      "Children": [
        {
          "Good for kids": true
        }
      ]
    },
    "gasPrices": [],
    "url": "https://www.google.com/maps/search/?api=1&query=Dawa%20dai%20khaja%20ghar&query_place_id=ChIJJwHnGaYF6zkRscL1QKI80ac",
    "searchPageUrl": "https://www.google.com/maps/search/restaurant/@27.682206976617763,85.43917320490378,17z?hl=en",
    "searchString": "restaurant",
    "language": "en",
    "rank": 24,
    "isAdvertisement": false,
    "imageUrl": "https://streetviewpixels-pa.googleapis.com/v1/thumbnail?panoid=HR-n2UZE9PbIkT-_aeC_tw&cb_client=search.gws-prod.gps&w=408&h=240&yaw=150.37117&pitch=0&thumbfov=100",
    "kgmid": "/g/11lszgrjw4"
  },
  {
    "title": "Deepshika khaja Ghar",
    "price": null,
    "categoryName": "Nepalese restaurant",
    "address": "Opposite One Day Cricket Academy, Rukmani Chowk, Bista gau Road, Kageshwori Manohara 44600, Nepal",
    "neighborhood": "Thapagaon",
    "street": "Opposite One Day Cricket Academy, Rukmani Chowk, Bista gau Road",
    "city": "Kageshwori Manohara",
    "postalCode": "44600",
    "state": null,
    "countryCode": "NP",
    "phone": "+977 980-7973039",
    "phoneUnformatted": "+9779807973039",
    "claimThisBusiness": false,
    "location": {
      "lat": 27.6988248,
      "lng": 85.3859903
    },
    "totalScore": 3.7,
    "permanentlyClosed": false,
    "temporarilyClosed": false,
    "placeId": "ChIJ-cDJDOob6zkRrmV_U5X3DfY",
    "categories": [
      "Nepalese restaurant"
    ],
    "fid": "0x39eb1bea0cc9c0f9:0xf60df795537f65ae",
    "cid": "17730099528750556590",
    "reviewsCount": 3,
    "reviewsDistribution": {
      "oneStar": 1,
      "twoStar": 0,
      "threeStar": 0,
      "fourStar": 0,
      "fiveStar": 2
    },
    "imagesCount": 20,
    "imageCategories": [],
    "scrapedAt": "2025-11-14T09:51:49.902Z",
    "googleFoodUrl": null,
    "hotelAds": [],
    "openingHours": [
      {
        "day": "Monday",
        "hours": "5 AM to 9 PM"
      },
      {
        "day": "Tuesday",
        "hours": "5 AM to 9 PM"
      },
      {
        "day": "Wednesday",
        "hours": "5 AM to 9 PM"
      },
      {
        "day": "Thursday",
        "hours": "5 AM to 9 PM"
      },
      {
        "day": "Friday",
        "hours": "5 AM to 9 PM"
      },
      {
        "day": "Saturday",
        "hours": "5 AM to 9 PM"
      },
      {
        "day": "Sunday",
        "hours": "5 AM to 9 PM"
      }
    ],
    "peopleAlsoSearch": [],
    "placesTags": [],
    "reviewsTags": [],
    "additionalInfo": {
      "Service options": [
        {
          "Delivery": true
        },
        {
          "Takeout": true
        },
        {
          "Dine-in": true
        }
      ],
      "Highlights": [
        {
          "Great beer selection": true
        }
      ],
      "Popular for": [
        {
          "Solo dining": true
        }
      ],
      "Offerings": [
        {
          "Alcohol": true
        },
        {
          "Beer": true
        },
        {
          "Coffee": true
        },
        {
          "Hard liquor": true
        },
        {
          "Quick bite": true
        },
        {
          "Small plates": true
        },
        {
          "Wine": true
        }
      ],
      "Dining options": [
        {
          "Breakfast": true
        },
        {
          "Lunch": true
        },
        {
          "Dinner": true
        },
        {
          "Table service": true
        }
      ],
      "Amenities": [
        {
          "Restroom": true
        }
      ],
      "Atmosphere": [
        {
          "Casual": true
        }
      ],
      "Crowd": [
        {
          "Groups": true
        }
      ],
      "Children": [
        {
          "Good for kids": true
        }
      ]
    },
    "gasPrices": [],
    "url": "https://www.google.com/maps/search/?api=1&query=Deepshika%20khaja%20Ghar&query_place_id=ChIJ-cDJDOob6zkRrmV_U5X3DfY",
    "searchPageUrl": "https://www.google.com/maps/search/cafe/@27.695319506932435,85.38815918240205,17z?hl=en",
    "searchString": "cafe",
    "language": "en",
    "rank": 23,
    "isAdvertisement": false,
    "imageUrl": "https://lh3.googleusercontent.com/p/AF1QipOWuCvN3cTRMDckFw2C1YZwGPP1wkNhR-LEZxdT=w408-h306-k-no",
    "kgmid": "/g/11ssvfxztv"
  },
  {
    "title": "Jojolapa Khaja Ghar",
    "price": null,
    "categoryName": "Nepalese restaurant",
    "address": "M9GF+5WJ, Madhyapur Thimi 44600, Nepal",
    "neighborhood": "Gatthaghar",
    "street": "M9GF+5WJ",
    "city": "Madhyapur Thimi",
    "postalCode": "44600",
    "state": null,
    "countryCode": "NP",
    "phone": "+977 986-0329542",
    "phoneUnformatted": "+9779860329542",
    "claimThisBusiness": true,
    "location": {
      "lat": 27.6754617,
      "lng": 85.3747703
    },
    "totalScore": 5,
    "permanentlyClosed": false,
    "temporarilyClosed": false,
    "placeId": "ChIJ6XfIge8b6zkRonAG9zIPeXc",
    "categories": [
      "Nepalese restaurant"
    ],
    "fid": "0x39eb1bef81c877e9:0x77790f32f70670a2",
    "cid": "8608928874262589602",
    "reviewsCount": 3,
    "imagesCount": 1,
    "imageCategories": [],
    "scrapedAt": "2025-11-14T09:53:10.412Z",
    "googleFoodUrl": null,
    "hotelAds": [],
    "openingHours": [],
    "peopleAlsoSearch": [],
    "placesTags": [],
    "reviewsTags": [],
    "additionalInfo": {
      "Service options": [
        {
          "Takeout": true
        },
        {
          "Dine-in": true
        }
      ],
      "Popular for": [
        {
          "Solo dining": true
        }
      ],
      "Offerings": [
        {
          "Alcohol": true
        },
        {
          "Beer": true
        },
        {
          "Coffee": true
        },
        {
          "Hard liquor": true
        },
        {
          "Quick bite": true
        },
        {
          "Small plates": true
        },
        {
          "Wine": true
        }
      ],
      "Dining options": [
        {
          "Lunch": true
        },
        {
          "Dinner": true
        },
        {
          "Table service": true
        }
      ],
      "Amenities": [
        {
          "Restroom": true
        }
      ],
      "Atmosphere": [
        {
          "Casual": true
        }
      ],
      "Crowd": [
        {
          "Groups": true
        }
      ],
      "Planning": [
        {
          "Accepts reservations": true
        }
      ]
    },
    "gasPrices": [],
    "url": "https://www.google.com/maps/search/?api=1&query=Jojolapa%20Khaja%20Ghar&query_place_id=ChIJ6XfIge8b6zkRonAG9zIPeXc",
    "searchPageUrl": "https://www.google.com/maps/search/restaurant/@27.672500000000003,85.37098877360309,17z?hl=en",
    "searchString": "restaurant",
    "language": "en",
    "rank": 4,
    "isAdvertisement": false,
    "imageUrl": "https://streetviewpixels-pa.googleapis.com/v1/thumbnail?panoid=_JJbYq3DbGhEZWvsxHfcxw&cb_client=search.gws-prod.gps&w=408&h=240&yaw=229.50217&pitch=0&thumbfov=100",
    "kgmid": "/g/11ny420pvl"
  },
  {
    "title": "बुडाथोंकी तास एंड छोइला हाउस",
    "price": null,
    "categoryName": "Nepalese restaurant",
    "address": "M9FF+V3C, Madhyapur Thimi 44600, Nepal",
    "neighborhood": "Gatthaghar",
    "street": "M9FF+V3C",
    "city": "Madhyapur Thimi",
    "postalCode": "44600",
    "state": null,
    "countryCode": "NP",
    "phone": "+977 970-8305778",
    "phoneUnformatted": "+9779708305778",
    "claimThisBusiness": true,
    "location": {
      "lat": 27.674678,
      "lng": 85.3726167
    },
    "totalScore": 3.8,
    "permanentlyClosed": false,
    "temporarilyClosed": false,
    "placeId": "ChIJS-ZuJQAb6zkRQXxFsLTX5-4",
    "categories": [
      "Nepalese restaurant"
    ],
    "fid": "0x39eb1b00256ee64b:0xeee7d7b4b0457c41",
    "cid": "17214965271698439233",
    "reviewsCount": 6,
    "reviewsDistribution": {
      "oneStar": 1,
      "twoStar": 1,
      "threeStar": 0,
      "fourStar": 0,
      "fiveStar": 4
    },
    "imagesCount": 13,
    "imageCategories": [],
    "scrapedAt": "2025-11-14T09:53:11.961Z",
    "googleFoodUrl": null,
    "hotelAds": [],
    "openingHours": [
      {
        "day": "Monday",
        "hours": "6:30 AM to 10 PM"
      },
      {
        "day": "Tuesday",
        "hours": "6:30 AM to 10 PM"
      },
      {
        "day": "Wednesday",
        "hours": "6:30 AM to 10 PM"
      },
      {
        "day": "Thursday",
        "hours": "6:30 AM to 10 PM"
      },
      {
        "day": "Friday",
        "hours": "6:30 AM to 10 PM"
      },
      {
        "day": "Saturday",
        "hours": "6:30 AM to 10 PM"
      },
      {
        "day": "Sunday",
        "hours": "6:30 AM to 10 PM"
      }
    ],
    "peopleAlsoSearch": [],
    "placesTags": [],
    "reviewsTags": [],
    "additionalInfo": {
      "Service options": [
        {
          "Dine-in": true
        }
      ],
      "Popular for": [
        {
          "Solo dining": true
        }
      ],
      "Offerings": [
        {
          "Quick bite": true
        },
        {
          "Small plates": true
        }
      ],
      "Dining options": [
        {
          "Table service": true
        }
      ],
      "Amenities": [
        {
          "Restroom": true
        }
      ],
      "Atmosphere": [
        {
          "Casual": true
        }
      ],
      "Crowd": [
        {
          "Groups": true
        }
      ],
      "Children": [
        {
          "Good for kids": true
        }
      ]
    },
    "gasPrices": [],
    "url": "https://www.google.com/maps/search/?api=1&query=%E0%A4%AC%E0%A5%81%E0%A4%A1%E0%A4%BE%E0%A4%A5%E0%A5%8B%E0%A4%82%E0%A4%95%E0%A5%80%20%E0%A4%A4%E0%A4%BE%E0%A4%B8%20%E0%A4%8F%E0%A4%82%E0%A4%A1%20%E0%A4%9B%E0%A5%8B%E0%A4%87%E0%A4%B2%E0%A4%BE%20%E0%A4%B9%E0%A4%BE%E0%A4%89%E0%A4%B8&query_place_id=ChIJS-ZuJQAb6zkRQXxFsLTX5-4",
    "searchPageUrl": "https://www.google.com/maps/search/restaurant/@27.672500000000003,85.37098877360309,17z?hl=en",
    "searchString": "restaurant",
    "language": "en",
    "rank": 48,
    "isAdvertisement": false,
    "imageUrl": "https://lh3.googleusercontent.com/gps-cs-s/AG0ilSxiRUpB1GSt3JxMVJRB1htWcO44U-82HAjTBjVof_khK_AP5Qf-xL8si1AxJz-bGSlSGiKWrPR_tSmABC77X-0Czw1Sy8AgBkziBtAMz_3bbfrb1ElZSGGLQauHXzkzoDBbVJgx=w408-h544-k-no",
    "kgmid": "/g/11lnppy4th"
  },
  {
    "title": "Purano dahu fast food",
    "price": null,
    "categoryName": "Nepalese restaurant",
    "address": "M9F8+F2J, F091, Anantalingeshwar 44600, Nepal",
    "neighborhood": "Kausaltar",
    "street": "M9F8+F2J, F091",
    "city": "Anantalingeshwar",
    "postalCode": null,
    "state": null,
    "countryCode": "NP",
    "phone": "+977 981-8558506",
    "phoneUnformatted": "+9779818558506",
    "claimThisBusiness": true,
    "location": {
      "lat": 27.6737221,
      "lng": 85.3650027
    },
    "totalScore": 3.1,
    "permanentlyClosed": false,
    "temporarilyClosed": false,
    "placeId": "ChIJ16chGHYb6zkRfAqtMZUTn7o",
    "categories": [
      "Nepalese restaurant"
    ],
    "fid": "0x39eb1b761821a7d7:0xba9f139531ad0a7c",
    "cid": "13447488543856069244",
    "reviewsCount": 7,
    "reviewsDistribution": {
      "oneStar": 2,
      "twoStar": 0,
      "threeStar": 2,
      "fourStar": 1,
      "fiveStar": 2
    },
    "imagesCount": 4,
    "imageCategories": [],
    "scrapedAt": "2025-11-14T09:53:12.806Z",
    "googleFoodUrl": null,
    "hotelAds": [],
    "openingHours": [
      {
        "day": "Monday",
        "hours": "Open 24 hours"
      },
      {
        "day": "Tuesday",
        "hours": "Open 24 hours"
      },
      {
        "day": "Wednesday",
        "hours": "Open 24 hours"
      },
      {
        "day": "Thursday",
        "hours": "Open 24 hours"
      },
      {
        "day": "Friday",
        "hours": "Open 24 hours"
      },
      {
        "day": "Saturday",
        "hours": "Open 24 hours"
      },
      {
        "day": "Sunday",
        "hours": "Open 24 hours"
      }
    ],
    "peopleAlsoSearch": [],
    "placesTags": [],
    "reviewsTags": [],
    "additionalInfo": {
      "Service options": [
        {
          "Takeout": true
        },
        {
          "Dine-in": true
        }
      ],
      "Popular for": [
        {
          "Solo dining": true
        }
      ],
      "Offerings": [
        {
          "Quick bite": true
        },
        {
          "Small plates": true
        }
      ],
      "Dining options": [
        {
          "Lunch": true
        },
        {
          "Dinner": true
        },
        {
          "Table service": true
        }
      ],
      "Amenities": [
        {
          "Restroom": true
        }
      ],
      "Atmosphere": [
        {
          "Casual": true
        }
      ],
      "Crowd": [
        {
          "Groups": true
        }
      ],
      "Children": [
        {
          "Good for kids": true
        }
      ]
    },
    "gasPrices": [],
    "url": "https://www.google.com/maps/search/?api=1&query=Purano%20dahu%20fast%20food&query_place_id=ChIJ16chGHYb6zkRfAqtMZUTn7o",
    "searchPageUrl": "https://www.google.com/maps/search/restaurant/@27.672500000000003,85.37098877360309,17z?hl=en",
    "searchString": "restaurant",
    "language": "en",
    "rank": 75,
    "isAdvertisement": false,
    "imageUrl": "https://lh3.googleusercontent.com/gps-cs-s/AG0ilSw0PJRNI8_BTR7HGVOrk-fSPthLiqTs_xQUhQCFFZAeD4aTZFw7-ymETKbZUv0V_sVMoCWc9xxlhp20YceaUKfssBMvt7JRPDTnhhSnsqd9DweyyBPssPNmVpnnpwpIz2Q94D3m=w408-h725-k-no",
    "kgmid": "/g/11ks1mv3rl"
  },
  {
    "title": "Ghyampe dada khaja ghar",
    "price": null,
    "categoryName": "Nepalese restaurant",
    "address": "Ranikot Rd, Suryabinayak, Nepal",
    "neighborhood": "Sipadol",
    "street": "Ranikot Rd",
    "city": "Suryabinayak",
    "postalCode": null,
    "state": null,
    "countryCode": "NP",
    "phone": "+977 982-1537528",
    "phoneUnformatted": "+9779821537528",
    "claimThisBusiness": false,
    "location": {
      "lat": 27.6316745,
      "lng": 85.4295132
    },
    "totalScore": 4.3,
    "permanentlyClosed": false,
    "temporarilyClosed": false,
    "placeId": "ChIJnSH_7MQR6zkRx_KDNVZMpeE",
    "categories": [
      "Nepalese restaurant"
    ],
    "fid": "0x39eb11c4ecff219d:0xe1a54c563583f2c7",
    "cid": "16259485962839782087",
    "reviewsCount": 25,
    "imagesCount": 52,
    "imageCategories": [],
    "scrapedAt": "2025-11-14T09:54:43.462Z",
    "googleFoodUrl": null,
    "hotelAds": [],
    "openingHours": [
      {
        "day": "Monday",
        "hours": "6:30 AM to 7 PM"
      },
      {
        "day": "Tuesday",
        "hours": "6:30 AM to 7 PM"
      },
      {
        "day": "Wednesday",
        "hours": "6:30 AM to 7 PM"
      },
      {
        "day": "Thursday",
        "hours": "6:30 AM to 7 PM"
      },
      {
        "day": "Friday",
        "hours": "6:30 AM to 7 PM"
      },
      {
        "day": "Saturday",
        "hours": "6:30 AM to 7 PM"
      },
      {
        "day": "Sunday",
        "hours": "6:30 AM to 7 PM"
      }
    ],
    "peopleAlsoSearch": [],
    "placesTags": [],
    "reviewsTags": [],
    "additionalInfo": {
      "Service options": [
        {
          "Takeout": true
        },
        {
          "Dine-in": true
        }
      ],
      "Popular for": [
        {
          "Solo dining": true
        }
      ],
      "Offerings": [
        {
          "Alcohol": true
        },
        {
          "Beer": true
        },
        {
          "Hard liquor": true
        },
        {
          "Quick bite": true
        },
        {
          "Small plates": true
        }
      ],
      "Dining options": [
        {
          "Lunch": true
        },
        {
          "Table service": true
        }
      ],
      "Amenities": [
        {
          "Restroom": true
        }
      ],
      "Atmosphere": [
        {
          "Casual": true
        }
      ],
      "Crowd": [
        {
          "Groups": true
        }
      ],
      "Children": [
        {
          "Good for kids": true
        }
      ]
    },
    "gasPrices": [],
    "url": "https://www.google.com/maps/search/?api=1&query=Ghyampe%20dada%20khaja%20ghar&query_place_id=ChIJnSH_7MQR6zkRx_KDNVZMpeE",
    "searchPageUrl": "https://www.google.com/maps/search/restaurant/@27.62686098613514,85.42249999999997,17z?hl=en",
    "searchString": "restaurant",
    "language": "en",
    "rank": 2,
    "isAdvertisement": false,
    "imageUrl": "https://lh3.googleusercontent.com/p/AF1QipPOCE_UNRT4XenTo0CjcfzDHelfpfzzhRFdS006=w408-h340-k-no",
    "kgmid": "/g/11v09nx5qm"
  },
  {
    "title": "Ghyampe Center Point Chiya & Khaja Ghar",
    "price": null,
    "categoryName": "Nepalese restaurant",
    "address": "JCJH+PQ2, Ghyampe Danda Path, Anantalingeshwar, Nepal",
    "neighborhood": "Gundu",
    "street": "JCJH+PQ2, Ghyampe Danda Path",
    "city": "Anantalingeshwar",
    "postalCode": null,
    "state": null,
    "countryCode": "NP",
    "phone": "+977 981-3452131",
    "phoneUnformatted": "+9779813452131",
    "claimThisBusiness": true,
    "location": {
      "lat": 27.6317598,
      "lng": 85.4293862
    },
    "permanentlyClosed": false,
    "temporarilyClosed": false,
    "placeId": "ChIJj4raIk0R6zkRs0pKEC7gIJM",
    "categories": [
      "Nepalese restaurant"
    ],
    "fid": "0x39eb114d22da8a8f:0x9320e02e104a4ab3",
    "cid": "10601720011276569267",
    "reviewsCount": 0,
    "imagesCount": 1,
    "imageCategories": [],
    "scrapedAt": "2025-11-14T09:54:46.878Z",
    "googleFoodUrl": null,
    "hotelAds": [],
    "openingHours": [
      {
        "day": "Monday",
        "hours": "6 to 8 AM"
      },
      {
        "day": "Tuesday",
        "hours": "6 to 8 AM"
      },
      {
        "day": "Wednesday",
        "hours": "6 to 8 AM"
      },
      {
        "day": "Thursday",
        "hours": "6 to 8 AM"
      },
      {
        "day": "Friday",
        "hours": "6 to 8 AM"
      },
      {
        "day": "Saturday",
        "hours": "6 to 8 AM"
      },
      {
        "day": "Sunday",
        "hours": "6 to 8 AM"
      }
    ],
    "peopleAlsoSearch": [],
    "placesTags": [],
    "reviewsTags": [],
    "additionalInfo": {
      "Service options": [
        {
          "Takeout": true
        },
        {
          "Dine-in": true
        }
      ],
      "Popular for": [
        {
          "Solo dining": true
        }
      ],
      "Offerings": [
        {
          "Quick bite": true
        },
        {
          "Small plates": true
        }
      ],
      "Dining options": [
        {
          "Lunch": true
        },
        {
          "Table service": true
        }
      ],
      "Amenities": [
        {
          "Restroom": true
        }
      ],
      "Atmosphere": [
        {
          "Casual": true
        }
      ],
      "Crowd": [
        {
          "Groups": true
        }
      ],
      "Children": [
        {
          "Good for kids": true
        }
      ]
    },
    "gasPrices": [],
    "url": "https://www.google.com/maps/search/?api=1&query=Ghyampe%20Center%20Point%20Chiya%20%26%20Khaja%20Ghar&query_place_id=ChIJj4raIk0R6zkRs0pKEC7gIJM",
    "searchPageUrl": "https://www.google.com/maps/search/non%20vegetarian%20restaurant/@27.62686098613514,85.42249999999997,17z?hl=en",
    "searchString": "non vegetarian restaurant",
    "language": "en",
    "rank": 17,
    "isAdvertisement": false,
    "imageUrl": "https://streetviewpixels-pa.googleapis.com/v1/thumbnail?panoid=RqBGV5cqR3-L1xe9FPE1dQ&cb_client=search.gws-prod.gps&w=408&h=240&yaw=286.60837&pitch=0&thumbfov=100",
    "kgmid": "/g/11kpg6z063"
  },
  {
    "title": "Unique Khaja Ghar",
    "price": null,
    "categoryName": "Nepalese restaurant",
    "address": "MC8C+5VP, Bhaktapur 44800, Nepal",
    "neighborhood": "Katunje",
    "street": "MC8C+5VP",
    "city": "Bhaktapur",
    "postalCode": null,
    "state": null,
    "countryCode": "NP",
    "phone": "+977 984-1271646",
    "phoneUnformatted": "+9779841271646",
    "claimThisBusiness": true,
    "location": {
      "lat": 27.6654513,
      "lng": 85.4221887
    },
    "totalScore": 5,
    "permanentlyClosed": false,
    "temporarilyClosed": false,
    "placeId": "ChIJdUcB9Jcb6zkRik7D5vS4xXI",
    "categories": [
      "Nepalese restaurant"
    ],
    "fid": "0x39eb1b97f4014775:0x72c5b8f4e6c34e8a",
    "cid": "8270219652718874250",
    "reviewsCount": 2,
    "imagesCount": 9,
    "imageCategories": [],
    "scrapedAt": "2025-11-14T09:55:07.555Z",
    "googleFoodUrl": null,
    "hotelAds": [],
    "openingHours": [
      {
        "day": "Monday",
        "hours": "1 to 10 PM"
      },
      {
        "day": "Tuesday",
        "hours": "1 to 10 PM"
      },
      {
        "day": "Wednesday",
        "hours": "1 to 10 PM"
      },
      {
        "day": "Thursday",
        "hours": "1 to 10 PM"
      },
      {
        "day": "Friday",
        "hours": "1 to 10 PM"
      },
      {
        "day": "Saturday",
        "hours": "1 to 10 PM"
      },
      {
        "day": "Sunday",
        "hours": "1 to 10 PM"
      }
    ],
    "peopleAlsoSearch": [],
    "placesTags": [],
    "reviewsTags": [],
    "additionalInfo": {
      "Service options": [
        {
          "Takeout": true
        },
        {
          "Dine-in": true
        }
      ],
      "Popular for": [
        {
          "Solo dining": true
        }
      ],
      "Offerings": [
        {
          "Alcohol": true
        },
        {
          "Beer": true
        },
        {
          "Hard liquor": true
        },
        {
          "Quick bite": true
        },
        {
          "Small plates": true
        },
        {
          "Wine": true
        }
      ],
      "Dining options": [
        {
          "Lunch": true
        },
        {
          "Dinner": true
        },
        {
          "Table service": true
        }
      ],
      "Amenities": [
        {
          "Restroom": true
        }
      ],
      "Atmosphere": [
        {
          "Casual": true
        }
      ],
      "Crowd": [
        {
          "Groups": true
        }
      ]
    },
    "gasPrices": [],
    "url": "https://www.google.com/maps/search/?api=1&query=Unique%20Khaja%20Ghar&query_place_id=ChIJdUcB9Jcb6zkRik7D5vS4xXI",
    "searchPageUrl": "https://www.google.com/maps/search/restaurant/@27.664893497689192,85.42249999999997,17z?hl=en",
    "searchString": "restaurant",
    "language": "en",
    "rank": 7,
    "isAdvertisement": false,
    "imageUrl": "https://lh3.googleusercontent.com/gps-cs-s/AG0ilSwhyasGnJa5j77FmWx7t24jx4P2fGxaGzrM3G96lzYNz37hZdmvXb-YaXwKBNa8voWDZDJApyaemiPzv170LayxhRxaoeLB2XHhxl9JiJ72Mkoix4JMHWLzOnlHpCaTO5eir0J04Q=w408-h306-k-no",
    "kgmid": "/g/11rtx61f0y"
  },
  {
    "title": "Everyday is friday",
    "price": null,
    "categoryName": "Nepalese restaurant",
    "address": "Madhyapur Thimi, Nepal",
    "neighborhood": null,
    "street": null,
    "city": "Madhyapur Thimi",
    "postalCode": null,
    "state": null,
    "countryCode": "NP",
    "phone": "+977 985-1158837",
    "phoneUnformatted": "+9779851158837",
    "claimThisBusiness": true,
    "location": {
      "lat": 27.6747414,
      "lng": 85.3904894
    },
    "totalScore": 4.4,
    "permanentlyClosed": false,
    "temporarilyClosed": false,
    "placeId": "ChIJGR9CYLAb6zkRaNpNI2uU818",
    "categories": [
      "Nepalese restaurant"
    ],
    "fid": "0x39eb1bb060421f19:0x5ff3946b234dda68",
    "cid": "6914033040818559592",
    "reviewsCount": 5,
    "reviewsDistribution": {
      "oneStar": 0,
      "twoStar": 0,
      "threeStar": 1,
      "fourStar": 1,
      "fiveStar": 3
    },
    "imagesCount": 16,
    "imageCategories": [],
    "scrapedAt": "2025-11-14T09:55:26.371Z",
    "googleFoodUrl": null,
    "hotelAds": [],
    "openingHours": [
      {
        "day": "Monday",
        "hours": "8 AM to 10 PM"
      },
      {
        "day": "Tuesday",
        "hours": "8 AM to 10 PM"
      },
      {
        "day": "Wednesday",
        "hours": "8 AM to 10 PM"
      },
      {
        "day": "Thursday",
        "hours": "8 AM to 10 PM"
      },
      {
        "day": "Friday",
        "hours": "8 AM to 10 PM"
      },
      {
        "day": "Saturday",
        "hours": "8 AM to 10 PM"
      },
      {
        "day": "Sunday",
        "hours": "8 AM to 10 PM"
      }
    ],
    "peopleAlsoSearch": [],
    "placesTags": [],
    "reviewsTags": [],
    "additionalInfo": {
      "Service options": [
        {
          "Takeout": true
        },
        {
          "Dine-in": true
        }
      ],
      "Popular for": [
        {
          "Solo dining": true
        }
      ],
      "Accessibility": [
        {
          "Wheelchair accessible restroom": true
        }
      ],
      "Offerings": [
        {
          "Alcohol": true
        },
        {
          "Beer": true
        },
        {
          "Coffee": true
        },
        {
          "Hard liquor": true
        },
        {
          "Quick bite": true
        },
        {
          "Small plates": true
        },
        {
          "Wine": true
        }
      ],
      "Dining options": [
        {
          "Lunch": true
        },
        {
          "Dinner": true
        },
        {
          "Dessert": true
        },
        {
          "Table service": true
        }
      ],
      "Amenities": [
        {
          "Bar onsite": true
        },
        {
          "Restroom": true
        }
      ],
      "Atmosphere": [
        {
          "Casual": true
        }
      ],
      "Crowd": [
        {
          "Groups": true
        }
      ],
      "Planning": [
        {
          "Accepts reservations": true
        }
      ],
      "Payments": [
        {
          "NFC mobile payments": true
        }
      ],
      "Children": [
        {
          "Good for kids": true
        }
      ]
    },
    "gasPrices": [],
    "url": "https://www.google.com/maps/search/?api=1&query=Everyday%20is%20friday&query_place_id=ChIJGR9CYLAb6zkRaNpNI2uU818",
    "searchPageUrl": "https://www.google.com/maps/search/restaurant/@27.6765083,85.3942093,17.82740441119947z?hl=en",
    "searchString": "restaurant",
    "language": "en",
    "rank": 28,
    "isAdvertisement": false,
    "imageUrl": "https://lh3.googleusercontent.com/gps-cs-s/AG0ilSyjXsLz9kn-wIU1eGMh0kspwS5xJGzwPb8_wPVIxS0nNEhjmPeq6O56H9gGYG1AfkNdr1L1GgtP-eq4Qrt_W45t7dQSGtrmSTsjJxXa9HHgp5EySFsSftH6sCp33sZbY50RKWCo=w533-h240-k-no",
    "kgmid": "/g/11pvc6vkvr"
  },
  {
    "title": "Swastik Newari Khaja Ghar (Authentic Newari Restaurant)",
    "price": null,
    "categoryName": "Nepalese restaurant",
    "address": "Bhaktapur 44800, Nepal",
    "neighborhood": null,
    "street": null,
    "city": "Bhaktapur",
    "postalCode": "44800",
    "state": null,
    "countryCode": "NP",
    "phone": "+977 984-3518502",
    "phoneUnformatted": "+9779843518502",
    "claimThisBusiness": false,
    "location": {
      "lat": 27.6722911,
      "lng": 85.426915
    },
    "totalScore": 5,
    "permanentlyClosed": false,
    "temporarilyClosed": false,
    "placeId": "ChIJoQJ8TAAb6zkRAiXnCCvUubw",
    "categories": [
      "Nepalese restaurant"
    ],
    "fid": "0x39eb1b004c7c02a1:0xbcb9d42b08e72502",
    "cid": "13599133831119971586",
    "reviewsCount": 14,
    "imagesCount": 12,
    "imageCategories": [],
    "scrapedAt": "2025-11-11T10:08:16.823Z",
    "googleFoodUrl": null,
    "hotelAds": [],
    "openingHours": [
      {
        "day": "Monday",
        "hours": "8 AM to 9 PM"
      },
      {
        "day": "Tuesday",
        "hours": "8 AM to 9 PM"
      },
      {
        "day": "Wednesday",
        "hours": "8 AM to 9 PM"
      },
      {
        "day": "Thursday",
        "hours": "8 AM to 9 PM"
      },
      {
        "day": "Friday",
        "hours": "8 AM to 9 PM"
      },
      {
        "day": "Saturday",
        "hours": "8 AM to 9 PM"
      },
      {
        "day": "Sunday",
        "hours": "8 AM to 9 PM"
      }
    ],
    "peopleAlsoSearch": [],
    "placesTags": [],
    "reviewsTags": [],
    "additionalInfo": {
      "Service options": [
        {
          "Takeout": true
        },
        {
          "Dine-in": true
        }
      ]
    },
    "gasPrices": [],
    "url": "https://www.google.com/maps/search/?api=1&query=Swastik%20Newari%20Khaja%20Ghar%20(Authentic%20Newari%20Restaurant)&query_place_id=ChIJoQJ8TAAb6zkRAiXnCCvUubw",
    "searchPageUrl": "https://www.google.com/maps/search/restaurant/@27.640686196818166,85.46050991168464,14z?hl=en",
    "searchString": "restaurant",
    "language": "en",
    "rank": 12,
    "isAdvertisement": false,
    "imageUrl": "https://lh3.googleusercontent.com/p/AF1QipOC_VbyK6eAqAFfmaTs8FEU1vI8A2fe2jX_ixAv=w408-h906-k-no",
    "kgmid": "/g/11ykww6kp2"
  },
  {
    "title": "Ghyampe dada khaja ghar",
    "price": null,
    "categoryName": "Nepalese restaurant",
    "address": "Ranikot Rd, Suryabinayak, Nepal",
    "neighborhood": "Sipadol",
    "street": "Ranikot Rd",
    "city": "Suryabinayak",
    "postalCode": null,
    "state": null,
    "countryCode": "NP",
    "phone": "+977 982-1537528",
    "phoneUnformatted": "+9779821537528",
    "claimThisBusiness": false,
    "location": {
      "lat": 27.6316745,
      "lng": 85.4295132
    },
    "totalScore": 4.3,
    "permanentlyClosed": false,
    "temporarilyClosed": false,
    "placeId": "ChIJnSH_7MQR6zkRx_KDNVZMpeE",
    "categories": [
      "Nepalese restaurant"
    ],
    "fid": "0x39eb11c4ecff219d:0xe1a54c563583f2c7",
    "cid": "16259485962839782087",
    "reviewsCount": 25,
    "imagesCount": 52,
    "imageCategories": [],
    "scrapedAt": "2025-11-11T10:08:16.823Z",
    "googleFoodUrl": null,
    "hotelAds": [],
    "openingHours": [
      {
        "day": "Monday",
        "hours": "6:30 AM to 7 PM"
      },
      {
        "day": "Tuesday",
        "hours": "6:30 AM to 7 PM"
      },
      {
        "day": "Wednesday",
        "hours": "6:30 AM to 7 PM"
      },
      {
        "day": "Thursday",
        "hours": "6:30 AM to 7 PM"
      },
      {
        "day": "Friday",
        "hours": "6:30 AM to 7 PM"
      },
      {
        "day": "Saturday",
        "hours": "6:30 AM to 7 PM"
      },
      {
        "day": "Sunday",
        "hours": "6:30 AM to 7 PM"
      }
    ],
    "peopleAlsoSearch": [],
    "placesTags": [],
    "reviewsTags": [],
    "additionalInfo": {
      "Service options": [
        {
          "Takeout": true
        },
        {
          "Dine-in": true
        }
      ],
      "Popular for": [
        {
          "Solo dining": true
        }
      ],
      "Offerings": [
        {
          "Alcohol": true
        },
        {
          "Beer": true
        },
        {
          "Hard liquor": true
        },
        {
          "Quick bite": true
        },
        {
          "Small plates": true
        }
      ],
      "Dining options": [
        {
          "Lunch": true
        },
        {
          "Table service": true
        }
      ],
      "Amenities": [
        {
          "Restroom": true
        }
      ],
      "Atmosphere": [
        {
          "Casual": true
        }
      ],
      "Crowd": [
        {
          "Groups": true
        }
      ],
      "Children": [
        {
          "Good for kids": true
        }
      ]
    },
    "gasPrices": [],
    "url": "https://www.google.com/maps/search/?api=1&query=Ghyampe%20dada%20khaja%20ghar&query_place_id=ChIJnSH_7MQR6zkRx_KDNVZMpeE",
    "searchPageUrl": "https://www.google.com/maps/search/restaurant/@27.640686196818166,85.46050991168464,14z?hl=en",
    "searchString": "restaurant",
    "language": "en",
    "rank": 13,
    "isAdvertisement": false,
    "imageUrl": "https://lh3.googleusercontent.com/p/AF1QipPOCE_UNRT4XenTo0CjcfzDHelfpfzzhRFdS006=w408-h340-k-no",
    "kgmid": "/g/11v09nx5qm"
  },
  {
    "title": "Unique Khaja Ghar",
    "price": null,
    "categoryName": "Nepalese restaurant",
    "address": "MC8C+5VP, Bhaktapur 44800, Nepal",
    "neighborhood": "Katunje",
    "street": "MC8C+5VP",
    "city": "Bhaktapur",
    "postalCode": null,
    "state": null,
    "countryCode": "NP",
    "phone": "+977 984-1271646",
    "phoneUnformatted": "+9779841271646",
    "claimThisBusiness": true,
    "location": {
      "lat": 27.6654513,
      "lng": 85.4221887
    },
    "totalScore": 5,
    "permanentlyClosed": false,
    "temporarilyClosed": false,
    "placeId": "ChIJdUcB9Jcb6zkRik7D5vS4xXI",
    "categories": [
      "Nepalese restaurant"
    ],
    "fid": "0x39eb1b97f4014775:0x72c5b8f4e6c34e8a",
    "cid": "8270219652718874250",
    "reviewsCount": 2,
    "reviewsDistribution": {
      "oneStar": 0,
      "twoStar": 0,
      "threeStar": 0,
      "fourStar": 0,
      "fiveStar": 2
    },
    "imagesCount": 9,
    "imageCategories": [],
    "scrapedAt": "2025-11-11T10:08:17.688Z",
    "googleFoodUrl": null,
    "hotelAds": [],
    "openingHours": [
      {
        "day": "Monday",
        "hours": "1 to 10 PM"
      },
      {
        "day": "Tuesday",
        "hours": "1 to 10 PM"
      },
      {
        "day": "Wednesday",
        "hours": "1 to 10 PM"
      },
      {
        "day": "Thursday",
        "hours": "1 to 10 PM"
      },
      {
        "day": "Friday",
        "hours": "1 to 10 PM"
      },
      {
        "day": "Saturday",
        "hours": "1 to 10 PM"
      },
      {
        "day": "Sunday",
        "hours": "1 to 10 PM"
      }
    ],
    "peopleAlsoSearch": [],
    "placesTags": [],
    "reviewsTags": [],
    "additionalInfo": {
      "Service options": [
        {
          "Takeout": true
        },
        {
          "Dine-in": true
        }
      ],
      "Popular for": [
        {
          "Solo dining": true
        }
      ],
      "Offerings": [
        {
          "Alcohol": true
        },
        {
          "Beer": true
        },
        {
          "Hard liquor": true
        },
        {
          "Quick bite": true
        },
        {
          "Small plates": true
        },
        {
          "Wine": true
        }
      ],
      "Dining options": [
        {
          "Lunch": true
        },
        {
          "Dinner": true
        },
        {
          "Table service": true
        }
      ],
      "Amenities": [
        {
          "Restroom": true
        }
      ],
      "Atmosphere": [
        {
          "Casual": true
        }
      ],
      "Crowd": [
        {
          "Groups": true
        }
      ]
    },
    "gasPrices": [],
    "url": "https://www.google.com/maps/search/?api=1&query=Unique%20Khaja%20Ghar&query_place_id=ChIJdUcB9Jcb6zkRik7D5vS4xXI",
    "searchPageUrl": "https://www.google.com/maps/search/restaurant/@27.640686196818166,85.46050991168464,14z?hl=en",
    "searchString": "restaurant",
    "language": "en",
    "rank": 32,
    "isAdvertisement": false,
    "imageUrl": "https://lh3.googleusercontent.com/gps-cs-s/AG0ilSxZPRi0i59RsTRkcgp7oKC0fTehcrAuEI4widq2bmToWK9DjDDFC5fF9GXz3vKvCXKZkbpG_F1k-71NFPucHvUmCf99YPGeAHLBM-6_1fYxXehWKSGr4dlxoub4HbHJCtUeGaKYRA=w408-h306-k-no",
    "kgmid": "/g/11rtx61f0y"
  },
  {
    "title": "Ghyampe Center Point Chiya & Khaja Ghar",
    "price": null,
    "categoryName": "Nepalese restaurant",
    "address": "JCJH+PQ2, Ghyampe Danda Path, Anantalingeshwar, Nepal",
    "neighborhood": "Gundu",
    "street": "JCJH+PQ2, Ghyampe Danda Path",
    "city": "Anantalingeshwar",
    "postalCode": null,
    "state": null,
    "countryCode": "NP",
    "phone": "+977 981-3452131",
    "phoneUnformatted": "+9779813452131",
    "claimThisBusiness": true,
    "location": {
      "lat": 27.6317598,
      "lng": 85.4293862
    },
    "permanentlyClosed": false,
    "temporarilyClosed": false,
    "placeId": "ChIJj4raIk0R6zkRs0pKEC7gIJM",
    "categories": [
      "Nepalese restaurant"
    ],
    "fid": "0x39eb114d22da8a8f:0x9320e02e104a4ab3",
    "cid": "10601720011276569267",
    "reviewsCount": 0,
    "imagesCount": 1,
    "imageCategories": [],
    "scrapedAt": "2025-11-11T10:08:20.473Z",
    "googleFoodUrl": null,
    "hotelAds": [],
    "openingHours": [
      {
        "day": "Monday",
        "hours": "6 to 8 AM"
      },
      {
        "day": "Tuesday",
        "hours": "6 to 8 AM"
      },
      {
        "day": "Wednesday",
        "hours": "6 to 8 AM"
      },
      {
        "day": "Thursday",
        "hours": "6 to 8 AM"
      },
      {
        "day": "Friday",
        "hours": "6 to 8 AM"
      },
      {
        "day": "Saturday",
        "hours": "6 to 8 AM"
      },
      {
        "day": "Sunday",
        "hours": "6 to 8 AM"
      }
    ],
    "peopleAlsoSearch": [],
    "placesTags": [],
    "reviewsTags": [],
    "additionalInfo": {
      "Service options": [
        {
          "Takeout": true
        },
        {
          "Dine-in": true
        }
      ],
      "Popular for": [
        {
          "Solo dining": true
        }
      ],
      "Offerings": [
        {
          "Quick bite": true
        },
        {
          "Small plates": true
        }
      ],
      "Dining options": [
        {
          "Lunch": true
        },
        {
          "Table service": true
        }
      ],
      "Amenities": [
        {
          "Restroom": true
        }
      ],
      "Atmosphere": [
        {
          "Casual": true
        }
      ],
      "Crowd": [
        {
          "Groups": true
        }
      ],
      "Children": [
        {
          "Good for kids": true
        }
      ]
    },
    "gasPrices": [],
    "url": "https://www.google.com/maps/search/?api=1&query=Ghyampe%20Center%20Point%20Chiya%20%26%20Khaja%20Ghar&query_place_id=ChIJj4raIk0R6zkRs0pKEC7gIJM",
    "searchPageUrl": "https://www.google.com/maps/search/restaurant/@27.640686196818166,85.46050991168464,14z?hl=en",
    "searchString": "restaurant",
    "language": "en",
    "rank": 96,
    "isAdvertisement": false,
    "imageUrl": "https://streetviewpixels-pa.googleapis.com/v1/thumbnail?panoid=RqBGV5cqR3-L1xe9FPE1dQ&cb_client=search.gws-prod.gps&w=408&h=240&yaw=286.60837&pitch=0&thumbfov=100",
    "kgmid": "/g/11kpg6z063"
  }
]