[
  {
    "title": "Peace Heart Zone",
    "price": null,
    "categoryName": "Pizza restaurant",
    "address": "MC7F+8FX, Suryabinayak 44800, Nepal",
    "neighborhood": "Katunje",
    "street": "MC7F+8FX",
    "city": "Suryabinayak",
    "postalCode": null,
    "state": null,
    "countryCode": "NP",
    "claimThisBusiness": true,
    "location": {
      "lat": 27.6633687,
      "lng": 85.4237219
    },
    "permanentlyClosed": false,
    "temporarilyClosed": false,
    "placeId": "ChIJCT3RuKIb6zkRCZz1oOlw4eE",
    "categories": [
      "Pizza restaurant"
    ],
    "fid": "0x39eb1ba2b8d13d09:0xe1e170e9a0f59c09",
    "cid": "16276414677023824905",
    "reviewsCount": 0,
    "imagesCount": 2,
    "imageCategories": [],
    "scrapedAt": "2025-11-14T07:38:11.990Z",
    "googleFoodUrl": null,
    "hotelAds": [],
    "openingHours": [
      {
        "day": "Monday",
        "hours": "7 AM to 9 PM"
      },
      {
        "day": "Tuesday",
        "hours": "7 AM to 9 PM"
      },
      {
        "day": "Wednesday",
        "hours": "7 AM to 9 PM"
      },
      {
        "day": "Thursday",
        "hours": "7 AM to 9 PM"
      },
      {
        "day": "Friday",
        "hours": "7 AM to 9 PM"
      },
      {
        "day": "Saturday",
        "hours": "7 AM to 9 PM"
      },
      {
        "day": "Sunday",
        "hours": "7 AM to 9 PM"
      }
    ],
    "peopleAlsoSearch": [],
    "placesTags": [],
    "reviewsTags": [],
    "additionalInfo": {
      "Service options": [
        {
          "Takeout": true
        },
        {
          "Dine-in": true
        }
      ],
      "Popular for": [
        {
          "Solo dining": true
        }
      ],
      "Offerings": [
        {
          "Quick bite": true
        },
        {
          "Small plates": true
        }
      ],
      "Dining options": [
        {
          "Table service": true
        }
      ],
      "Amenities": [
        {
          "Restroom": true
        }
      ],
      "Atmosphere": [
        {
          "Casual": true
        }
      ],
      "Crowd": [
        {
          "Groups": true
        }
      ],
      "Children": [
        {
          "Good for kids": true
        }
      ]
    },
    "gasPrices": [],
    "url": "https://www.google.com/maps/search/?api=1&query=Peace%20Heart%20Zone&query_place_id=ChIJCT3RuKIb6zkRCZz1oOlw4eE",
    "searchPageUrl": "https://www.google.com/maps/search/restaurant/@27.660086377294068,85.43009086349416,17z?hl=en",
    "searchString": "restaurant",
    "language": "en",
    "rank": 30,
    "isAdvertisement": false,
    "imageUrl": "https://streetviewpixels-pa.googleapis.com/v1/thumbnail?panoid=htssVpwNhxf5LUl_cqRF2g&cb_client=search.gws-prod.gps&w=408&h=240&yaw=249.54424&pitch=0&thumbfov=100",
    "kgmid": "/g/11twqz06jl"
  },
  {
    "title": "pizza Spot",
    "price": null,
    "categoryName": "Pizza restaurant",
    "address": "4 Thimi-Biruwa Rd, Anantalingeshwar, Nepal",
    "neighborhood": "Dadhikot",
    "street": "4 Thimi-Biruwa Rd",
    "city": "Anantalingeshwar",
    "postalCode": null,
    "state": null,
    "countryCode": "NP",
    "phone": "+977 986-1895057",
    "phoneUnformatted": "+9779861895057",
    "claimThisBusiness": true,
    "location": {
      "lat": 27.6652297,
      "lng": 85.3900456
    },
    "totalScore": 5,
    "permanentlyClosed": false,
    "temporarilyClosed": false,
    "placeId": "ChIJaX6hFQAb6zkRxfxKoSuOxaU",
    "categories": [
      "Pizza restaurant"
    ],
    "fid": "0x39eb1b0015a17e69:0xa5c58e2ba14afcc5",
    "cid": "11945109904710892741",
    "reviewsCount": 8,
    "reviewsDistribution": {
      "oneStar": 0,
      "twoStar": 0,
      "threeStar": 0,
      "fourStar": 0,
      "fiveStar": 8
    },
    "imagesCount": 13,
    "imageCategories": [],
    "scrapedAt": "2025-11-14T09:53:45.754Z",
    "googleFoodUrl": null,
    "hotelAds": [],
    "openingHours": [],
    "peopleAlsoSearch": [],
    "placesTags": [],
    "reviewsTags": [],
    "gasPrices": [],
    "url": "https://www.google.com/maps/search/?api=1&query=pizza%20Spot&query_place_id=ChIJaX6hFQAb6zkRxfxKoSuOxaU",
    "searchPageUrl": "https://www.google.com/maps/search/cafe/@27.664893497689192,85.39674438680153,17z?hl=en",
    "searchString": "cafe",
    "language": "en",
    "rank": 31,
    "isAdvertisement": false,
    "imageUrl": "https://lh3.googleusercontent.com/gps-cs-s/AG0ilSz8K2dBqaDpgws0s5yCvMERGTsQOGGCOJa3aXJvZqYCf1EE3joRn-fyF9q64TjUDuMLm3wgtaG9Dvn-QvkH7xrM7fZZpzpOswGDJubNGtDRNkslUX3_6qz98kcZzjnZk297OOq2PgfkHgo=w408-h306-k-no",
    "kgmid": "/g/11mldk5mh2"
  },
  {
    "title": "Pizza Hut",
    "description": "Popular delivery, carry-out & dine-in chain known for pizza, wings & pasta, plus sides & desserts.",
    "price": null,
    "categoryName": "Pizza restaurant",
    "address": "Madhyapur Thimi, Nepal",
    "neighborhood": null,
    "street": null,
    "city": "Madhyapur Thimi",
    "postalCode": null,
    "state": null,
    "countryCode": "NP",
    "phone": "+977 980-1114808",
    "phoneUnformatted": "+9779801114808",
    "claimThisBusiness": false,
    "location": {
      "lat": 27.6748593,
      "lng": 85.3973481
    },
    "totalScore": 4.1,
    "permanentlyClosed": false,
    "temporarilyClosed": false,
    "placeId": "ChIJb0wXOYga6zkRiNATVAQf-DU",
    "categories": [
      "Pizza restaurant",
      "Italian restaurant",
      "Pizza Takeout",
      "Restaurant"
    ],
    "fid": "0x39eb1a8839174c6f:0x35f81f045413d088",
    "cid": "3888892381685338248",
    "reviewsCount": 336,
    "imagesCount": 321,
    "imageCategories": [],
    "scrapedAt": "2025-11-14T09:53:49.886Z",
    "googleFoodUrl": null,
    "hotelAds": [],
    "openingHours": [
      {
        "day": "Monday",
        "hours": "9 AM to 8:30 PM"
      },
      {
        "day": "Tuesday",
        "hours": "9 AM to 8:30 PM"
      },
      {
        "day": "Wednesday",
        "hours": "9 AM to 8:30 PM"
      },
      {
        "day": "Thursday",
        "hours": "9 AM to 8:30 PM"
      },
      {
        "day": "Friday",
        "hours": "9 AM to 8:30 PM"
      },
      {
        "day": "Saturday",
        "hours": "9 AM to 8:30 PM"
      },
      {
        "day": "Sunday",
        "hours": "9 AM to 8:30 PM"
      }
    ],
    "additionalOpeningHours": {
      "Takeout": [
        {
          "day": "Monday",
          "hours": "9 AM–8:30 PM"
        },
        {
          "day": "Tuesday",
          "hours": "9 AM–8:30 PM"
        },
        {
          "day": "Wednesday",
          "hours": "9 AM–8:30 PM"
        },
        {
          "day": "Thursday",
          "hours": "9 AM–8:30 PM"
        },
        {
          "day": "Friday",
          "hours": "9 AM–8:30 PM"
        },
        {
          "day": "Saturday",
          "hours": "9 AM–8:30 PM"
        },
        {
          "day": "Sunday",
          "hours": "9 AM–8:30 PM"
        }
      ]
    },
    "peopleAlsoSearch": [],
    "placesTags": [],
    "reviewsTags": [],
    "additionalInfo": {
      "From the business": [
        {
          "Identifies as women-owned": true
        }
      ],
      "Service options": [
        {
          "Takeout": true
        },
        {
          "Dine-in": true
        }
      ],
      "Popular for": [
        {
          "Lunch": true
        },
        {
          "Dinner": true
        },
        {
          "Solo dining": true
        }
      ],
      "Accessibility": [
        {
          "Wheelchair accessible entrance": true
        }
      ],
      "Offerings": [
        {
          "Halal food": true
        },
        {
          "Late-night food": true
        },
        {
          "Quick bite": true
        },
        {
          "Small plates": true
        },
        {
          "Vegetarian options": true
        }
      ],
      "Dining options": [
        {
          "Brunch": true
        },
        {
          "Lunch": true
        },
        {
          "Dinner": true
        },
        {
          "Dessert": true
        },
        {
          "Seating": true
        },
        {
          "Table service": true
        }
      ],
      "Amenities": [
        {
          "Gender-neutral restroom": true
        },
        {
          "Restroom": true
        }
      ],
      "Atmosphere": [
        {
          "Casual": true
        },
        {
          "Cozy": true
        },
        {
          "Trendy": true
        }
      ],
      "Crowd": [
        {
          "College students": true
        },
        {
          "Family-friendly": true
        },
        {
          "Groups": true
        },
        {
          "LGBTQ+ friendly": true
        },
        {
          "Tourists": true
        }
      ],
      "Planning": [
        {
          "Accepts reservations": true
        }
      ],
      "Payments": [
        {
          "Credit cards": true
        },
        {
          "Debit cards": true
        },
        {
          "NFC mobile payments": true
        },
        {
          "Credit cards": true
        }
      ],
      "Children": [
        {
          "Good for kids": true
        },
        {
          "High chairs": true
        },
        {
          "Kids' menu": true
        }
      ],
      "Parking": [
        {
          "Free parking lot": true
        },
        {
          "Usually plenty of parking": true
        }
      ]
    },
    "gasPrices": [],
    "url": "https://www.google.com/maps/search/?api=1&query=Pizza%20Hut&query_place_id=ChIJb0wXOYga6zkRiNATVAQf-DU",
    "searchPageUrl": "https://www.google.com/maps/search/fast%20food/@27.6748653,85.3973167,17.827426108743303z?hl=en",
    "searchString": "fast food",
    "language": "en",
    "rank": 17,
    "isAdvertisement": false,
    "imageUrl": "https://lh3.googleusercontent.com/p/AF1QipNv7J8zGBlsUE6R8iDM2IMwkFTfOftDfbbkRBXc=w426-h240-k-no",
    "kgmid": "/g/11gfdqb_4t"
  },
  {
    "title": "Peace Heart Zone",
    "price": null,
    "categoryName": "Pizza restaurant",
    "address": "MC7F+8FX, Suryabinayak 44800, Nepal",
    "neighborhood": "Katunje",
    "street": "MC7F+8FX",
    "city": "Suryabinayak",
    "postalCode": null,
    "state": null,
    "countryCode": "NP",
    "claimThisBusiness": true,
    "location": {
      "lat": 27.6633687,
      "lng": 85.4237219
    },
    "permanentlyClosed": false,
    "temporarilyClosed": false,
    "placeId": "ChIJCT3RuKIb6zkRCZz1oOlw4eE",
    "categories": [
      "Pizza restaurant"
    ],
    "fid": "0x39eb1ba2b8d13d09:0xe1e170e9a0f59c09",
    "cid": "16276414677023824905",
    "reviewsCount": 0,
    "imagesCount": 2,
    "imageCategories": [],
    "scrapedAt": "2025-11-14T09:55:10.038Z",
    "googleFoodUrl": null,
    "hotelAds": [],
    "openingHours": [
      {
        "day": "Monday",
        "hours": "7 AM to 9 PM"
      },
      {
        "day": "Tuesday",
        "hours": "7 AM to 9 PM"
      },
      {
        "day": "Wednesday",
        "hours": "7 AM to 9 PM"
      },
      {
        "day": "Thursday",
        "hours": "7 AM to 9 PM"
      },
      {
        "day": "Friday",
        "hours": "7 AM to 9 PM"
      },
      {
        "day": "Saturday",
        "hours": "7 AM to 9 PM"
      },
      {
        "day": "Sunday",
        "hours": "7 AM to 9 PM"
      }
    ],
    "peopleAlsoSearch": [],
    "placesTags": [],
    "reviewsTags": [],
    "additionalInfo": {
      "Service options": [
        {
          "Takeout": true
        },
        {
          "Dine-in": true
        }
      ],
      "Popular for": [
        {
          "Solo dining": true
        }
      ],
      "Offerings": [
        {
          "Quick bite": true
        },
        {
          "Small plates": true
        }
      ],
      "Dining options": [
        {
          "Table service": true
        }
      ],
      "Amenities": [
        {
          "Restroom": true
        }
      ],
      "Atmosphere": [
        {
          "Casual": true
        }
      ],
      "Crowd": [
        {
          "Groups": true
        }
      ],
      "Children": [
        {
          "Good for kids": true
        }
      ]
    },
    "gasPrices": [],
    "url": "https://www.google.com/maps/search/?api=1&query=Peace%20Heart%20Zone&query_place_id=ChIJCT3RuKIb6zkRCZz1oOlw4eE",
    "searchPageUrl": "https://www.google.com/maps/search/restaurant/@27.664893497689192,85.42249999999997,17z?hl=en",
    "searchString": "restaurant",
    "language": "en",
    "rank": 49,
    "isAdvertisement": false,
    "imageUrl": "https://streetviewpixels-pa.googleapis.com/v1/thumbnail?panoid=htssVpwNhxf5LUl_cqRF2g&cb_client=search.gws-prod.gps&w=408&h=240&yaw=249.54424&pitch=0&thumbfov=100",
    "kgmid": "/g/11twqz06jl"
  },
  {
    "title": "Peace Heart Zone",
    "price": null,
    "categoryName": "Pizza restaurant",
    "address": "MC7F+8FX, Suryabinayak 44800, Nepal",
    "neighborhood": "Katunje",
    "street": "MC7F+8FX",
    "city": "Suryabinayak",
    "postalCode": null,
    "state": null,
    "countryCode": "NP",
    "claimThisBusiness": true,
    "location": {
      "lat": 27.6633687,
      "lng": 85.4237219
    },
    "permanentlyClosed": false,
    "temporarilyClosed": false,
    "placeId": "ChIJCT3RuKIb6zkRCZz1oOlw4eE",
    "categories": [
      "Pizza restaurant"
    ],
    "fid": "0x39eb1ba2b8d13d09:0xe1e170e9a0f59c09",
    "cid": "16276414677023824905",
    "reviewsCount": 0,
    "imagesCount": 2,
    "imageCategories": [],
    "scrapedAt": "2025-11-11T10:08:20.473Z",
    "googleFoodUrl": null,
    "hotelAds": [],
    "openingHours": [
      {
        "day": "Monday",
        "hours": "7 AM to 9 PM"
      },
      {
        "day": "Tuesday",
        "hours": "7 AM to 9 PM"
      },
      {
        "day": "Wednesday",
        "hours": "7 AM to 9 PM"
      },
      {
        "day": "Thursday",
        "hours": "7 AM to 9 PM"
      },
      {
        "day": "Friday",
        "hours": "7 AM to 9 PM"
      },
      {
        "day": "Saturday",
        "hours": "7 AM to 9 PM"
      },
      {
        "day": "Sunday",
        "hours": "7 AM to 9 PM"
      }
    ],
    "peopleAlsoSearch": [],
    "placesTags": [],
    "reviewsTags": [],
    "additionalInfo": {
      "Service options": [
        {
          "Takeout": true
        },
        {
          "Dine-in": true
        }
      ],
      "Popular for": [
        {
          "Solo dining": true
        }
      ],
      "Offerings": [
        {
          "Quick bite": true
        },
        {
          "Small plates": true
        }
      ],
      "Dining options": [
        {
          "Table service": true
        }
      ],
      "Amenities": [
        {
          "Restroom": true
        }
      ],
      "Atmosphere": [
        {
          "Casual": true
        }
      ],
      "Crowd": [
        {
          "Groups": true
        }
      ],
      "Children": [
        {
          "Good for kids": true
        }
      ]
    },
    "gasPrices": [],
    "url": "https://www.google.com/maps/search/?api=1&query=Peace%20Heart%20Zone&query_place_id=ChIJCT3RuKIb6zkRCZz1oOlw4eE",
    "searchPageUrl": "https://www.google.com/maps/search/restaurant/@27.640686196818166,85.46050991168464,14z?hl=en",
    "searchString": "restaurant",
    "language": "en",
    "rank": 83,
    "isAdvertisement": false,
    "imageUrl": "https://streetviewpixels-pa.googleapis.com/v1/thumbnail?panoid=htssVpwNhxf5LUl_cqRF2g&cb_client=search.gws-prod.gps&w=408&h=240&yaw=249.54424&pitch=0&thumbfov=100",
    "kgmid": "/g/11twqz06jl"
  }
]