[
  {
    "title": "Rojina Fast Food Cafe",
    "subTitle": "रोजिना फास्टफुड क्याफे",
    "price": null,
    "categoryName": "Restaurant or cafe",
    "address": "M9GG+R7M, Araniko Highway, Madhyapur Thimi 44800, Nepal",
    "neighborhood": "Gatthaghar",
    "street": "M9GG+R7M, Araniko Highway",
    "city": "Madhyapur Thimi",
    "postalCode": "44800",
    "state": null,
    "countryCode": "NP",
    "phone": "+977 980-8252885",
    "phoneUnformatted": "+9779808252885",
    "claimThisBusiness": true,
    "location": {
      "lat": 27.6770892,
      "lng": 85.3756588
    },
    "totalScore": 4,
    "permanentlyClosed": false,
    "temporarilyClosed": false,
    "placeId": "ChIJ5Zcqs2wa6zkRgRHMgR8Og58",
    "categories": [
      "Restaurant or cafe"
    ],
    "fid": "0x39eb1a6cb32a97e5:0x9f830e1f81cc1181",
    "cid": "11494046202464047489",
    "reviewsCount": 3,
    "imagesCount": 2,
    "imageCategories": [],
    "scrapedAt": "2025-11-14T09:55:21.543Z",
    "googleFoodUrl": null,
    "hotelAds": [],
    "openingHours": [
      {
        "day": "Monday",
        "hours": "8 AM to 7 PM"
      },
      {
        "day": "Tuesday",
        "hours": "8 AM to 7 PM"
      },
      {
        "day": "Wednesday",
        "hours": "8 AM to 7 PM"
      },
      {
        "day": "Thursday",
        "hours": "8 AM to 7 PM"
      },
      {
        "day": "Friday",
        "hours": "8 AM to 7 PM"
      },
      {
        "day": "Saturday",
        "hours": "8 AM to 7 PM"
      },
      {
        "day": "Sunday",
        "hours": "8 AM to 7 PM"
      }
    ],
    "peopleAlsoSearch": [],
    "placesTags": [],
    "reviewsTags": [],
    "additionalInfo": {
      "Service options": [
        {
          "Takeout": true
        },
        {
          "Dine-in": true
        }
      ],
      "Amenities": [
        {
          "Restroom": true
        }
      ],
      "Atmosphere": [
        {
          "Casual": true
        }
      ],
      "Crowd": [
        {
          "Groups": true
        }
      ],
      "Children": [
        {
          "Good for kids": true
        }
      ]
    },
    "gasPrices": [],
    "url": "https://www.google.com/maps/search/?api=1&query=Rojina%20Fast%20Food%20Cafe&query_place_id=ChIJ5Zcqs2wa6zkRgRHMgR8Og58",
    "searchPageUrl": "https://www.google.com/maps/search/fast%20food/@27.680106502310814,85.37098877360309,17z?hl=en",
    "searchString": "fast food",
    "language": "en",
    "rank": 9,
    "isAdvertisement": false,
    "imageUrl": "https://streetviewpixels-pa.googleapis.com/v1/thumbnail?panoid=jeLdhlBQkL44KirurNAw1g&cb_client=search.gws-prod.gps&w=408&h=240&yaw=125.63607&pitch=0&thumbfov=100",
    "kgmid": "/g/11b6s14tv1"
  }
]