[
  {
    "title": "Samsara thakali restaurant",
    "price": null,
    "categoryName": "Thai restaurant",
    "address": "Inacho - Hanumanghat Rd, Bhaktapur 44800, Nepal",
    "neighborhood": null,
    "street": "Inacho - Hanumanghat Rd",
    "city": "Bhaktapur",
    "postalCode": "44800",
    "state": null,
    "countryCode": "NP",
    "claimThisBusiness": false,
    "location": {
      "lat": 27.672294,
      "lng": 85.433751
    },
    "totalScore": 4.5,
    "permanentlyClosed": false,
    "temporarilyClosed": false,
    "placeId": "ChIJ-Q8BSgAb6zkRJr4seRIQYGU",
    "categories": [
      "Thai restaurant"
    ],
    "fid": "0x39eb1b004a010ff9:0x65601012792cbe26",
    "cid": "7304856267123375654",
    "reviewsCount": 10,
    "imagesCount": 161,
    "imageCategories": [],
    "scrapedAt": "2025-11-14T07:38:02.908Z",
    "googleFoodUrl": null,
    "hotelAds": [],
    "openingHours": [
      {
        "day": "Monday",
        "hours": "8 AM to 10 PM"
      },
      {
        "day": "Tuesday",
        "hours": "8 AM to 10 PM"
      },
      {
        "day": "Wednesday",
        "hours": "8 AM to 10 PM"
      },
      {
        "day": "Thursday",
        "hours": "8 AM to 10 PM"
      },
      {
        "day": "Friday",
        "hours": "8 AM to 10 PM"
      },
      {
        "day": "Saturday",
        "hours": "8 AM to 10 PM"
      },
      {
        "day": "Sunday",
        "hours": "8 AM to 11 PM"
      }
    ],
    "peopleAlsoSearch": [],
    "placesTags": [],
    "reviewsTags": [],
    "additionalInfo": {
      "Service options": [
        {
          "Delivery": true
        },
        {
          "Dine-in": true
        }
      ]
    },
    "gasPrices": [],
    "url": "https://www.google.com/maps/search/?api=1&query=Samsara%20thakali%20restaurant&query_place_id=ChIJ-Q8BSgAb6zkRJr4seRIQYGU",
    "searchPageUrl": "https://www.google.com/maps/search/restaurant/@27.67530454090198,85.43009086349416,17z?hl=en",
    "searchString": "restaurant",
    "language": "en",
    "rank": 12,
    "isAdvertisement": false,
    "imageUrl": "https://lh3.googleusercontent.com/p/AF1QipPVg8MmLnZYeDpstrd9RxnYlSfRDE_piRYpfrjX=w408-h544-k-no",
    "kgmid": "/g/11xvxvn553"
  }
]