[
  {
    "title": "Lawaju Mithai Bhandar (लवजू मिठाइ भण्डार)",
    "subTitle": "लवजू मिठाइ भण्डार",
    "price": null,
    "categoryName": "Vegetarian restaurant",
    "address": "Garud Kunda, Jagati-KamalBinayak Rd, Bhaktapur 44800, Nepal",
    "neighborhood": null,
    "street": "Garud Kunda, Jagati-KamalBinayak Rd",
    "city": "Bhaktapur",
    "postalCode": "44800",
    "state": null,
    "countryCode": "NP",
    "phone": "+977 1-6611715",
    "phoneUnformatted": "+97716611715",
    "claimThisBusiness": false,
    "location": {
      "lat": 27.6767395,
      "lng": 85.4371462
    },
    "totalScore": 3.8,
    "permanentlyClosed": false,
    "temporarilyClosed": false,
    "placeId": "ChIJNe4i0bIa6zkREmNoZKJtcM0",
    "categories": [
      "Vegetarian restaurant",
      "Restaurant"
    ],
    "fid": "0x39eb1ab2d122ee35:0xcd706da264686312",
    "cid": "14803452519403512594",
    "reviewsCount": 39,
    "imagesCount": 39,
    "imageCategories": [],
    "scrapedAt": "2025-11-14T07:37:32.195Z",
    "googleFoodUrl": null,
    "hotelAds": [],
    "openingHours": [
      {
        "day": "Monday",
        "hours": "6 AM to 8 PM"
      },
      {
        "day": "Tuesday",
        "hours": "6 AM to 8 PM"
      },
      {
        "day": "Wednesday",
        "hours": "6 AM to 8 PM"
      },
      {
        "day": "Thursday",
        "hours": "6 AM to 8 PM"
      },
      {
        "day": "Friday",
        "hours": "6 AM to 8 PM"
      },
      {
        "day": "Saturday",
        "hours": "6 AM to 8 PM"
      },
      {
        "day": "Sunday",
        "hours": "6 AM to 8 PM"
      }
    ],
    "peopleAlsoSearch": [],
    "placesTags": [],
    "reviewsTags": [],
    "additionalInfo": {
      "Service options": [
        {
          "Takeout": true
        },
        {
          "Dine-in": true
        },
        {
          "Delivery": false
        }
      ],
      "Accessibility": [
        {
          "Wheelchair accessible entrance": false
        },
        {
          "Wheelchair accessible parking lot": false
        }
      ],
      "Offerings": [
        {
          "Quick bite": true
        },
        {
          "Small plates": true
        },
        {
          "Vegetarian options": true
        }
      ],
      "Dining options": [
        {
          "Breakfast": true
        },
        {
          "Lunch": true
        },
        {
          "Dessert": true
        },
        {
          "Table service": true
        }
      ],
      "Amenities": [
        {
          "Restroom": true
        }
      ],
      "Atmosphere": [
        {
          "Casual": true
        }
      ],
      "Crowd": [
        {
          "Groups": true
        }
      ],
      "Children": [
        {
          "Good for kids": true
        }
      ]
    },
    "gasPrices": [],
    "url": "https://www.google.com/maps/search/?api=1&query=Lawaju%20Mithai%20Bhandar%20(%E0%A4%B2%E0%A4%B5%E0%A4%9C%E0%A5%82%20%E0%A4%AE%E0%A4%BF%E0%A4%A0%E0%A4%BE%E0%A4%87%20%E0%A4%AD%E0%A4%A3%E0%A5%8D%E0%A4%A1%E0%A4%BE%E0%A4%B0)&query_place_id=ChIJNe4i0bIa6zkREmNoZKJtcM0",
    "searchPageUrl": "https://www.google.com/maps/search/vegetarian%20restaurant/@27.667695459098024,85.41290913650586,17z?hl=en",
    "searchString": "vegetarian restaurant",
    "language": "en",
    "rank": 1,
    "isAdvertisement": false,
    "imageUrl": "https://lh3.googleusercontent.com/p/AF1QipORDCfbCvI6H-XAvbAivXAPfHNJR42KPqT6-hqX=w408-h408-k-no",
    "kgmid": "/g/11bzyw_9d7"
  },
  {
    "title": "सिध्दिलक्ष्मी मिठाई भण्डार",
    "subTitle": "लक्ष्मी मिठाई भण्डार",
    "price": null,
    "categoryName": "Vegetarian restaurant",
    "address": "100 Araniko Highway, Suryabinayak 44800, Nepal",
    "neighborhood": "Sipadol",
    "street": "100 Araniko Highway",
    "city": "Suryabinayak",
    "postalCode": "44800",
    "state": null,
    "countryCode": "NP",
    "phone": "+977 1-6611118",
    "phoneUnformatted": "+97716611118",
    "claimThisBusiness": false,
    "location": {
      "lat": 27.6649522,
      "lng": 85.4256451
    },
    "totalScore": 3.6,
    "permanentlyClosed": false,
    "temporarilyClosed": false,
    "placeId": "ChIJ-6ODtKca6zkRfaPf4hr-ruY",
    "categories": [
      "Vegetarian restaurant"
    ],
    "fid": "0x39eb1aa7b483a3fb:0xe6aefe1ae2dfa37d",
    "cid": "16622502666099991421",
    "reviewsCount": 80,
    "imagesCount": 190,
    "imageCategories": [],
    "scrapedAt": "2025-11-14T07:37:32.196Z",
    "googleFoodUrl": null,
    "hotelAds": [],
    "openingHours": [
      {
        "day": "Monday",
        "hours": "6 AM to 8 PM"
      },
      {
        "day": "Tuesday",
        "hours": "6 AM to 8 PM"
      },
      {
        "day": "Wednesday",
        "hours": "6 AM to 8 PM"
      },
      {
        "day": "Thursday",
        "hours": "6 AM to 8 PM"
      },
      {
        "day": "Friday",
        "hours": "6 AM to 8 PM"
      },
      {
        "day": "Saturday",
        "hours": "6 AM to 8 PM"
      },
      {
        "day": "Sunday",
        "hours": "6 AM to 8 PM"
      }
    ],
    "peopleAlsoSearch": [],
    "placesTags": [],
    "reviewsTags": [],
    "additionalInfo": {
      "Service options": [
        {
          "Takeout": true
        },
        {
          "Dine-in": true
        }
      ],
      "Highlights": [
        {
          "Great dessert": true
        },
        {
          "Great tea selection": true
        }
      ],
      "Popular for": [
        {
          "Breakfast": true
        },
        {
          "Lunch": true
        },
        {
          "Solo dining": true
        }
      ],
      "Accessibility": [
        {
          "Wheelchair accessible parking lot": false
        },
        {
          "Wheelchair accessible seating": false
        }
      ],
      "Offerings": [
        {
          "Coffee": true
        },
        {
          "Quick bite": true
        },
        {
          "Small plates": true
        },
        {
          "Vegan options": true
        },
        {
          "Vegetarian options": true
        }
      ],
      "Dining options": [
        {
          "Breakfast": true
        },
        {
          "Lunch": true
        },
        {
          "Dinner": true
        },
        {
          "Dessert": true
        },
        {
          "Table service": true
        }
      ],
      "Amenities": [
        {
          "Gender-neutral restroom": true
        },
        {
          "Restroom": true
        }
      ],
      "Atmosphere": [
        {
          "Casual": true
        },
        {
          "Trendy": true
        }
      ],
      "Crowd": [
        {
          "Family-friendly": true
        },
        {
          "Groups": true
        },
        {
          "Tourists": true
        }
      ],
      "Payments": [
        {
          "Cash-only": true
        }
      ],
      "Children": [
        {
          "Good for kids": true
        }
      ]
    },
    "gasPrices": [],
    "url": "https://www.google.com/maps/search/?api=1&query=%E0%A4%B8%E0%A4%BF%E0%A4%A7%E0%A5%8D%E0%A4%A6%E0%A4%BF%E0%A4%B2%E0%A4%95%E0%A5%8D%E0%A4%B7%E0%A5%8D%E0%A4%AE%E0%A5%80%20%E0%A4%AE%E0%A4%BF%E0%A4%A0%E0%A4%BE%E0%A4%88%20%E0%A4%AD%E0%A4%A3%E0%A5%8D%E0%A4%A1%E0%A4%BE%E0%A4%B0&query_place_id=ChIJ-6ODtKca6zkRfaPf4hr-ruY",
    "searchPageUrl": "https://www.google.com/maps/search/vegetarian%20restaurant/@27.667695459098024,85.41290913650586,17z?hl=en",
    "searchString": "vegetarian restaurant",
    "language": "en",
    "rank": 4,
    "isAdvertisement": false,
    "imageUrl": "https://lh3.googleusercontent.com/p/AF1QipMsG2dD-OJ8qMCiASo9HPnGN_i2LSaMjgkjPtdL=w408-h306-k-no",
    "kgmid": "/g/1hc1dgysf"
  },
  {
    "title": "Goma Sweet House",
    "price": null,
    "categoryName": "Vegetarian restaurant",
    "address": "M9WF+VRW, Kathmandu 44600, Nepal",
    "neighborhood": "Thapagaon",
    "street": "M9WF+VRW",
    "city": "Kathmandu",
    "postalCode": null,
    "state": null,
    "countryCode": "NP",
    "phone": "+977 981-0303646",
    "phoneUnformatted": "+9779810303646",
    "claimThisBusiness": true,
    "location": {
      "lat": 27.697245,
      "lng": 85.3745832
    },
    "totalScore": 4.9,
    "permanentlyClosed": false,
    "temporarilyClosed": false,
    "placeId": "ChIJ326Vrzgb6zkRygzEqt_qem0",
    "categories": [
      "Vegetarian restaurant"
    ],
    "fid": "0x39eb1b38af956edf:0x6d7aeadfaac40cca",
    "cid": "7888875943656426698",
    "reviewsCount": 10,
    "imagesCount": 14,
    "imageCategories": [],
    "scrapedAt": "2025-11-14T09:51:27.718Z",
    "googleFoodUrl": null,
    "hotelAds": [],
    "openingHours": [
      {
        "day": "Monday",
        "hours": "6 AM to 8 PM"
      },
      {
        "day": "Tuesday",
        "hours": "6 AM to 8 PM"
      },
      {
        "day": "Wednesday",
        "hours": "6 AM to 8 PM"
      },
      {
        "day": "Thursday",
        "hours": "6 AM to 8 PM"
      },
      {
        "day": "Friday",
        "hours": "6 AM to 8 PM"
      },
      {
        "day": "Saturday",
        "hours": "6 AM to 8 PM"
      },
      {
        "day": "Sunday",
        "hours": "6 AM to 8 PM"
      }
    ],
    "peopleAlsoSearch": [],
    "placesTags": [],
    "reviewsTags": [],
    "additionalInfo": {
      "Service options": [
        {
          "Takeout": true
        },
        {
          "Dine-in": true
        }
      ],
      "Highlights": [
        {
          "Great tea selection": true
        }
      ],
      "Popular for": [
        {
          "Lunch": true
        },
        {
          "Solo dining": true
        }
      ],
      "Offerings": [
        {
          "Quick bite": true
        },
        {
          "Small plates": true
        },
        {
          "Vegetarian options": true
        }
      ],
      "Dining options": [
        {
          "Breakfast": true
        },
        {
          "Lunch": true
        },
        {
          "Dinner": true
        },
        {
          "Table service": true
        }
      ],
      "Amenities": [
        {
          "Restroom": true
        }
      ],
      "Atmosphere": [
        {
          "Casual": true
        }
      ],
      "Crowd": [
        {
          "Groups": true
        }
      ],
      "Children": [
        {
          "Good for kids": true
        }
      ]
    },
    "gasPrices": [],
    "url": "https://www.google.com/maps/search/?api=1&query=Goma%20Sweet%20House&query_place_id=ChIJ326Vrzgb6zkRygzEqt_qem0",
    "searchPageUrl": "https://www.google.com/maps/search/vegetarian%20restaurant/@27.64207399075676,85.43967040879893,17z?hl=en",
    "searchString": "vegetarian restaurant",
    "language": "en",
    "rank": 13,
    "isAdvertisement": false,
    "imageUrl": "https://lh3.googleusercontent.com/gps-cs-s/AG0ilSzKNFtDwpsySoe5dW3-BMC8sFNQO9De-MMV5-FNWjQnqE88IKfYYBHjKSBYLE9XGhD-ILnAm0E7MhGG-Zni7H_W6sizU0u4y9STm0TJiUL9oAEDNed7ieaCuLZwEOcjEppU6CPl=w533-h240-k-no",
    "kgmid": "/g/11tnwm2cfn"
  },
  {
    "title": "Sweet House",
    "price": null,
    "categoryName": "Vegetarian restaurant",
    "address": "M9PQ+23Q, Mills road, Madhyapur Thimi 44600, Nepal",
    "neighborhood": null,
    "street": "M9PQ+23Q, Mills road",
    "city": "Madhyapur Thimi",
    "postalCode": "44600",
    "state": null,
    "countryCode": "NP",
    "phone": "+977 980-4888812",
    "phoneUnformatted": "+9779804888812",
    "claimThisBusiness": true,
    "location": {
      "lat": 27.6850951,
      "lng": 85.3877417
    },
    "totalScore": 5,
    "permanentlyClosed": false,
    "temporarilyClosed": false,
    "placeId": "ChIJhcUlXwAb6zkRuKyx2icALO0",
    "categories": [
      "Vegetarian restaurant"
    ],
    "fid": "0x39eb1b005f25c585:0xed2c0027dab1acb8",
    "cid": "17090034857136991416",
    "reviewsCount": 3,
    "imagesCount": 1,
    "imageCategories": [],
    "scrapedAt": "2025-11-14T09:51:34.541Z",
    "googleFoodUrl": null,
    "hotelAds": [],
    "openingHours": [
      {
        "day": "Monday",
        "hours": "6:10 AM to 9:30 PM"
      },
      {
        "day": "Tuesday",
        "hours": "6:10 AM to 9:30 PM"
      },
      {
        "day": "Wednesday",
        "hours": "6:10 AM to 9:30 PM"
      },
      {
        "day": "Thursday",
        "hours": "6:10 AM to 9:30 PM"
      },
      {
        "day": "Friday",
        "hours": "6:10 AM to 9:30 PM"
      },
      {
        "day": "Saturday",
        "hours": "6:10 AM to 9:30 PM"
      },
      {
        "day": "Sunday",
        "hours": "6:10 AM to 9:30 PM"
      }
    ],
    "peopleAlsoSearch": [],
    "placesTags": [],
    "reviewsTags": [],
    "additionalInfo": {
      "Service options": [
        {
          "Takeout": true
        },
        {
          "Dine-in": true
        }
      ],
      "Popular for": [
        {
          "Solo dining": true
        }
      ],
      "Offerings": [
        {
          "Quick bite": true
        },
        {
          "Small plates": true
        },
        {
          "Vegetarian options": true
        }
      ],
      "Dining options": [
        {
          "Table service": true
        }
      ],
      "Amenities": [
        {
          "Restroom": true
        }
      ],
      "Atmosphere": [
        {
          "Casual": true
        }
      ],
      "Crowd": [
        {
          "Groups": true
        }
      ],
      "Children": [
        {
          "Good for kids": true
        }
      ]
    },
    "gasPrices": [],
    "url": "https://www.google.com/maps/search/?api=1&query=Sweet%20House&query_place_id=ChIJhcUlXwAb6zkRuKyx2icALO0",
    "searchPageUrl": "https://www.google.com/maps/search/vegetarian%20restaurant/@27.687713004621624,85.37957397800257,17z?hl=en",
    "searchString": "vegetarian restaurant",
    "language": "en",
    "rank": 2,
    "isAdvertisement": false,
    "imageUrl": "https://streetviewpixels-pa.googleapis.com/v1/thumbnail?panoid=Mx8CoaimPVh9JALy28eMsQ&cb_client=search.gws-prod.gps&w=408&h=240&yaw=60.94143&pitch=0&thumbfov=100",
    "kgmid": "/g/11y5v5spt3"
  },
  {
    "title": "Aakash sweets and chat house",
    "price": null,
    "categoryName": "Vegetarian restaurant",
    "address": "M9C7+PV9, Anantalingeshwar 44600, Nepal",
    "neighborhood": "Balkot",
    "street": "M9C7+PV9",
    "city": "Anantalingeshwar",
    "postalCode": "44600",
    "state": null,
    "countryCode": "NP",
    "claimThisBusiness": true,
    "location": {
      "lat": 27.67178,
      "lng": 85.3647074
    },
    "totalScore": 5,
    "permanentlyClosed": false,
    "temporarilyClosed": false,
    "placeId": "ChIJwQ_3YEAb6zkRN3nfbXqGYX8",
    "categories": [
      "Vegetarian restaurant"
    ],
    "fid": "0x39eb1b4060f70fc1:0x7f61867a6ddf7937",
    "cid": "9178765375945275703",
    "reviewsCount": 3,
    "imagesCount": 4,
    "imageCategories": [],
    "scrapedAt": "2025-11-14T09:51:34.542Z",
    "googleFoodUrl": null,
    "hotelAds": [],
    "openingHours": [
      {
        "day": "Monday",
        "hours": "8 AM to 7:30 PM"
      },
      {
        "day": "Tuesday",
        "hours": "8 AM to 7:30 PM"
      },
      {
        "day": "Wednesday",
        "hours": "8 AM to 7:30 PM"
      },
      {
        "day": "Thursday",
        "hours": "8 AM to 7:30 PM"
      },
      {
        "day": "Friday",
        "hours": "8 AM to 7:30 PM"
      },
      {
        "day": "Saturday",
        "hours": "8 AM to 7:30 PM"
      },
      {
        "day": "Sunday",
        "hours": "8 AM to 7:30 PM"
      }
    ],
    "peopleAlsoSearch": [],
    "placesTags": [],
    "reviewsTags": [],
    "additionalInfo": {
      "Service options": [
        {
          "Takeout": true
        },
        {
          "Dine-in": true
        }
      ],
      "Popular for": [
        {
          "Solo dining": true
        }
      ],
      "Offerings": [
        {
          "Quick bite": true
        },
        {
          "Small plates": true
        },
        {
          "Vegan options": true
        },
        {
          "Vegetarian options": true
        }
      ],
      "Dining options": [
        {
          "Lunch": true
        },
        {
          "Dessert": true
        },
        {
          "Table service": true
        }
      ],
      "Amenities": [
        {
          "Restroom": true
        }
      ],
      "Atmosphere": [
        {
          "Casual": true
        }
      ],
      "Crowd": [
        {
          "Groups": true
        }
      ],
      "Children": [
        {
          "Good for kids": true
        }
      ]
    },
    "gasPrices": [],
    "url": "https://www.google.com/maps/search/?api=1&query=Aakash%20sweets%20and%20chat%20house&query_place_id=ChIJwQ_3YEAb6zkRN3nfbXqGYX8",
    "searchPageUrl": "https://www.google.com/maps/search/vegetarian%20restaurant/@27.687713004621624,85.37957397800257,17z?hl=en",
    "searchString": "vegetarian restaurant",
    "language": "en",
    "rank": 14,
    "isAdvertisement": false,
    "imageUrl": "https://lh3.googleusercontent.com/gps-cs-s/AG0ilSx1ReZ54kNh9xZYuut-RjDJQBaGCOmvJtYPLkkWEI4NaKteoEGJQ1EwDD8zwy561KfkpnjA2Oi-Y54cEgc6lJYzPuLCw-9aYJJAhS8Gb7934yV876y9i44plglPnuyT8xRrjW8=w408-h550-k-no",
    "kgmid": "/g/11tngzf441"
  },
  {
    "title": "सिध्दिलक्ष्मी मिठाई भण्डार",
    "subTitle": "लक्ष्मी मिठाई भण्डार",
    "price": null,
    "categoryName": "Vegetarian restaurant",
    "address": "100 Araniko Highway, Suryabinayak 44800, Nepal",
    "neighborhood": "Sipadol",
    "street": "100 Araniko Highway",
    "city": "Suryabinayak",
    "postalCode": "44800",
    "state": null,
    "countryCode": "NP",
    "phone": "+977 1-6611118",
    "phoneUnformatted": "+97716611118",
    "claimThisBusiness": false,
    "location": {
      "lat": 27.6649522,
      "lng": 85.4256451
    },
    "totalScore": 3.6,
    "permanentlyClosed": false,
    "temporarilyClosed": false,
    "placeId": "ChIJ-6ODtKca6zkRfaPf4hr-ruY",
    "categories": [
      "Vegetarian restaurant"
    ],
    "fid": "0x39eb1aa7b483a3fb:0xe6aefe1ae2dfa37d",
    "cid": "16622502666099991421",
    "reviewsCount": 80,
    "imagesCount": 190,
    "imageCategories": [],
    "scrapedAt": "2025-11-14T09:52:19.724Z",
    "googleFoodUrl": null,
    "hotelAds": [],
    "openingHours": [
      {
        "day": "Monday",
        "hours": "6 AM to 8 PM"
      },
      {
        "day": "Tuesday",
        "hours": "6 AM to 8 PM"
      },
      {
        "day": "Wednesday",
        "hours": "6 AM to 8 PM"
      },
      {
        "day": "Thursday",
        "hours": "6 AM to 8 PM"
      },
      {
        "day": "Friday",
        "hours": "6 AM to 8 PM"
      },
      {
        "day": "Saturday",
        "hours": "6 AM to 8 PM"
      },
      {
        "day": "Sunday",
        "hours": "6 AM to 8 PM"
      }
    ],
    "peopleAlsoSearch": [],
    "placesTags": [],
    "reviewsTags": [],
    "additionalInfo": {
      "Service options": [
        {
          "Takeout": true
        },
        {
          "Dine-in": true
        }
      ],
      "Highlights": [
        {
          "Great dessert": true
        },
        {
          "Great tea selection": true
        }
      ],
      "Popular for": [
        {
          "Breakfast": true
        },
        {
          "Lunch": true
        },
        {
          "Solo dining": true
        }
      ],
      "Accessibility": [
        {
          "Wheelchair accessible parking lot": false
        },
        {
          "Wheelchair accessible seating": false
        }
      ],
      "Offerings": [
        {
          "Coffee": true
        },
        {
          "Quick bite": true
        },
        {
          "Small plates": true
        },
        {
          "Vegan options": true
        },
        {
          "Vegetarian options": true
        }
      ],
      "Dining options": [
        {
          "Breakfast": true
        },
        {
          "Lunch": true
        },
        {
          "Dinner": true
        },
        {
          "Dessert": true
        },
        {
          "Table service": true
        }
      ],
      "Amenities": [
        {
          "Gender-neutral restroom": true
        },
        {
          "Restroom": true
        }
      ],
      "Atmosphere": [
        {
          "Casual": true
        },
        {
          "Trendy": true
        }
      ],
      "Crowd": [
        {
          "Family-friendly": true
        },
        {
          "Groups": true
        },
        {
          "Tourists": true
        }
      ],
      "Payments": [
        {
          "Cash-only": true
        }
      ],
      "Children": [
        {
          "Good for kids": true
        }
      ]
    },
    "gasPrices": [],
    "url": "https://www.google.com/maps/search/?api=1&query=%E0%A4%B8%E0%A4%BF%E0%A4%A7%E0%A5%8D%E0%A4%A6%E0%A4%BF%E0%A4%B2%E0%A4%95%E0%A5%8D%E0%A4%B7%E0%A5%8D%E0%A4%AE%E0%A5%80%20%E0%A4%AE%E0%A4%BF%E0%A4%A0%E0%A4%BE%E0%A4%88%20%E0%A4%AD%E0%A4%A3%E0%A5%8D%E0%A4%A1%E0%A4%BE%E0%A4%B0&query_place_id=ChIJ-6ODtKca6zkRfaPf4hr-ruY",
    "searchPageUrl": "https://www.google.com/maps/search/vegetarian%20restaurant/@27.672500000000003,85.42249999999997,17z?hl=en",
    "searchString": "vegetarian restaurant",
    "language": "en",
    "rank": 7,
    "isAdvertisement": false,
    "imageUrl": "https://lh3.googleusercontent.com/p/AF1QipMsG2dD-OJ8qMCiASo9HPnGN_i2LSaMjgkjPtdL=w408-h306-k-no",
    "kgmid": "/g/1hc1dgysf"
  }
]