[
  {
    "title": "T K wine shop",
    "price": null,
    "categoryName": "Wine bar",
    "address": "P92J+CH5, Kathmandu 44600, Nepal",
    "neighborhood": "Thapagaon",
    "street": "P92J+CH5",
    "city": "Kathmandu",
    "postalCode": "44600",
    "state": null,
    "countryCode": "NP",
    "phone": "+977 986-0859748",
    "phoneUnformatted": "+9779860859748",
    "claimThisBusiness": true,
    "location": {
      "lat": 27.7010101,
      "lng": 85.3814834
    },
    "totalScore": 3.9,
    "permanentlyClosed": false,
    "temporarilyClosed": false,
    "placeId": "ChIJb_ABY3Ib6zkRktRnBkVfUQI",
    "categories": [
      "Wine bar"
    ],
    "fid": "0x39eb1b726301f06f:0x2515f450667d492",
    "cid": "167019411254269074",
    "reviewsCount": 14,
    "imagesCount": 11,
    "imageCategories": [],
    "scrapedAt": "2025-11-14T09:51:59.453Z",
    "googleFoodUrl": null,
    "hotelAds": [],
    "openingHours": [
      {
        "day": "Monday",
        "hours": "Open 24 hours"
      },
      {
        "day": "Tuesday",
        "hours": "Open 24 hours"
      },
      {
        "day": "Wednesday",
        "hours": "Open 24 hours"
      },
      {
        "day": "Thursday",
        "hours": "Open 24 hours"
      },
      {
        "day": "Friday",
        "hours": "Open 24 hours"
      },
      {
        "day": "Saturday",
        "hours": "Open 24 hours"
      },
      {
        "day": "Sunday",
        "hours": "Open 24 hours"
      }
    ],
    "peopleAlsoSearch": [],
    "placesTags": [],
    "reviewsTags": [],
    "additionalInfo": {
      "Service options": [
        {
          "Delivery": true
        },
        {
          "Takeout": true
        }
      ],
      "Offerings": [
        {
          "Alcohol": true
        },
        {
          "Hard liquor": true
        },
        {
          "Wine": true
        }
      ],
      "Amenities": [
        {
          "Restroom": true
        }
      ],
      "Atmosphere": [
        {
          "Casual": true
        }
      ],
      "Crowd": [
        {
          "Groups": true
        }
      ]
    },
    "gasPrices": [],
    "url": "https://www.google.com/maps/search/?api=1&query=T%20K%20wine%20shop&query_place_id=ChIJb_ABY3Ib6zkRktRnBkVfUQI",
    "searchPageUrl": "https://www.google.com/maps/search/bar/@27.695319506932435,85.38815918240205,17z?hl=en",
    "searchString": "bar",
    "language": "en",
    "rank": 3,
    "isAdvertisement": false,
    "imageUrl": "https://lh3.googleusercontent.com/gps-cs-s/AG0ilSyC7dIqRGcyE_GS03nWZBEgBzRdGuCie-JqDiR3ewjTLvjH-gFdIGBTh_etbHF7PNfLv0tmS1z_MOKCtg86ZlwC-zZSB4xyA4tBNjtvNVLp02817e_JRKWEdBmBh4l9ECxl_sSe=w426-h240-k-no",
    "kgmid": "/g/11j0b11wjp"
  }
]