name,lat,lng,category,final_weight,rank,filled_rank
थालाछें बचत तथा ऋण सहकारी संस्था लिमिटेड,27.6742856,85.4327744,Cooperative bank,0.29608995615329614,45,45.0
Paripurna Multipurpose Co. Ltd,27.6738729,85.4272013,Cooperative bank,0.2404255319218349,47,47.0
Subhakamana Saving and Credit Cooperatives Ltd. Byasi Service Counter,27.6754579,85.4297438,Cooperative bank,0.2402777777845775,48,48.0
Kantipur Saving and Credit Co-operative Limited - Radhe Radhe,27.6758124,85.3974005,Cooperative bank,0.4451835650087344,4,4.0
Surya Sandesh Co-operative,27.701128,85.3812477,Cooperative bank,0.30455556462677896,21,21.0
Agricultural Development SACCOS,27.67436,85.370524,Cooperative bank,0.36255028267996675,18,18.0
Sakchhyam Saving & Credit Co-operative Ltd. सक्षम सहकारी,27.6737761,85.3648729,Cooperative bank,0.2974544785717484,38,38.0
हिमशिखर बहुउद्देश्यीय सहकारी,27.6742155,85.374263,Cooperative bank,0.29608995615329614,45,45.0
Suryadev Multipurpose,27.6743655,85.370781,Cooperative bank,0.2396226415156046,53,53.0
Pabitra Halesi Dham Saving and Credit,27.6735006,85.3726426,Cooperative bank,0.23939393939988982,55,55.0
Annapurna Multiple Co-Op,27.6744163,85.3736109,Cooperative bank,0.3268068906375212,58,58.0
Siddhikali Saving & Credit Co operative Ltd. सिद्धिकाली बचत तथा ऋण सहकारी संस्था लिमिटेड,27.6806014,85.3849576,Cooperative bank,0.3448692880267242,14,14.0
Upakar SACCOS,27.6826758,85.3852013,Cooperative bank,0.30102822776288,27,27.0
Jyotipunja Multipurpose Co-op,27.6982433,85.3728828,Cooperative bank,0.33494865309729066,24,24.0
Bhaktapur District SACCOS,27.6641754,85.4295811,Cooperative bank,0.3488375419983323,12,12.0
Kuber Saccos,27.6675869,85.423819,Cooperative bank,0.3386036238608348,19,19.0
"Shankhadhar Saccos (SHANKHADHAR SAVINGS AND CREDIT CO-OPERATIVE LTD,)",27.6730676,85.3859352,Cooperative bank,0.25714285716496593,14,14.0
"Takuba Chowk, Madhyapur Thimi-5 Bhaktapur",27.673714,85.3915723,Cooperative bank,0.24285714286639457,35,35.0
chitizmultipurposesaving,27.6634863,85.4209781,Cooperative bank,0.25000000001583333,20,20.0
Jimmewari Multipurpose Co-operative Ltd.,27.6657895,85.4212289,Cooperative bank,0.29820635827170716,35,35.0
Sarbashree SAAKOSH,27.6642456,85.4211767,Cooperative bank,0.24234234235110785,37,37.0
Samyukta Multipurpose Cooperative Ltd.,27.6652346,85.4271415,Cooperative bank,0.24090909091649448,44,44.0
Sukunda Saving & Credit Co-operative,27.6666377,85.435941,Cooperative bank,0.3257195858086048,9,9.0
Ambe Savings & Credit Co-operative Ltd,27.6698038,85.4378043,Cooperative bank,0.31646032654188666,12,12.0
Susandesh Multipurpose Co-operative Limited,27.6661946,85.4375785,Cooperative bank,0.34189309754795616,16,16.0
Samuhik SACCOS,27.6703149,85.4279855,Cooperative bank,0.29592892555732897,46,46.0
Bhaktapur Jilla Bachat Sangh,27.6709939,85.4298429,Cooperative bank,0.3143235744033402,13,13.0
"Sangam Saccos , Bhaktapur",27.669264,85.4291882,Cooperative bank,0.24408602151578215,31,31.0
NMB Bank Limited,27.6724355,85.4315571,Bank,0.8581434925065716,1,1.0
Mega Bank Nepal,27.6726474,85.4311074,Bank,0.5877264309450916,2,2.0
Laxmi Sunrise Bank Ltd. Bhaktapur Branch (SukulDhoka),27.6726204,85.4311066,Bank,0.7133298810527494,3,3.0
Himalayan Bank Limited,27.671919,85.430089,Bank,0.6704407438068628,4,4.0
Century Bank (Sukuldhoka Bhaktapur Branch),27.6726404,85.4309344,Bank,0.48772643091509155,5,5.0
Kumari Bank Ltd. Byasi Branch,27.6756102,85.4303872,Bank,0.6023492426144478,7,7.0
Global IME Bank Limited,27.6771552,85.4365291,Bank,0.5475024773487922,11,11.0
"Durbar ATM Lounge ,Bhaktapur- Durbar Square",27.6719257,85.4286371,Bank,0.5041867574036448,12,12.0
NIC ASIA Bank And ATM,27.674665,85.4277391,Bank,0.4143235744033402,13,13.0
Jyoti Bikash Bank Limited,27.671153,85.4381233,Bank,0.5380327803710783,16,16.0
Agricultural Development Bank Ltd. Bhaktapur Branch,27.6719441,85.4227128,Bank,0.5680951810106675,18,18.0
Khwpoa Savings and Credit Cooperatives,27.6751856,85.4296607,Bank,0.405349215421146,20,20.0
Rastriya Banijya Bank ( राष्ट्रिय वाणिज्य बैङ्क ),27.6756611,85.4372588,Bank,0.48875465862463824,27,27.0
Shangri-la Development Bank Limited,27.6773768,85.4372607,Bank,0.48831374151664564,28,28.0
Kumari Bank (Ittachhen-Napukhu Bhaktapur Branch),27.672056,85.4232274,Bank,0.5421748616824745,32,32.0
Lumbini Bikas Bank,27.6897936,85.390028,Bank,0.8505327803515471,1,1.0
Jyoti Bikash Bank,27.6895755,85.3896886,Bank,0.5877264309450916,2,2.0
Mega Bank,27.696744,85.3799726,Bank,0.5729613427980863,3,3.0
Mega Bank Nepal Limited,27.6835222,85.387396,Bank,0.6634927079743843,4,4.0
Siddhartha Bank Limited,27.6898482,85.3901424,Bank,0.528516898332901,5,5.0
Citizens Bank,27.6823239,85.3890812,Bank,0.6604814334818238,6,6.0
Sanima Bank,27.6894076,85.3894665,Bank,0.43034921544177096,8,8.0
NCC Bank,27.6836762,85.3876063,Bank,0.49888726868286,9,9.0
"Shangri-la Development Bank, Thimi Branch",27.6846577,85.3877557,Bank,0.5390892253874283,11,11.0
NIC ASIA Bank Kadaghari Branch,27.6954375,85.3731875,Bank,0.6093296326539924,15,15.0
Siddhartha Bank Limited,27.6759111,85.3979997,Bank,0.5804045279477741,16,16.0
Nepal Bank Limited Naya Thimi Branch,27.6732234,85.3804148,Bank,0.6454840424045665,17,17.0
Rastriya Banijya Bank,27.6821235,85.3742128,Bank,0.6197626295333075,19,19.0
Global IME Bank,27.6729549,85.3856529,Bank,0.6242108787596415,20,20.0
Sambhawana Saving and Credit Ltd.,27.6900901,85.3839157,Bank,0.5043930975909249,4,4.0
NIC ASIA Bank Limited,27.6833357,85.3873207,Bank,0.4896280094161418,12,12.0
Prabhu Bank Limited Naya Thimi Branch,27.6735673,85.3854225,Bank,0.6380684572658967,16,16.0
Siddhartha Bank | Gatthaghar,27.6742271,85.3730892,Bank,0.6603833113284963,17,17.0
Himalayan Bank Limited,27.6744277,85.3691712,Bank,0.6413458633721323,19,19.0
Nabil Bank Limited Kaushaltar Branch,27.6746462,85.3666562,Bank,0.6833333333491667,20,20.0
Himalayan Bank Limited ATM,27.675465,85.397539,Bank,0.5000000000833333,2,2.0
Kumari Bank Limited,27.6799691,85.3992441,Bank,0.528516898332901,5,5.0
Sabya Samaj Multi purpose cooperative Ltd,27.67737,85.3977245,Bank,0.5174057872147529,6,6.0
NIC ASIA Bank Limited,27.6768947,85.3980488,Bank,0.5971957101345233,7,7.0
NIC ASIA Bank Radhe Radhe Branch,27.6754596,85.3975881,Bank,0.49888726868286,9,9.0
"Kamana Sewa Bikas Bank Ltd, Radhe Radhe Branch",27.6763452,85.3979254,Bank,0.5327143129126045,10,10.0
"Rastriya Banijya Bank, Thimi Branch",27.6731916,85.3873655,Bank,0.5125277494650969,14,14.0
Nabil Bank Limited Thimi Branch,27.6842048,85.3874096,Bank,0.3555555555762963,15,15.0
National Cooperative Bank,27.6735056,85.3854448,Bank,0.49395283926614747,19,19.0
Trishna Saving And Credit Co-Operative,27.681657,85.3915089,Bank,0.3472222222355324,24,24.0
Suryamukhi Saving And Credit Co-operative Ltd.,27.68296,85.3894706,Bank,0.34666666667946666,25,25.0
Citizens Bank Suryabinayak Branch,27.6653521,85.4263555,Bank,0.6430756463504042,2,2.0
Rastriya Banijya Bank,27.6651531,85.4278333,Bank,0.7133298810527494,3,3.0
Global IME Bank Limited,27.6659625,85.4247031,Bank,0.717035903117448,5,5.0
Prabhu Bank Limited,27.6659967,85.4234236,Bank,0.685425188883956,6,6.0
NIC ASIA Bank Bhaktapur Branch,27.6658125,85.4263281,Bank,0.6883945158326509,7,7.0
Nepal Bank Ltd. Kamalbinayak Bhaktapur Branch,27.6785223,85.4404204,Bank,0.6181113231983475,8,8.0
Nepal Investment Bank Limited,27.6651875,85.4256875,Bank,0.6874062734674068,9,9.0
Mega Bank Nepal,27.675171,85.4406628,Bank,0.45439309755842494,10,10.0
Nepal Bank ltd. Suryabinayak Ghalate,27.6656829,85.4212152,Bank,0.4743347944745371,11,11.0
Sanima Bank Ltd. Suryabinayak Branch,27.6656625,85.4273906,Bank,0.6353219898803822,12,12.0
Everest Bank Ltd. Bhaktapur Branch,27.6654375,85.4233906,Bank,0.6464163963648472,18,18.0
"National Microfinance, Sipadole Branch",27.6608876,85.4462192,Bank,0.455349215458646,5,5.0
Simal Saving & Credit Co Operative Ltd,27.6451028,85.4427152,Bank,0.7220158820719793,1,1.0
Nepal Bank Limited,27.6715784,85.4223191,Bank,0.4686788118549556,7,7.0
Nabil Bank Suryabinayak Branch,27.6654125,85.4229844,Bank,0.6134816935651813,9,9.0
Machhapuchhre Bank,27.6655125,85.4228594,Bank,0.49215326194347964,11,11.0
Mega Bank Nepal Limited,27.6730038,85.3853933,Bank,0.6162433291946593,5,5.0
Prime Commercial Bank Ltd. Gatthaghar Branch,27.6741015,85.3747911,Bank,0.6470357041039535,7,7.0
Machhapuchchhre Bank Limited,27.673083,85.3827282,Bank,0.6101194550042014,8,8.0
Kumari Bank Limited,27.6737574,85.3726543,Bank,0.6095856994934852,9,9.0
NMB Bank Limited,27.6736921,85.3735331,Bank,0.6496857230804898,14,14.0
Prime Bikas Bank,27.6731368,85.3863172,Bank,0.5109404478764272,15,15.0
Agricultural Development Bank Limited,27.6742161,85.3726825,Bank,0.5525915283585814,16,16.0
NIC ASIA Bank Balkot Branch,27.6654417,85.3662755,Bank,0.5910671809595346,18,18.0
"Sanima Bank, Gathhagar Branch",27.6743583,85.3708735,Bank,0.5900925220892697,19,19.0
"Sanima Bank ,Thimi Branch",27.6732068,85.3873588,Bank,0.5414768258557384,20,20.0
Simal SACCOS,27.654067,85.4600435,Bank,0.7220158820719793,1,1.0
Sanima Bank Balkot Branch,27.6654177,85.3666323,Bank,0.5877264309450916,2,2.0
Mega Bank,27.6703413,85.3648844,Bank,0.6198973062420349,3,3.0
Nepal Investment Bank Limited,27.6742302,85.3649806,Bank,0.6565216629374339,9,9.0
Laxmi Bank Limited Kaushaltar Branch,27.6746046,85.3669265,Bank,0.6212767615956523,12,12.0
Lumbini Bikas Bank,27.6741774,85.3643236,Bank,0.5504511848379326,13,13.0
Prabhu Bank Limited,27.6747078,85.3651556,Bank,0.6110428434581548,19,19.0
Khalpitar Saving & Credit Co-operative Ltd.,27.6648452,85.3715479,Bank,0.5232789486939008,23,23.0
Kumari Bank Limited,27.6659625,85.4245781,Bank,0.5390892253874283,11,11.0
NMB Bank Limited,27.6654375,85.4246875,Bank,0.616008155557163,13,13.0
"Muktinath Bikas Bank Limited, Suryabinayak Branch",27.6653125,85.4254375,Bank,0.5125277494650969,14,14.0
Himalayan Bank ATM,27.6744449,85.3691812,Bank,0.5097423129637375,10,10.0
Bihani Saving And Creadit Co-operative,27.6745604,85.3742347,Bank,0.43058357372815276,35,35.0
Maitriya Saving & Credit Co-operative Limited,27.6695908,85.3660235,Bank,0.4498797173660782,57,57.0
Global IME Bank Limited,27.6785213,85.481423,Bank,0.7543930975284249,1,1.0
NIC ASIA Bank Limited,27.6825103,85.410853,Bank,0.5714831017504323,10,10.0
Subha dibyashwori,27.6820579,85.3868757,Bank,0.39979365986049786,30,30.0
Manohara Bachat Tatha Rin Sahakari,27.7050875,85.4056406,Bank,0.7220158820719793,1,1.0
शुभ श्री बचत तथा ऋण सहकारी संस्था लि.,27.6984764,85.3730711,Bank,0.4355525178321426,23,23.0
Garima Bikash Bank Ltd,27.6659465,85.4249225,Bank,0.4814580747686104,17,17.0
Sahakali Saving & Credit Co-operative Ltd.,27.6971616,85.3705532,Bank,0.4300687732128661,37,37.0
Laxmi sunrise bank,27.6737868,85.3798809,Bank,0.37500000003645834,8,8.0
karya binayak saving and credit co-operative limited,27.6727344,85.3854477,Bank,0.39794180800690726,36,36.0
Nawa Adarsha Saving & Credit cooperative Ltd.,27.6731854,85.3868984,Bank,0.4300687732128661,37,37.0
Nerudo Rural Development Organization (NERUDO) Gothatar,27.6994338,85.3746301,Bank,0.40455556462677905,21,21.0
गुण बचत तथा ऋण सहकारी संस्था लिमिटेड,27.6651643,85.4276832,Bank,0.34259259260159464,36,36.0
"Siddhartha Bank Ltd. Kamalbinayak, Chyamhasingh Branch",27.6735949,85.439405,Bank,0.6908775454729748,4,4.0
Muktinath Bikas Bank Limited,27.6779053,85.4379807,Bank,0.5442737812353161,6,6.0
Prime Bank Chyamasingh Bhaktapur,27.6725038,85.4380771,Bank,0.4488375419983323,12,12.0
Mahalaxmi Bikas Bank Limited,27.6776007,85.4378384,Bank,0.48749125727759535,13,13.0
National Cooperative Bank Limited,27.6779441,85.4387091,Bank,0.4124920725702786,14,14.0
NIC Asia Bank ATM,27.6777106,85.4380782,Bank,0.4418930975479562,16,16.0
Central Finance Ltd.,27.6736591,85.4397548,Bank,0.5189888227049805,17,17.0
Bhaktapur Bachat,27.6745358,85.4390908,Bank,0.5347433066839571,19,19.0
प्राइम कमर्सियल बैंक लिमिटेड,27.6656426,85.4298249,Bank,0.5303848923365893,8,8.0
Kumari Bank,27.6684141,85.4371154,Bank,0.4773650975072919,10,10.0
Kamana sewa bikas bank,27.6666607,85.4361769,Bank,0.41090477098160894,15,15.0
Nepal SBI Bank Ltd.,27.671412,85.4092883,Bank,0.94586992336833,1,1.0
Nabil Bank Limited - Bhaktapur Branch,27.66993,85.4101356,Bank,0.7162433292246594,2,2.0
"Laxmi Sunrise Bank, Sallaghari Branch",27.6716123,85.4093394,Bank,0.6912704857637362,3,3.0
Prime Commercial Bank Ltd.,27.6705506,85.410454,Bank,0.5273650975397919,4,4.0
Nabil Bank Duwakot Branch,27.6786722,85.4087069,Bank,0.5966082316648683,9,9.0
Parijat Saving & Credit Cooperative Ltd.,27.6694847,85.4082208,Bank,0.4757391205151002,24,24.0
Heet Saving & Credit Co-operative,27.6678874,85.4370585,Bank,0.5106984308639585,5,5.0
Sharad Saving Co-operative,27.6681888,85.4368902,Bank,0.44670078985978584,13,13.0
Jaya Bhawani SACCOS,27.6673168,85.4153143,Bank,0.3434343434441383,33,33.0
Central Finance Limited,27.6719659,85.4089316,Bank,0.37500000003645834,8,8.0
Siddhartha Bank Gapali Suryabinayak,27.6676367,85.4265248,Bank,0.5254528617393498,20,20.0
Aastha Saving and Credit Society Ltd. आस्था वचत तथा ऋण सहकारी संस्था लि.,27.669582,85.4281537,Bank,0.3412698412775888,42,42.0
